Employee_ID,Employee_Name,Manager_Employee_ID,Gender,Date_Of_Birth,Department,Designation,Region_Location,Source_Of_Hiring,Cost_Per_Hire,Experience_Type,Date_Of_Joining,Last_Working_Date,Total_Working_Days,Days_Present,Sick_Leaves_Taken,Casual_Leaves_Taken,Unplanned_Absences,Late_Arrival_Count,Reason_For_Leaving,Employment_Status,Work_Mode,Transportation_Type,Annual_CTC,Training_Hours,Overtime_Hours,Productivity_Score,KPI_Achievement_Rate,Engagement_Score,Satisfaction_Score,Flight_Risk_Indicator,Performance_Rating,Age,Total_Absences,Tenure_Years
EMP-0001,Sanjay Reddy,DIR-0001,Male,1996-06-02,Technology,Executive,South - Bangalore,Naukri,0.0,Fresher,2022-04-04,,240,225.0,5.0,7.0,3.0,7.0,Not Applicable(Active Employee),Active,Hybrid,Own Vehicle,16.32,52.0,22.0,62.0,65.0,2.0,4.0,High,3.0,30,15.0,4.5
EMP-0002,Pradeep Rao,EMP-0100,Male,1976-09-08,Technology,Executive,West - Mumbai,Company Career Site,0.0,Fresher,2024-04-05,2024-10-06,240,221.0,7.0,4.0,8.0,11.0,Involuntary - Restructuring,Inactive,Hybrid,Own Vehicle,26.79,21.0,33.0,47.0,50.0,6.0,1.0,High,3.0,50,19.0,0.5
EMP-0003,Rajesh Iyer,DIR-0001,Male,1998-09-27,Sales,Manager,South - Chennai,Naukri,0.0,Experienced,2024-02-22,,240,232.0,3.0,5.0,0.0,2.0,Not Applicable(Active Employee),Active,Work From Home,Own Vehicle,21.43,71.0,7.0,60.0,65.0,4.0,4.0,Low,3.0,28,8.0,2.6
EMP-0004,Ananya Reddy,EMP-0350,Female,1975-03-02,Operations,Assistant Manager,West - Mumbai,Naukri,0.0,Experienced,2022-04-21,,240,227.0,6.0,7.0,0.0,1.0,Not Applicable(Active Employee),Active,Onsite,Company Cab,18.17,89.0,20.0,72.0,69.0,8.0,3.0,Low,4.0,51,13.0,4.4
EMP-0005,Karthik Iyer,EMP-0320,Male,1984-05-02,Technology,Senior Executive,East - Kolkata,LinkedIn,0.0,Experienced,2020-08-21,2022-03-03,240,221.0,7.0,5.0,7.0,16.0,Relocation / Personal Reasons,Resigned,Work From Home,Public Transport,7.32,97.0,33.0,68.0,73.0,6.0,1.0,High,2.0,42,19.0,1.5
EMP-0006,Kavitha Rao,EMP-0010,Male,1979-04-11,Human Resources,Senior Executive,South - Bangalore,Employee Referral,2500.0,Experienced,2023-09-22,,240,219.0,6.0,8.0,7.0,19.0,Not Applicable(Active Employee),Active,Onsite,Own Vehicle,7.32,92.0,3.0,68.0,71.0,9.0,1.0,High,3.0,47,21.0,3.0
EMP-0007,Pradeep Joshi,EMP-0050,Male,2002-01-07,Technology,Executive,South - Bangalore,LinkedIn,0.0,Experienced,2024-04-03,,240,212.0,14.0,7.0,7.0,15.0,Not Applicable(Active Employee),Active,Onsite,Company Cab,16.32,17.0,24.0,56.0,55.0,3.0,2.0,High,4.0,24,28.0,2.5
EMP-0008,Sneha Joshi,EMP-0160,Male,2001-03-18,Sales,Executive,South - Bangalore,Naukri,0.0,Fresher,2022-08-01,,240,228.0,6.0,6.0,0.0,3.0,Not Applicable(Active Employee),Active,Hybrid,Company Cab,24.72,30.0,14.0,64.0,61.0,7.0,3.0,High,2.0,25,12.0,4.1
EMP-0009,Lakshmi Reddy,DIR-0001,Female,1975-11-21,Sales,Manager,South - Chennai,LinkedIn,0.0,Experienced,2019-05-02,2019-05-10,240,214.0,12.0,6.0,8.0,10.0,Involuntary - Performance,Inactive,Onsite,Own Vehicle,18.23,90.0,3.0,65.0,71.0,4.0,1.0,High,2.0,51,26.0,0.0
EMP-0010,Vikram Patel,EMP-0010,Male,1989-10-04,Human Resources,Assistant Manager,South - Bangalore,Naukri,0.0,Experienced,2022-07-14,,240,212.0,9.0,10.0,9.0,9.0,Not Applicable(Active Employee),Active,Onsite,Company Cab,20.85,96.0,44.0,55.0,63.0,5.0,2.0,High,3.0,37,28.0,4.2
EMP-0011,Karthik Iyer,EMP-0350,Male,1978-07-22,Operations,Senior Executive,North - Delhi,Recruitment Agency,6250.0,Experienced,2021-02-16,,240,221.0,7.0,7.0,5.0,13.0,Not Applicable(Active Employee),Active,Hybrid,Own Vehicle,16.32,89.0,11.0,72.0,0.76,6.0,1.0,High,2.0,48,19.0,5.6
EMP-0012,Kavitha Venkatesh,DIR-0001,Female,1982-08-15,Technology,Manager,North - Delhi,Naukri,0.0,Experienced,2018-11-02,,240,226.0,4.0,8.0,2.0,1.0,Not Applicable(Active Employee),Active,Hybrid,Public Transport,27.26,79.0,31.0,71.0,67.0,8.0,4.0,High,3.0,44,14.0,7.9
EMP-0013,Meera Patel,EMP-0160,Female,1998-05-12,Sales,Executive,South - Bangalore,Recruitment Agency,6250.0,Fresher,2022-05-17,,240,214.0,13.0,8.0,5.0,22.0,Not Applicable(Active Employee),Active,Onsite,Own Vehicle,16.32,81.0,31.0,0.67,65.0,9.0,1.0,High,4.0,28,26.0,4.3
EMP-0014,Sanjay Reddy,EMP-0260,Female,1972-12-09,Finance,Senior Executive,South - Bangalore,Company Career Site,0.0,Experienced,2022-05-29,2023-01-28,240,212.0,12.0,4.0,12.0,12.0,Work-Life Balance / Burnout,Inactive,Onsite,Own Vehicle,8.7,34.0,27.0,63.0,63.0,6.0,2.0,High,3.0,54,28.0,0.7
EMP-0015,Anitha Patel,EMP-0300,Male,1978-08-20,Operations,Team Lead,South - Bangalore,Employee Referral,5000.0,Experienced,2022-05-29,,240,222.0,6.0,10.0,2.0,4.0,Not Applicable(Active Employee),Active,Onsite,Company Cab,9540.0,91.0,12.0,66.0,77.0,7.0,3.0,Medium,3.0,48,18.0,4.3
EMP-0016,Priya Reddy,EMP-0300,Female,1984-04-11,Operations,Executive,South - Chennai,Recruitment Agency,6250.0,Experienced,2021-08-19,2023-04-21,240,222.0,5.0,4.0,7.0,20.0,Better Career Growth,Inactive,Onsite,Own Vehicle,7.99,98.0,30.0,78.0,80.0,1.0,1.0,High,1.0,42,16.0,1.7
EMP-0017,Anitha Patel,EMP-0100,Female,1994-03-31,Technology,Executive,South - Bangalore,Company Career Site,0.0,Fresher,2018-06-21,,240,219.0,10.0,4.0,7.0,21.0,Not Applicable(Active Employee),Active,Onsite,Company Cab,10.95,21.0,13.0,71.0,72.0,9.0,2.0,High,5.0,32,21.0,8.2
EMP-0018,Manoj Nair,EMP-0100,Male,1987-07-21,Technology,Executive,West - Mumbai,LinkedIn,0.0,Fresher,2024-04-19,,240,218.0,7.0,7.0,8.0,15.0,Not Applicable(Active Employee),Active,Hybrid,Company Cab,16.36,24.0,19.0,47.0,50.0,5.0,1.0,High,4.0,39,22.0,2.4
EMP-0019,Anitha Singh,EMP-0050,Female,1995-05-03,Technology,Assistant Manager,North - Delhi,Company Career Site,0.0,Experienced,2020-08-04,,240,215.0,11.0,5.0,9.0,7.0,Not Applicable(Active Employee),Active,Onsite,Own Vehicle,16.32,68.0,17.0,65.0,64.0,7.0,1.0,High,3.0,31,25.0,6.1
EMP-0020,Ananya Reddy,EMP-0120,Female,1984-02-10,Engineering,Assistant Manager,South - Bangalore,Employee Referral,5000.0,Experienced,2024-05-13,,240,226.0,3.0,9.0,2.0,2.0,Not Applicable(Active Employee),Active,Onsite,Company Cab,10.64,35.0,28.0,58.0,54.0,5.0,3.0,Medium,2.0,42,14.0,2.4
EMP-0021,Lakshmi Iyer,EMP-0350,Female,1976-09-16,Operations,Team Lead,South - Chennai,Campus Drive,6250.0,Experienced,2023-02-24,,240,224.0,6.0,9.0,1.0,4.0,Not Applicable(Active Employee),Active,Onsite,Company Cab,16.32,35.0,5.0,53.0,50.0,8.0,3.0,Medium,3.0,50,16.0,3.6
EMP-0022,Rajesh Joshi,EMP-0100,Male,1977-01-26,Technology,Team Lead,West - Mumbai,Company Career Site,0.0,Experienced,2022-11-11,2023-09-09,240,227.0,3.0,7.0,3.0,5.0,Relocation / Personal Reasons,Inactive,Onsite,Company Cab,6.92,56.0,31.0,72.0,76.0,5.0,3.0,High,3.0,49,13.0,0.8
EMP-0023,Arun Sharma,EMP-0350,Male,1999-01-19,Operations,Team Lead,North - Delhi,LinkedIn,0.0,Experienced,2023-12-08,2024-04-20,240,212.0,14.0,5.0,9.0,21.0,Better Compensation & Benefits,Inactive,Onsite,Company Cab,10.66,41.0,28.0,67.0,65.0,8.0,2.0,High,2.0,27,28.0,0.4
EMP-0024,Vijay Rao,EMP-0100,Male,1974-02-14,Technology,Senior Executive,South - Chennai,Naukri,0.0,Experienced,2018-05-06,,240,225.0,6.0,5.0,4.0,20.0,Not Applicable(Active Employee),Active,Onsite,Company Cab,12.48,19.0,42.0,56.0,56.0,4.0,1.0,High,4.0,52,15.0,8.4
EMP-0025,Anitha Rao,EMP-0140,Female,1988-07-27,Engineering,Senior Executive,North - Delhi,Employee Referral,0.0,Fresher,2022-01-26,,240,227.0,4.0,7.0,2.0,2.0,Not Applicable(Active Employee),Active,Hybrid,Company Cab,16.32,25.0,1.0,0.51,62.0,6.0,3.0,Medium,3.0,38,13.0,4.6
EMP-0026,Pooja Kumar,DIR-0001,Male,1983-05-31,Human Resources,Manager,South - Bangalore,LinkedIn,0.0,Experienced,2022-01-26,,240,214.0,9.0,8.0,9.0,11.0,Not Applicable(Active Employee),Active,Work From Home,Company Cab,16.32,80.0,22.0,63.0,71.0,5.0,2.0,High,0.0,43,26.0,4.6
EMP-0027,Kavitha Sharma,EMP-0100,Female,1995-01-28,Technology,Senior Executive,South - Chennai,LinkedIn,0.0,Experienced,2022-01-26,,240,225.0,5.0,7.0,3.0,3.0,Not Applicable(Active Employee),Active,Onsite,Company Cab,8.39,26.0,18.0,52.0,51.0,4.0,4.0,Low,3.0,31,15.0,4.6
EMP-0028,Ananya Singh,DIR-0001,Male,1996-08-13,Technology,Manager,South - Bangalore,LinkedIn,0.0,Experienced,2022-11-03,,240,230.0,4.0,5.0,1.0,5.0,Not Applicable(Active Employee),Active,Hybrid,Own Vehicle,16.1,32.0,30.0,64.0,62.0,6.0,5.0,Low,2.0,30,10.0,3.9
EMP-0029,Pooja Venkatesh,EMP-0300,Female,1993-12-06,Operations,Assistant Manager,South - Chennai,LinkedIn,0.0,Experienced,2023-09-11,,240,224.0,6.0,7.0,3.0,6.0,Not Applicable(Active Employee),Active,Onsite,Company Cab,21612.0,35.0,4.0,62.0,65.0,5.0,3.0,Medium,2.0,33,16.0,3.0
EMP-0030,Pooja Rao,EMP-0050,Female,1971-11-17,Technology,Executive,East - Kolkata,Walk-In,0.0,Fresher,2021-05-24,2023-08-16,240,229.0,3.0,5.0,3.0,2.0,Involuntary - Performance,Inactive,Onsite,Own Vehicle,4.64,94.0,18.0,83.0,95.0,2.0,3.0,Medium,2.0,55,11.0,2.2
EMP-0031,Ramesh Venkatesh,DIR-0001,Female,1989-11-12,Human Resources,Manager,West - Mumbai,Naukri,0.0,Experienced,2018-10-26,,240,228.0,5.0,10.0,0.0,3.0,Not Applicable(Active Employee),Active,Hybrid,Company Cab,16.32,52.0,33.0,62.0,0.54,5.0,4.0,High,3.0,37,15.0,7.9
EMP-0032,Deepa Kumar,EMP-0320,Female,2005-07-18,Operations,Senior Executive,South - Chennai,Naukri,0.0,Experienced,2021-07-11,,240,224.0,3.0,10.0,3.0,2.0,Not Applicable(Active Employee),Active,Onsite,Own Vehicle,7.68,16.0,9.0,45.0,50.0,6.0,3.0,Medium,4.0,21,16.0,5.2
EMP-0433,Divya Reddy,EMP-0280,Female,2000-09-29,Finance,Executive,North - Delhi,Walk-In,0.0,Fresher,2023-02-15,,240,210.0,12.0,7.0,11.0,16.0,Not Applicable(Active Employee),Active,Work From Home,Company Cab,5.09,23.0,24.0,57.0,58.0,10.0,2.0,High,1.0,26,30.0,3.6
EMP-0034,Manoj Sharma,EMP-0120,Male,1979-01-24,Engineering,Executive,South - Chennai,Naukri,0.0,Fresher,2019-07-20,,240,228.0,4.0,8.0,0.0,2.0,Not Applicable(Active Employee),Active,Hybrid,Company Cab,26.75,88.0,1.0,70.0,76.0,5.0,4.0,Low,2.0,47,12.0,7.2
EMP-0035,Sneha Joshi,EMP-0050,Female,1993-12-28,Technology,Executive,South - Bangalore,Walk-In,0.0,Fresher,2018-11-02,,240,208.0,14.0,10.0,8.0,20.0,Not Applicable(Active Employee),Active,Hybrid,Company Cab,27.16,16.0,10.0,57.0,69.0,3.0,2.0,High,3.0,33,32.0,7.9
EMP-0036,Pradeep Joshi,DIR-0001,Male,1994-07-18,Engineering,Manager,South - Bangalore,Naukri,0.0,Experienced,2019-01-12,,240,230.0,4.0,4.0,2.0,7.0,Not Applicable(Active Employee),Active,Work From Home,Own Vehicle,23.31,18.0,30.0,62.0,62.0,4.0,3.0,High,5.0,32,10.0,7.7
EMP-0037,Pooja Rao,EMP-0025,Female,1968-03-24,Human Resources,Team Lead,South - Bangalore,Naukri,0.0,Experienced,2019-07-19,,240,230.0,3.0,7.0,0.0,7.0,Not Applicable(Active Employee),Active,Onsite,Company Cab,16.32,57.0,14.0,0.58,50.0,5.0,3.0,Low,2.0,58,10.0,7.2
EMP-0038,Sanjay Reddy,EMP-0160,Male,1969-10-18,Sales,Senior Executive,West - Mumbai,Campus Drive,6250.0,Fresher,2023-05-10,,240,210.0,14.0,10.0,6.0,16.0,Not Applicable(Active Employee),Active,Hybrid,Own Vehicle,5.89,81.0,8.0,61.0,66.0,7.0,1.0,Medium,3.0,57,30.0,3.4
EMP-0039,Kavitha Singh,EMP-0260,Female,1990-08-14,Finance,Assistant Manager,East - Kolkata,Campus Drive,0.0,Experienced,2018-08-07,2020-10-25,240,225.0,5.0,7.0,3.0,7.0,Not Applicable(Active Employee),Inactive,Hybrid,Own Vehicle,20.26,68.0,22.0,69.0,79.0,3.0,3.0,Medium,4.0,36,15.0,2.2
EMP-0040,Vikram Reddy,EMP-0025,Male,1985-09-08,Human Resources,Assistant Manager,East - Kolkata,Recruitment Agency,6250.0,Experienced,2019-06-25,,240,226.0,2.0,10.0,2.0,4.0,Not Applicable(Active Employee),Active,Onsite,Company Cab,14.28,96.0,18.0,84.0,86.0,2.0,3.0,Medium,4.0,41,14.0,7.2
EMP-0041,Priya Rao,EMP-0050,Female,1999-04-01,Technology,Executive,South - Chennai,Recruitment Agency,6250.0,Fresher,2021-04-17,,240,220.0,8.0,6.0,6.0,16.0,Not Applicable(Active Employee),Active,Onsite,Company Cab,16.32,91.0,8.0,66.0,65.0,6.0,2.0,High,4.0,27,20.0,5.4
EMP-0042,Arun Sharma,EMP-0075,Male,1978-10-15,Technology,Team Lead,West - Mumbai,Naukri,0.0,Experienced,2023-09-03,,240,228.0,6.0,4.0,2.0,8.0,Not Applicable(Active Employee),Active,Hybrid,Own Vehicle,15.63,48.0,34.0,65.0,66.0,7.0,3.0,High,4.0,48,12.0,3.0
EMP-0043,Karthik Kumar,EMP-0240,Male,1968-07-22,Marketing,Executive,West - Mumbai,Employee Referral,2500.0,Fresher,2022-02-12,2022-05-19,240,221.0,6.0,4.0,9.0,22.0,Involuntary - Restructuring,Inactive,Onsite,Company Cab,16.32,27.0,20.0,62.0,69.0,4.0,1.0,High,0.0,58,19.0,0.3
EMP-0044,Sanjay Reddy,EMP-0350,Male,1973-12-14,Operations,Assistant Manager,South - Bangalore,Company Career Site,0.0,Experienced,2018-09-17,2020-10-16,240,231.0,4.0,5.0,0.0,4.0,Involuntary - Performance,Resigned,Hybrid,Company Cab,25.78,68.0,8.0,69.0,70.0,7.0,4.0,Low,3.0,53,9.0,2.1
EMP-0045,Meera Joshi,EMP-0025,Male,1997-01-18,Human Resources,Senior Executive,South - Chennai,Recruitment Agency,6250.0,Experienced,2021-01-31,,240,230.0,6.0,4.0,0.0,8.0,Not Applicable(Active Employee),Active,Hybrid,Company Cab,9.84,26.0,27.0,70.0,65.0,5.0,3.0,Low,3.0,29,10.0,5.6
EMP-0046,Meera Singh,DIR-0001,Male,1968-05-09,Finance,Manager,North - Delhi,LinkedIn,0.0,Experienced,2019-07-12,,240,211.0,5.0,10.0,12.0,20.0,Not Applicable(Active Employee),Active,Hybrid,Company Cab,19.73,-15.0,6.0,66.0,70.0,5.0,2.0,High,2.0,58,27.0,7.2
EMP-0047,Karthik Sharma,EMP-0100,Male,1975-04-04,Technology,Assistant Manager,North - Delhi,Naukri,0.0,Experienced,2023-08-23,,240,229.0,3.0,5.0,3.0,3.0,Not Applicable(Active Employee),Active,Onsite,Company Cab,11.14,40.0,15.0,57.0,59.0,7.0,3.0,Medium,2.0,51,11.0,3.1
EMP-0048,Anitha Iyer,EMP-0180,Female,2001-07-09,Sales,Assistant Manager,South - Chennai,Campus Drive,6250.0,Experienced,2023-08-23,,240,225.0,4.0,8.0,3.0,4.0,Not Applicable(Active Employee),Active,Hybrid,Company Cab,16.24,33.0,15.0,46.0,50.0,1.0,3.0,Medium,5.0,25,15.0,3.1
EMP-0049,Karthik Kumar,DIR-0001,Male,1968-05-09,Technology,Manager,North - Delhi,Naukri,0.0,Experienced,2023-11-01,,240,209.0,14.0,10.0,7.0,19.0,Not Applicable(Active Employee),Active,Hybrid,Company Cab,16.32,69.0,32.0,0.64,70.0,3.0,1.0,High,3.0,58,31.0,2.9
EMP-0050,Sneha Reddy,EMP-0320,Female,2002-08-15,Operations,Senior Executive,South - Bangalore,LinkedIn,0.0,Fresher,2020-08-12,,240,214.0,10.0,7.0,9.0,15.0,Not Applicable(Active Employee),Active,Onsite,Company Cab,8.03,54.0,3.0,60.0,60.0,6.0,1.0,High,3.0,24,26.0,6.1
EMP-0051,Sanjay Singh,EMP-0010,Male,1986-08-03,Human Resources,Assistant Manager,North - Delhi,LinkedIn,0.0,Experienced,2022-09-16,2024-12-18,240,214.0,14.0,7.0,5.0,11.0,Relocation / Personal Reasons,Resigned,Onsite,Own Vehicle,16.32,12.0,22.0,51.0,0.51,6.0,1.0,High,2.0,40,26.0,2.3
EMP-0052,Ananya Patel,EMP-0350,Female,1984-08-12,Operations,Senior Executive,South - Bangalore,LinkedIn,0.0,Fresher,2023-05-27,2023-11-23,240,218.0,9.0,4.0,9.0,8.0,Better Career Growth,Resigned,Hybrid,Own Vehicle,22.49,46.0,38.0,71.0,78.0,8.0,2.0,High,3.0,42,22.0,0.5
EMP-0053,Karthik Singh,DIR-0001,Male,1968-01-23,Technology,Manager,South - Bangalore,Company Career Site,0.0,Experienced,2019-04-21,,240,225.0,6.0,8.0,1.0,4.0,Not Applicable(Active Employee),Active,Onsite,Own Vehicle,26.52,52.0,39.0,61.0,59.0,7.0,4.0,High,3.0,58,15.0,7.4
EMP-0054,Sanjay Kumar,EMP-0025,Male,1998-12-26,Human Resources,Executive,South - Chennai,Naukri,0.0,Fresher,2023-03-15,,240,234.0,2.0,4.0,0.0,4.0,Not Applicable(Active Employee),Active,Onsite,Company Cab,25.42,49.0,16.0,67.0,65.0,8.0,4.0,Low,3.0,28,6.0,3.5
EMP-0055,Rajesh Iyer,DIR-0001,Male,1981-04-21,Technology,Manager,South - Bangalore,Company Career Site,0.0,Experienced,2018-12-19,,240,232.0,2.0,4.0,2.0,7.0,Not Applicable(Active Employee),Active,Onsite,Own Vehicle,16.32,99.0,36.0,75.0,72.0,5.0,3.0,High,4.0,45,8.0,7.8
EMP-0056,Meera Iyer,EMP-0100,Male,1999-04-24,Technology,Executive,South - Bangalore,Naukri,0.0,Fresher,2018-06-28,2021-02-14,240,227.0,6.0,5.0,2.0,8.0,Relocation / Personal Reasons,Resigned,Hybrid,Own Vehicle,26.09,64.0,38.0,62.0,69.0,1.0,3.0,High,3.0,27,13.0,2.6
EMP-0057,Vijay Kumar,EMP-0050,Male,2003-08-21,Technology,Executive,North - Delhi,Recruitment Agency,6250.0,Experienced,2024-05-21,,240,228.0,3.0,8.0,1.0,8.0,Not Applicable(Active Employee),Active,Onsite,Public Transport,6804.0,96.0,28.0,62.0,67.0,2.0,3.0,Medium,1.0,23,12.0,2.3
EMP-0058,Deepa Patel,EMP-0050,Female,1971-08-19,Technology,Senior Executive,South - Bangalore,Walk-In,0.0,Fresher,2018-10-18,,240,224.0,3.0,10.0,3.0,7.0,Not Applicable(Active Employee),Active,Onsite,Company Cab,8.3,48.0,35.0,61.0,57.0,3.0,3.0,High,3.0,55,16.0,7.9
EMP-0059,Ananya Reddy,EMP-0200,Male,2001-01-01,Sales,Executive,South - Chennai,Walk-In,0.0,Experienced,2018-10-18,,240,222.0,9.0,4.0,5.0,18.0,Not Applicable(Active Employee),Active,Work From Home,Company Cab,4.61,24.0,37.0,74.0,81.0,7.0,2.0,High,2.0,25,18.0,7.9
EMP-0060,Arun Rao,EMP-0120,Female,1998-04-06,Engineering,Team Lead,South - Chennai,Company Career Site,0.0,Experienced,2018-12-21,2020-12-20,240,226.0,5.0,6.0,3.0,7.0,Better Compensation & Benefits,Inactive,Onsite,Company Cab,11.47,13.0,38.0,44.0,50.0,3.0,3.0,High,3.0,28,14.0,2.0
EMP-0061,Priya Kumar,EMP-0180,Male,1972-12-23,Sales,Assistant Manager,North - Delhi,Walk-In,0.0,Experienced,2020-07-18,2023-08-20,240,225.0,5.0,10.0,0.0,2.0,Involuntary - Performance,Inactive,Hybrid,Company Cab,16.32,52.0,36.0,48.0,50.0,8.0,4.0,Medium,1.0,54,15.0,3.1
EMP-0062,Arun Joshi,EMP-0010,Male,1995-10-09,Human Resources,Assistant Manager,North - Delhi,Walk-In,0.0,Experienced,2022-08-20,,240,229.0,2.0,7.0,2.0,2.0,Not Applicable(Active Employee),Active,Hybrid,Company Cab,10.15,34.0,34.0,70.0,72.0,8.0,4.0,High,4.0,31,11.0,4.1
EMP-0063,Karthik Rao,DIR-0001,Male,1975-11-11,Marketing,Manager,West - Mumbai,Company Career Site,0.0,Experienced,2022-08-16,,240,231.0,3.0,5.0,1.0,8.0,Not Applicable(Active Employee),Active,Onsite,Company Cab,23.8,22.0,6.0,57.0,67.0,8.0,3.0,Medium,4.0,51,9.0,4.1
EMP-0064,Vijay Sharma,EMP-0300,Male,1993-02-25,Operations,Assistant Manager,South - Chennai,Employee Referral,5000.0,Experienced,2023-04-19,2023-12-15,240,229.0,3.0,7.0,1.0,5.0,Better Compensation & Benefits,Inactive,Onsite,Company Cab,12.24,91.0,26.0,78.0,79.0,7.0,4.0,Low,2.0,33,11.0,0.7
EMP-0065,Manoj Sharma,EMP-0320,Male,1983-09-01,Operations,Assistant Manager,West - Mumbai,LinkedIn,0.0,Experienced,2023-04-27,2023-12-12,240,217.0,13.0,5.0,5.0,15.0,Better Compensation & Benefits,Inactive,Hybrid,Company Cab,10.38,42.0,27.0,72.0,78.0,5.0,2.0,High,3.0,43,23.0,0.6
EMP-0066,Divya Reddy,EMP-0240,Female,1997-02-10,Marketing,Assistant Manager,North - Delhi,LinkedIn,0.0,Experienced,2018-10-17,,240,218.0,14.0,4.0,4.0,18.0,Not Applicable(Active Employee),Active,Work From Home,Own Vehicle,16.8,25.0,22.0,52.0,58.0,5.0,2.0,High,4.0,29,22.0,7.9
EMP-0067,Suresh Iyer,EMP-0075,Male,2001-09-29,Technology,Executive,South - Bangalore,Walk-In,0.0,Fresher,2021-12-11,,240,224.0,6.0,10.0,0.0,2.0,Not Applicable(Active Employee),Active,Hybrid,Own Vehicle,16.32,51.0,13.0,62.0,65.0,4.0,3.0,Low,3.0,25,16.0,4.8
EMP-0068,Deepa Nair,EMP-0280,Female,1999-12-07,Finance,Executive,East - Kolkata,Naukri,0.0,Fresher,2020-01-21,,240,229.0,3.0,5.0,3.0,8.0,Not Applicable(Active Employee),Active,Onsite,Company Cab,23.15,75.0,6.0,71.0,76.0,5.0,3.0,Medium,3.0,27,11.0,6.7
EMP-0069,Pradeep Rao,EMP-0050,Male,2002-02-17,Technology,Executive,South - Bangalore,Campus Drive,6250.0,Fresher,2022-01-14,2023-07-23,240,212.0,13.0,5.0,10.0,22.0,Involuntary - Restructuring,Inactive,Onsite,Own Vehicle,5.33,64.0,36.0,78.0,88.0,4.0,1.0,High,4.0,24,28.0,1.5
EMP-0070,Sanjay Reddy,DIR-0001,Male,1979-12-29,Marketing,Manager,South - Chennai,Naukri,0.0,Experienced,2019-09-13,,240,219.0,6.0,5.0,10.0,8.0,Not Applicable(Active Employee),Active,Hybrid,Company Cab,27.68,51.0,21.0,59.0,58.0,5.0,1.0,Medium,3.0,47,21.0,7.0
EMP-0071,Ramesh Sharma,DIR-0001,Male,1980-06-06,Technology,Executive,South - Chennai,Naukri,0.0,Fresher,2021-01-23,,240,226.0,5.0,6.0,3.0,5.0,Not Applicable(Active Employee),Active,Work From Home,Company Cab,16.32,52.0,4.0,64.0,0.61,5.0,4.0,High,2.0,46,14.0,5.7
EMP-0072,Divya Venkatesh,EMP-0010,Female,1983-06-27,Human Resources,Senior Executive,East - Kolkata,Walk-In,0.0,Fresher,2022-10-25,,240,223.0,5.0,9.0,3.0,3.0,Not Applicable(Active Employee),Active,Onsite,Company Cab,8.37,39.0,1.0,57.0,54.0,4.0,4.0,Low,0.0,43,17.0,3.9
EMP-0073,Lakshmi Joshi,EMP-0200,Male,1991-08-17,Sales,Executive,South - Bangalore,LinkedIn,0.0,Experienced,2020-10-26,,240,230.0,3.0,6.0,1.0,7.0,Not Applicable(Active Employee),Active,Onsite,Own Vehicle,16.32,22.0,26.0,0.6,62.0,7.0,3.0,High,3.0,35,10.0,5.9
EMP-0074,Sneha Venkatesh,EMP-0180,Female,1991-11-10,Sales,Senior Executive,South - Bangalore,Walk-In,0.0,Fresher,2024-02-20,,240,225.0,6.0,9.0,0.0,6.0,Not Applicable(Active Employee),Active,Onsite,Own Vehicle,23.48,22.0,20.0,58.0,56.0,5.0,4.0,Medium,4.0,35,15.0,2.6
EMP-0075,Karthik Joshi,EMP-0350,Male,1988-04-10,Operations,Executive,South - Bangalore,Company Career Site,0.0,Fresher,2020-07-22,,240,219.0,6.0,4.0,11.0,16.0,Not Applicable(Active Employee),Active,Hybrid,Company Cab,20.82,27.0,37.0,47.0,50.0,5.0,2.0,High,3.0,38,21.0,6.2
EMP-0076,Divya Rao,DIR-0001,Male,1998-03-15,Finance,Manager,South - Bangalore,LinkedIn,0.0,Experienced,2019-07-19,,240,217.0,5.0,5.0,4.0,16.0,Not Applicable(Active Employee),Active,Onsite,Company Cab,16.32,41.0,22.0,67.0,70.0,6.0,2.0,High,1.0,28,14.0,7.2
EMP-0077,Meera Patel,EMP-0350,Female,1988-07-15,Operations,Assistant Manager,South - Bangalore,Walk-In,0.0,Experienced,2022-12-30,2025-05-13,240,225.0,5.0,7.0,3.0,7.0,Better Career Growth,Inactive,Onsite,Company Cab,22.4,48.0,20.0,60.0,68.0,1.0,3.0,Medium,2.0,38,15.0,2.4
EMP-0078,Priya Sharma,EMP-0220,Female,1976-01-08,Marketing,Senior Executive,South - Bangalore,Walk-In,0.0,Experienced,2023-01-14,,240,227.0,2.0,10.0,1.0,2.0,Not Applicable(Active Employee),Active,Hybrid,Company Cab,5.31,55.0,9.0,55.0,59.0,7.0,3.0,Low,3.0,50,13.0,3.7
EMP-0079,Priya Kumar,EMP-0260,Female,1971-06-14,Finance,Assistant Manager,North - Delhi,Campus Drive,6250.0,Experienced,2022-06-15,,240,217.0,7.0,9.0,7.0,14.0,Not Applicable(Active Employee),Active,Hybrid,Company Cab,16.32,38.0,22.0,68.0,69.0,3.0,1.0,High,3.0,55,23.0,4.3
EMP-0080,Suresh Venkatesh,EMP-0120,Male,1973-09-01,Engineering,Senior Executive,South - Chennai,Company Career Site,0.0,Fresher,2018-02-09,2020-02-03,240,229.0,2.0,8.0,1.0,1.0,Relocation / Personal Reasons,Resigned,Hybrid,Own Vehicle,6.34,71.0,38.0,70.0,75.0,5.0,3.0,Medium,2.0,53,11.0,2.0
EMP-0081,Pooja Kumar,EMP-0300,Female,1977-02-28,Operations,Executive,South - Chennai,Naukri,0.0,Experienced,2018-06-24,2019-03-19,240,214.0,7.0,7.0,12.0,13.0,Work-Life Balance / Burnout,Inactive,Onsite,Own Vehicle,16.32,71.0,4.0,64.0,62.0,5.0,2.0,High,4.0,49,26.0,0.7
EMP-0082,Rajesh Joshi,EMP-0320,Male,1969-01-06,Operations,Assistant Manager,North - Delhi,Company Career Site,0.0,Experienced,2019-02-13,,240,229.0,4.0,5.0,2.0,4.0,Not Applicable(Active Employee),Active,Onsite,Company Cab,18.77,66.0,0.0,73.0,76.0,5.0,4.0,Low,3.0,57,11.0,7.6
EMP-0083,Lakshmi Joshi,EMP-0075,Male,1998-08-11,Technology,Executive,North - Delhi,Company Career Site,0.0,Fresher,2023-09-10,,240,228.0,4.0,7.0,1.0,5.0,Not Applicable(Active Employee),Active,Onsite,Own Vehicle,11.61,25.0,12.0,64.0,68.0,7.0,3.0,Medium,6.0,28,12.0,3.0
EMP-0084,Ananya Kumar,EMP-0320,Female,1989-04-04,Technology,Executive,South - Chennai,LinkedIn,0.0,Fresher,2018-03-20,2020-11-15,240,229.0,5.0,6.0,0.0,1.0,Better Career Growth,Inactive,Work From Home,Own Vehicle,5.06,65.0,20.0,77.0,81.0,6.0,3.0,Medium,3.0,37,11.0,2.7
EMP-0085,Priya Nair,EMP-0120,Female,2001-02-02,Engineering,Team Lead,North - Delhi,LinkedIn,0.0,Experienced,2018-10-08,,240,227.0,5.0,8.0,0.0,2.0,Not Applicable(Active Employee),Active,Hybrid,Own Vehicle,16.32,19.0,25.0,62.0,60.0,6.0,3.0,Low,3.0,25,13.0,8.0
EMP-0086,Karthik Nair,EMP-0100,Male,1970-10-28,Technology,Team Lead,South - Bangalore,LinkedIn,0.0,Experienced,2018-04-08,,240,209.0,14.0,5.0,12.0,12.0,Not Applicable(Active Employee),Active,Hybrid,Company Cab,11.47,39.0,44.0,61.0,60.0,5.0,2.0,High,6.0,56,31.0,8.5
EMP-0087,Vikram Venkatesh,EMP-0180,Male,1978-06-03,Sales,Team Lead,South - Chennai,Company Career Site,0.0,Experienced,2020-08-15,,240,231.0,3.0,6.0,0.0,4.0,Not Applicable(Active Employee),Active,Onsite,Own Vehicle,21.38,34.0,20.0,62.0,70.0,8.0,3.0,Medium,3.0,48,9.0,6.1
EMP-0088,Priya Venkatesh,EMP-0220,Female,1986-06-20,Marketing,Assistant Manager,North - Delhi,Walk-In,0.0,Experienced,2018-12-07,2019-08-11,240,229.0,4.0,6.0,1.0,8.0,Involuntary - Performance,Inactive,Onsite,Company Cab,19.12,93.0,17.0,85.0,98.0,6.0,3.0,Medium,4.0,40,11.0,0.7
EMP-0089,Meera Patel,EMP-0050,Female,1996-12-23,Technology,Senior Executive,South - Chennai,Recruitment Agency,6250.0,Fresher,2022-11-28,,240,209.0,14.0,9.0,8.0,17.0,Not Applicable(Active Employee),Active,Work From Home,Own Vehicle,25.24,14.0,36.0,52.0,65.0,4.0,1.0,Medium,3.0,30,31.0,3.8
EMP-0090,Vijay Kumar,EMP-0300,Male,1997-11-13,Operations,Team Lead,South - Bangalore,Walk-In,0.0,Experienced,2022-11-28,2019-02-11,240,228.0,6.0,4.0,2.0,2.0,Involuntary - Restructuring,Inactive,Hybrid,Company Cab,15.07,74.0,44.0,61.0,56.0,9.0,4.0,High,4.0,29,12.0,0.0
EMP-0091,Vikram Singh,emp-0075,Male,1987-12-22,Technology,Executive,South - Chennai,Campus Drive,6250.0,Fresher,2021-01-08,2022-10-09,240,231.0,5.0,6.0,0.0,7.0,Work-Life Balance / Burnout,Inactive,Hybrid,Own Vehicle,16.32,52.0,31.0,58.0,0.54,8.0,3.0,High,0.0,39,11.0,1.7
EMP-0092,Meera Reddy,DIR-0001,Female,1973-12-01,Technology,Manager,East - Kolkata,Company Career Site,0.0,Experienced,2020-11-29,,240,227.0,6.0,5.0,2.0,5.0,Not Applicable(Active Employee),Active,Onsite,Company Cab,20.97,12.0,35.0,54.0,56.0,8.0,3.0,High,3.0,53,13.0,5.8
EMP-0093,Vijay Nair,EMP-0050,Male,1979-08-30,Technology,Assistant Manager,East - Kolkata,Naukri,0.0,Experienced,2022-11-30,,240,213.0,9.0,9.0,9.0,11.0,Not Applicable(Active Employee),Active,Hybrid,Company Cab,22.14,54.0,16.0,67.0,69.0,6.0,1.0,High,3.0,47,27.0,3.8
EMP-0094,Suresh Nair,DIR-0001,Male,1980-12-03,Operations,Manager,East - Kolkata,Recruitment Agency,6250.0,Experienced,2022-12-20,,240,225.0,4.0,8.0,3.0,5.0,Not Applicable(Active Employee),Active,Hybrid,Company Cab,17.25,23.0,34.0,59.0,71.0,1.0,3.0,High,3.0,46,15.0,3.8
EMP-0095,Priya Sharma,EMP-0100,Male,1980-10-03,Technology,Executive,South - Bangalore,LinkedIn,0.0,Fresher,2024-03-05,2025-12-29,240,231.0,2.0,4.0,3.0,5.0,Involuntary - Performance,Inactive,Onsite,Company Cab,22.39,39.0,10.0,60.0,64.0,5.0,3.0,Medium,3.0,46,9.0,1.8
EMP-0031,Manoj Patel,EMP-0200,Male,1995-01-10,Sales,Team Lead,South - Chennai,LinkedIn,0.0,Experienced,2018-04-25,,240,232.0,2.0,4.0,2.0,3.0,Not Applicable(Active Employee),Active,Onsite,Public Transport,15.6,77.0,20.0,76.0,86.0,9.0,3.0,Medium,3.0,31,8.0,8.4
EMP-0097,Manoj Iyer,EMP-0075,Male,1980-10-17,Technology,Assistant Manager,South - Bangalore,Walk-In,0.0,Experienced,2022-05-28,,240,214.0,10.0,5.0,11.0,16.0,Not Applicable(Active Employee),Active,Onsite,Company Cab,16.32,27.0,25.0,0.6,52.0,4.0,1.0,High,1.0,46,26.0,4.3
EMP-0098,Anitha Rao,EMP-0300,Female,2005-08-25,Technology,Assistant Manager,South - Bangalore,Naukri,0.0,Experienced,2021-05-30,,240,227.0,5.0,8.0,0.0,2.0,Not Applicable(Active Employee),Active,Work From Home,Company Cab,13.97,71.0,3.0,58.0,64.0,7.0,3.0,Medium,3.0,21,13.0,5.3
EMP-0099,Lakshmi Reddy,EMP-0240,Female,1973-03-30,Marketing,Executive,South - Chennai,Naukri,0.0,Fresher,2024-06-29,,240,228.0,2.0,9.0,1.0,1.0,Not Applicable(Active Employee),Active,Onsite,Own Vehicle,4944.0,46.0,33.0,56.0,55.0,2.0,4.0,High,0.0,53,12.0,2.2
EMP-0100,Vijay Kumar,EMP-0075,Male,1993-09-10,Technology,Senior Executive,South - Bangalore,LinkedIn,0.0,Fresher,2018-05-09,,240,227.0,4.0,8.0,1.0,7.0,Not Applicable(Active Employee),Active,Hybrid,Own Vehicle,6.14,34.0,17.0,66.0,65.0,8.0,3.0,Low,2.0,33,13.0,8.4
EMP-0101,Anitha Sharma,EMP-0200,Female,1984-07-31,Sales,Assistant Manager,South - Chennai,Walk-In,0.0,Experienced,2021-03-10,,240,231.0,3.0,4.0,2.0,6.0,Not Applicable(Active Employee),Active,Hybrid,Own Vehicle,16.32,57.0,22.0,68.0,70.0,3.0,3.0,Medium,2.0,42,9.0,5.5
EMP-0102,Sneha Patel,DIR-0001,Female,1999-09-20,Human Resources,Manager,West - Mumbai,Company Career Site,0.0,Experienced,2019-01-20,2020-03-11,240,221.0,6.0,6.0,7.0,18.0,Relocation / Personal Reasons,Inactive,Onsite,Company Cab,19.09,74.0,34.0,57.0,52.0,6.0,2.0,High,1.0,27,19.0,1.1
EMP-0103,Kavitha Iyer,EMP-0075,Female,1983-04-06,Technology,Team Lead,South - Chennai,Company Career Site,0.0,Experienced,2021-11-18,2023-12-15,240,217.0,9.0,9.0,5.0,13.0,Better Compensation & Benefits,Resigned,Onsite,Company Cab,16.32,62.0,40.0,69.0,74.0,7.0,1.0,High,3.0,43,23.0,2.1
EMP-0104,Vikram Iyer,EMP-0050,Male,1992-03-20,Technology,Team Lead,South - Bangalore,Recruitment Agency,6250.0,Experienced,2018-07-07,,240,221.0,6.0,10.0,3.0,3.0,Not Applicable(Active Employee),Active,Onsite,Own Vehicle,15.96,88.0,28.0,86.0,91.0,2.0,3.0,Medium,5.0,34,19.0,8.2
EMP-0755,Manoj Rao,EMP-0050,Male,1973-06-13,Technology,Executive,North - Delhi,Recruitment Agency,6250.0,Fresher,2022-07-28,2022-10-22,240,215.0,9.0,10.0,6.0,20.0,Involuntary - Restructuring,Resigned,Onsite,Company Cab,25.74,82.0,28.0,69.0,73.0,6.0,2.0,High,1.0,53,25.0,0.2
EMP-0106,Pooja Kumar,DIR-0001,Female,1990-05-27,Sales,Executive,South - Bangalore,Naukri,0.0,Fresher,2022-06-18,,240,221.0,5.0,7.0,4.0,10.0,Not Applicable(Active Employee),Active,Work From Home,Own Vehicle,9.61,24.0,37.0,57.0,64.0,4.0,1.0,High,0.0,36,16.0,4.3
EMP-0107,Meera Iyer,EMP-0240,Male,1982-05-13,Marketing,Senior Executive,North - Delhi,Company Career Site,0.0,Fresher,2024-02-18,,240,223.0,4.0,10.0,3.0,4.0,Not Applicable(Active Employee),Active,Onsite,Company Cab,13.55,58.0,41.0,58.0,68.0,1.0,3.0,High,5.0,44,17.0,2.6
EMP-0108,Deepa Singh,EMP-0025,Female,1968-05-09,Human Resources,Executive,South - Chennai,Recruitment Agency,6250.0,Fresher,2018-06-30,,240,231.0,4.0,5.0,0.0,7.0,Not Applicable(Active Employee),Active,Onsite,Own Vehicle,22.01,97.0,20.0,81.0,83.0,6.0,5.0,Low,3.0,58,9.0,8.2
EMP-0109,Ananya Sharma,EMP-0100,Female,1990-10-05,Technology,Executive,South - Chennai,Naukri,0.0,Fresher,2023-08-14,2026-06-18,240,225.0,2.0,10.0,3.0,7.0,Involuntary - Restructuring,Inactive,Work From Home,Company Cab,16.32,77.0,41.0,0.59,64.0,8.0,3.0,High,0.0,36,15.0,2.8
EMP-0110,Sneha Reddy,EMP-0180,Male,1981-04-04,Sales,Senior Executive,South - Chennai,Campus Drive,6250.0,Experienced,2020-03-04,,240,210.0,9.0,10.0,11.0,13.0,Not Applicable(Active Employee),Active,Onsite,Company Cab,5.39,21.0,12.0,54.0,58.0,1.0,2.0,High,5.0,45,30.0,6.5
EMP-0111,Vikram Venkatesh,EMP-0280,Male,2001-10-30,Finance,Team Lead,South - Bangalore,Naukri,0.0,Experienced,2022-03-16,,240,225.0,4.0,10.0,1.0,4.0,Not Applicable(Active Employee),Active,Onsite,Company Cab,16.32,68.0,40.0,70.0,65.0,3.0,3.0,High,0.0,25,15.0,4.5
EMP-0112,Vikram Singh,EMP-0260,Male,2003-11-13,Finance,Executive,North - Delhi,Campus Drive,6250.0,Fresher,2023-04-07,,240,218.0,6.0,9.0,7.0,14.0,Not Applicable(Active Employee),Active,Hybrid,Company Cab,7.45,46.0,16.0,70.0,75.0,4.0,2.0,High,4.0,23,22.0,3.5
EMP-0113,Anitha Rao,EMP-0050,Female,1987-10-31,Technology,Assistant Manager,South - Bangalore,LinkedIn,0.0,Experienced,2018-02-02,2018-08-30,240,218.0,11.0,6.0,5.0,20.0,Better Career Growth,Inactive,Onsite,Company Cab,31536.0,70.0,8.0,62.0,73.0,5.0,1.0,High,3.0,39,22.0,0.6
EMP-0114,Deepa Iyer,EMP-0025,Female,2000-10-26,Human Resources,Assistant Manager,South - Bangalore,Recruitment Agency,6250.0,Experienced,2020-05-20,,240,227.0,4.0,6.0,3.0,6.0,Not Applicable(Active Employee),Active,Hybrid,Own Vehicle,23.3,52.0,40.0,58.0,68.0,5.0,3.0,High,3.0,26,13.0,6.3
EMP-0655,Arun Sharma,EMP-0010,Male,1974-04-03,Human Resources,Assistant Manager,North - Delhi,Recruitment Agency,0.0,Experienced,2022-05-22,,240,225.0,5.0,7.0,3.0,7.0,Not Applicable(Active Employee),Active,Onsite,Own Vehicle,16.32,79.0,0.0,61.0,61.0,7.0,3.0,Medium,3.0,52,15.0,4.3
EMP-0116,Rajesh Joshi,DIR-0001,Male,1969-02-10,Human Resources,Manager,South - Bangalore,Employee Referral,6250.0,Experienced,2020-11-09,,240,232.0,2.0,4.0,2.0,3.0,Not Applicable(Active Employee),Active,Onsite,Company Cab,24.85,48.0,1.0,52.0,50.0,5.0,4.0,Medium,3.0,57,8.0,5.9
EMP-0117,Sanjay Reddy,EMP-0050,Male,1977-11-19,Technology,Executive,South - Chennai,Company Career Site,0.0,Fresher,2024-03-06,,240,221.0,10.0,4.0,5.0,17.0,Not Applicable(Active Employee),Active,Onsite,Company Cab,23.19,65.0,28.0,66.0,65.0,6.0,2.0,High,3.0,49,19.0,2.5
EMP-0118,Ananya Singh,EMP-0160,Female,1982-08-22,Sales,Executive,South - Bangalore,Naukri,0.0,Experienced,2020-06-25,,240,227.0,5.0,6.0,2.0,7.0,Not Applicable(Active Employee),Active,Onsite,Company Cab,8.07,72.0,32.0,65.0,72.0,7.0,3.0,High,5.0,44,13.0,6.2
EMP-0119,Lakshmi Joshi,DIR-0001,Male,1976-10-02,Engineering,Manager,West - Mumbai,Walk-In,0.0,Experienced,2018-05-11,2018-10-13,240,212.0,14.0,4.0,10.0,22.0,Involuntary - Restructuring,Inactive,Onsite,Own Vehicle,25.37,55.0,9.0,62.0,65.0,2.0,1.0,High,3.0,50,28.0,0.4
EMP-0120,Ananya Singh,EMP-0100,Female,2003-01-17,Technology,Team Lead,South - Bangalore,LinkedIn,0.0,Experienced,2018-05-11,2023-12-08,240,221.0,9.0,6.0,4.0,19.0,Better Career Growth,Inactive,Hybrid,Company Cab,16.71,97.0,39.0,70.0,71.0,8.0,2.0,High,2.0,23,19.0,5.6
EMP-0121,Meera Patel,EMP-0180,Female,1971-10-01,Sales,Executive,North - Delhi,Campus Drive,6250.0,Fresher,2023-09-22,,240,230.0,5.0,4.0,1.0,6.0,Not Applicable(Active Employee),Active,Hybrid,Own Vehicle,16.32,52.0,20.0,64.0,61.0,4.0,3.0,Medium,4.0,55,10.0,3.0
EMP-0122,Suresh Singh,EMP-0010,Male,1998-05-16,Human Resources,Senior Executive,South - Chennai,Company Career Site,0.0,Fresher,2019-04-23,,240,229.0,5.0,4.0,2.0,6.0,Not Applicable(Active Employee),Active,Onsite,Company Cab,25.45,71.0,27.0,78.0,83.0,5.0,3.0,Medium,1.0,28,11.0,7.4
EMP-0123,Meera Patel,EMP-0320,Female,1985-10-09,Operations,Executive,West - Mumbai,Walk-In,0.0,Fresher,2019-07-12,,240,227.0,2.0,9.0,2.0,5.0,Not Applicable(Active Employee),Active,Hybrid,Company Cab,11.29,86.0,10.0,68.0,74.0,5.0,3.0,Medium,4.0,41,13.0,7.2
EMP-0124,Pooja Sharma,EMP-0140,Female,1995-01-21,Engineering,Senior Executive,North - Delhi,LinkedIn,0.0,Experienced,2021-10-02,,240,212.0,12.0,6.0,10.0,19.0,Not Applicable(Active Employee),Active,Onsite,Company Cab,6.2,34.0,33.0,51.0,55.0,6.0,2.0,High,4.0,31,28.0,5.0
EMP-0125,Vikram Iyer,EMP-0350,Male,1970-07-07,Operations,Executive,North - Delhi,LinkedIn,0.0,Fresher,2024-04-23,,240,216.0,10.0,8.0,6.0,11.0,Not Applicable(Active Employee),Active,Onsite,Company Cab,9.08,80.0,7.0,63.0,64.0,7.0,2.0,High,3.0,56,24.0,2.4
EMP-0126,Karthik Iyer,DIR-0001,Male,2000-02-12,Technology,Manager,West - Mumbai,Company Career Site,0.0,Experienced,2024-05-05,,240,209.0,12.0,9.0,10.0,18.0,Not Applicable(Active Employee),Active,Onsite,Company Cab,16.32,61.0,22.0,69.0,73.0,1.0,2.0,High,4.0,26,31.0,2.4
EMP-0127,Pooja Singh,EMP-0100,Female,1984-09-21,Technology,Executive,West - Mumbai,Walk-In,0.0,Fresher,2022-10-01,,240,227.0,3.0,8.0,2.0,7.0,Not Applicable(Active Employee),Active,Onsite,Company Cab,16.32,13.0,7.0,55.0,58.0,4.0,3.0,Medium,2.0,42,13.0,4.0
EMP-0128,Vikram Iyer,DIR-0001,Male,1983-10-05,Finance,Manager,South - Chennai,Company Career Site,0.0,Experienced,2020-11-09,2021-08-26,240,212.0,14.0,10.0,4.0,12.0,Better Compensation & Benefits,Inactive,Onsite,Public Transport,24.59,68.0,14.0,70.0,74.0,2.0,1.0,High,4.0,43,28.0,0.8
EMP-0129,Manoj Iyer,EMP-0100,Male,1993-03-01,Technology,Executive,West - Mumbai,Company Career Site,0.0,Experienced,2022-02-24,,240,228.0,4.0,5.0,3.0,6.0,Not Applicable(Active Employee),Active,Onsite,Company Cab,3.67,81.0,16.0,79.0,77.0,4.0,3.0,Medium,3.0,33,12.0,4.6
EMP-0130,Ramesh Patel,EMP-0120,Male,1987-12-05,Engineering,Executive,South - Chennai,Naukri,0.0,Fresher,2023-03-08,,240,225.0,5.0,7.0,3.0,4.0,Not Applicable(Active Employee),Active,Onsite,Own Vehicle,16.01,29.0,22.0,59.0,62.0,4.0,4.0,High,3.0,39,15.0,3.5
EMP-0131,Pooja Joshi,EMP-0100,Female,1980-11-12,Technology,Executive,North - Delhi,Recruitment Agency,6250.0,Fresher,2023-03-08,,240,226.0,6.0,7.0,1.0,2.0,Not Applicable(Active Employee),Active,Onsite,Company Cab,16.32,72.0,22.0,81.0,0.82,2.0,3.0,Medium,3.0,46,14.0,3.5
EMP-0132,Meera Patel,EMP-0010,Male,1987-01-05,Human Resources,Executive,South - Bangalore,Walk-In,0.0,Fresher,2019-08-01,,240,213.0,10.0,8.0,9.0,9.0,Not Applicable(Active Employee),Active,Onsite,Company Cab,8.94,63.0,44.0,66.0,74.0,5.0,2.0,High,3.0,39,27.0,7.1
EMP-0133,Priya Iyer,EMP-0350,Female,1994-05-04,Operations,Executive,South - Chennai,Walk-In,0.0,Experienced,2019-08-01,,240,226.0,3.0,9.0,2.0,4.0,Not Applicable(Active Employee),Active,Onsite,Own Vehicle,16.32,83.0,18.0,0.57,65.0,8.0,3.0,Medium,3.0,32,14.0,7.1
EMP-0134,Ananya Singh,EMP-0200,Male,1977-04-27,Sales,Senior Executive,North - Delhi,Walk-In,0.0,Experienced,2019-11-21,2021-01-04,240,232.0,3.0,5.0,0.0,1.0,Better Career Growth,Inactive,Onsite,Company Cab,11.77,66.0,4.0,73.0,77.0,4.0,3.0,Medium,2.0,49,8.0,1.1
EMP-0135,Vijay Rao,DIR-0001,Male,1991-07-25,Technology,Manager,West - Mumbai,Naukri,0.0,Experienced,2021-12-15,2025-01-17,240,219.0,9.0,7.0,5.0,15.0,Relocation / Personal Reasons,Inactive,Onsite,Own Vehicle,26.6,99.0,31.0,72.0,79.0,6.0,2.0,Medium,4.0,35,21.0,3.1
EMP-0136,Vijay Venkatesh,emp-0200,Male,1994-06-30,Sales,Assistant Manager,South - Bangalore,Company Career Site,0.0,Experienced,2018-01-18,,240,212.0,5.0,9.0,7.0,19.0,Not Applicable(Active Employee),Active,Hybrid,Own Vehicle,11.42,-15.0,43.0,49.0,50.0,8.0,2.0,High,3.0,32,21.0,8.7
EMP-0137,Arun Patel,EMP-0025,Male,1986-05-14,Human Resources,Senior Executive,South - Chennai,LinkedIn,0.0,Fresher,2019-03-12,,240,225.0,5.0,7.0,3.0,4.0,Not Applicable(Active Employee),Active,Work From Home,Company Cab,16.21,12.0,0.0,57.0,58.0,3.0,3.0,Low,3.0,40,15.0,7.5
EMP-0138,Meera Singh,EMP-0120,Male,1992-12-06,Engineering,Assistant Manager,South - Bangalore,Company Career Site,0.0,Experienced,2024-01-03,,240,228.0,3.0,9.0,0.0,2.0,Not Applicable(Active Employee),Active,Hybrid,Company Cab,20.72,15.0,22.0,47.0,56.0,6.0,3.0,Medium,3.0,34,12.0,2.7
EMP-0139,Anitha Patel,EMP-0075,Female,2001-11-16,Technology,Assistant Manager,South - Chennai,Recruitment Agency,6250.0,Experienced,2021-07-05,,240,229.0,5.0,5.0,1.0,8.0,Not Applicable(Active Employee),Active,Onsite,Own Vehicle,16.32,14.0,36.0,48.0,52.0,3.0,4.0,High,1.0,25,11.0,5.2
EMP-0140,Sneha Singh,EMP-0075,Female,2005-05-02,Technology,Executive,North - Delhi,Company Career Site,0.0,Fresher,2023-04-11,,240,219.0,6.0,8.0,7.0,22.0,Not Applicable(Active Employee),Active,Onsite,Company Cab,27.31,14.0,7.0,60.0,59.0,5.0,2.0,Medium,1.0,21,21.0,3.4
EMP-0141,Ramesh Reddy,DIR-0001,Male,1990-01-02,Engineering,Executive,East - Kolkata,Naukri,0.0,Fresher,2023-10-18,2026-02-15,240,230.0,2.0,7.0,1.0,8.0,Better Compensation & Benefits,Inactive,Hybrid,Company Cab,16.32,52.0,12.0,62.0,70.0,4.0,3.0,High,1.0,36,10.0,2.3
EMP-0142,Arun Reddy,EMP-0050,Male,1981-07-18,Technology,Team Lead,West - Mumbai,Company Career Site,0.0,Experienced,2020-08-26,2021-03-11,240,209.0,14.0,8.0,9.0,20.0,Work-Life Balance / Burnout,Inactive,Hybrid,Company Cab,9.67,56.0,7.0,66.0,66.0,4.0,2.0,High,3.0,45,31.0,0.5
EMP-0229,Manoj Venkatesh,EMP-0320,Male,1993-02-01,Operations,Assistant Manager,South - Chennai,LinkedIn,0.0,Experienced,2019-09-26,,240,207.0,13.0,8.0,12.0,14.0,Not Applicable(Active Employee),Active,Work From Home,Company Cab,15.68,96.0,22.0,73.0,77.0,4.0,1.0,High,3.0,33,33.0,7.0
EMP-0144,Pradeep Sharma,EMP-0300,Male,2003-06-29,Technology,Team Lead,West - Mumbai,Walk-In,0.0,Experienced,2019-12-08,,240,213.0,14.0,7.0,6.0,19.0,Not Applicable(Active Employee),Active,Hybrid,Company Cab,10.87,58.0,42.0,51.0,62.0,5.0,2.0,Medium,3.0,23,27.0,6.8
EMP-0145,Divya Nair,EMP-0350,Female,1981-06-18,Operations,Assistant Manager,South - Bangalore,Naukri,0.0,Experienced,2021-06-27,,240,212.0,13.0,7.0,8.0,7.0,Not Applicable(Active Employee),Active,Onsite,Company Cab,16.32,18.0,0.0,0.59,54.0,3.0,2.0,High,2.0,45,28.0,5.2
EMP-0146,Rajesh Patel,EMP-0025,Male,1997-11-14,Human Resources,Executive,North - Delhi,Campus Drive,6250.0,Experienced,2019-07-20,,240,225.0,3.0,10.0,2.0,8.0,Not Applicable(Active Employee),Active,Hybrid,Company Cab,4.4,29.0,44.0,58.0,60.0,6.0,3.0,High,1.0,29,15.0,7.2
EMP-0147,Suresh Rao,DIR-0001,Male,1990-01-24,Finance,Manager,South - Bangalore,Company Career Site,0.0,Experienced,2018-10-08,,240,228.0,3.0,6.0,3.0,2.0,Not Applicable(Active Employee),Active,Onsite,Company Cab,18.43,70.0,23.0,77.0,82.0,1.0,3.0,Medium,3.0,36,12.0,8.0
EMP-0148,Meera Sharma,EMP-0260,Female,1968-05-09,Finance,Assistant Manager,South - Chennai,Recruitment Agency,6250.0,Experienced,2024-08-01,,240,229.0,4.0,5.0,2.0,6.0,Not Applicable(Active Employee),Active,Work From Home,Public Transport,15.82,44.0,34.0,62.0,68.0,9.0,3.0,High,3.0,58,11.0,2.1
EMP-0149,Suresh Rao,EMP-0120,Male,1990-02-12,Engineering,Executive,South - Chennai,Employee Referral,0.0,Experienced,2019-09-29,,240,228.0,4.0,8.0,0.0,3.0,Not Applicable(Active Employee),Active,Onsite,Own Vehicle,4.76,59.0,23.0,63.0,59.0,5.0,3.0,Low,3.0,36,12.0,7.0
EMP-0150,Ramesh Joshi,EMP-0025,Male,1984-03-24,Human Resources,Assistant Manager,North - Delhi,Employee Referral,5000.0,Experienced,2023-06-19,2026-07-27,240,229.0,3.0,5.0,3.0,3.0,Relocation / Personal Reasons,Inactive,Hybrid,Company Cab,10.33,91.0,16.0,88.0,84.0,4.0,3.0,Medium,1.0,42,11.0,3.1
EMP-0151,Sneha Joshi,EMP-0100,Female,1987-07-24,Technology,Executive,West - Mumbai,Employee Referral,2500.0,Fresher,2018-09-28,,240,217.0,5.0,4.0,10.0,14.0,Not Applicable(Active Employee),Active,Hybrid,Own Vehicle,16.32,52.0,22.0,63.0,0.71,4.0,2.0,High,3.0,39,19.0,8.0
EMP-0152,Vijay Singh,EMP-0010,Male,1989-05-09,Human Resources,Team Lead,North - Delhi,LinkedIn,0.0,Experienced,2020-03-14,2020-08-06,240,225.0,4.0,8.0,3.0,7.0,Involuntary - Restructuring,Inactive,Hybrid,Company Cab,9.37,26.0,19.0,58.0,57.0,3.0,3.0,High,3.0,37,15.0,0.4
EMP-0153,Kavitha Singh,EMP-0120,Female,2000-11-16,Engineering,Executive,West - Mumbai,LinkedIn,0.0,Experienced,2018-05-28,,240,225.0,5.0,7.0,3.0,7.0,Not Applicable(Active Employee),Active,Onsite,Own Vehicle,7.05,97.0,20.0,76.0,75.0,8.0,4.0,Medium,2.0,26,15.0,8.3
EMP-0154,Ananya Joshi,EMP-0025,Male,1968-05-09,Human Resources,Executive,North - Delhi,LinkedIn,0.0,Fresher,2019-04-09,,240,219.0,6.0,5.0,10.0,14.0,Not Applicable(Active Employee),Active,Work From Home,Company Cab,15.49,12.0,39.0,51.0,61.0,5.0,2.0,High,5.0,58,21.0,7.4
EMP-0155,Deepa Iyer,EMP-0010,Female,1994-02-02,Human Resources,Executive,South - Bangalore,Naukri,0.0,Fresher,2022-03-12,,240,214.0,6.0,10.0,10.0,15.0,Not Applicable(Active Employee),Active,Work From Home,Company Cab,33180.0,41.0,30.0,69.0,65.0,4.0,1.0,High,1.0,32,26.0,4.5
EMP-0156,Meera Sharma,EMP-0100,Female,1988-05-09,Technology,Executive,North - Delhi,Walk-In,0.0,Fresher,2019-02-27,,240,230.0,2.0,6.0,2.0,7.0,Not Applicable(Active Employee),Active,Hybrid,Company Cab,9.43,22.0,35.0,56.0,59.0,2.0,3.0,High,2.0,38,10.0,7.6
EMP-0157,Meera Singh,DIR-0001,Male,1970-05-16,Sales,Manager,South - Chennai,Recruitment Agency,6250.0,Experienced,2019-06-20,,240,226.0,5.0,8.0,1.0,8.0,Not Applicable(Active Employee),Active,Onsite,Company Cab,16.32,98.0,10.0,0.78,82.0,9.0,3.0,High,3.0,56,14.0,7.3
EMP-0158,Priya Singh,EMP-0260,Female,1996-07-16,Finance,Executive,South - Bangalore,Naukri,0.0,Fresher,2018-07-12,,240,228.0,3.0,6.0,3.0,8.0,Not Applicable(Active Employee),Active,Onsite,Own Vehicle,22.16,82.0,14.0,72.0,74.0,1.0,3.0,Low,2.0,30,12.0,8.2
EMP-0159,Pradeep Reddy,EMP-0200,Male,1981-01-30,Sales,Senior Executive,South - Chennai,Walk-In,0.0,Experienced,2018-08-24,,240,229.0,2.0,7.0,2.0,7.0,Not Applicable(Active Employee),Active,Onsite,Company Cab,9.32,77.0,18.0,70.0,67.0,8.0,3.0,Medium,4.0,45,11.0,8.1
EMP-0160,Kavitha Patel,DIR-0001,Female,1971-06-12,Human Resources,Manager,North - Delhi,LinkedIn,0.0,Experienced,2022-12-08,,240,224.0,3.0,10.0,3.0,3.0,Not Applicable(Active Employee),Active,Work From Home,Own Vehicle,21.34,23.0,6.0,56.0,62.0,7.0,3.0,Medium,1.0,55,16.0,3.8
EMP-0161,Sanjay Reddy,EMP-0050,Male,1996-03-03,Technology,Executive,South - Bangalore,Walk-In,0.0,Fresher,2024-07-22,,240,212.0,14.0,4.0,10.0,17.0,Not Applicable(Active Employee),Active,Hybrid,Own Vehicle,16.32,20.0,27.0,62.0,67.0,6.0,2.0,High,4.0,30,28.0,2.2
EMP-0162,Vijay Singh,EMP-0050,Female,1994-10-11,Technology,Assistant Manager,South - Bangalore,Recruitment Agency,6250.0,Experienced,2018-10-18,,240,225.0,6.0,9.0,0.0,2.0,Not Applicable(Active Employee),Active,Onsite,Company Cab,18.99,65.0,42.0,61.0,64.0,5.0,4.0,High,2.0,32,15.0,7.9
EMP-0163,Deepa Singh,EMP-0025,Female,1982-03-08,Human Resources,Assistant Manager,South - Chennai,Walk-In,0.0,Experienced,2019-01-03,,240,227.0,5.0,5.0,3.0,7.0,Not Applicable(Active Employee),Active,Onsite,Company Cab,16.32,76.0,4.0,61.0,63.0,6.0,4.0,Low,3.0,44,13.0,7.7
EMP-0164,Suresh Reddy,DIR-0001,Male,1999-04-23,Sales,Manager,South - Bangalore,Employee Referral,6250.0,Experienced,2022-03-29,2023-04-18,240,229.0,2.0,6.0,3.0,6.0,Involuntary - Performance,Inactive,Hybrid,Company Cab,16.63,38.0,4.0,58.0,59.0,6.0,3.0,Low,4.0,27,11.0,1.1
EMP-0165,Suresh Rao,EMP-0075,Male,1994-01-07,Technology,Executive,South - Chennai,Recruitment Agency,6250.0,Experienced,2019-05-04,,240,215.0,9.0,7.0,9.0,13.0,Not Applicable(Active Employee),Active,Onsite,Own Vehicle,5.71,18.0,29.0,57.0,64.0,6.0,2.0,High,3.0,32,25.0,7.4
EMP-0166,Pooja Joshi,EMP-0300,Male,1968-07-30,Operations,Executive,South - Bangalore,Naukri,0.0,Fresher,2024-01-26,,240,226.0,5.0,6.0,3.0,5.0,Not Applicable(Active Employee),Active,Hybrid,Company Cab,23.96,76.0,31.0,67.0,69.0,4.0,3.0,High,3.0,58,14.0,2.7
EMP-0167,Pooja Nair,EMP-0300,Male,1984-09-24,Operations,Assistant Manager,West - Mumbai,Naukri,0.0,Experienced,2022-05-25,,240,231.0,2.0,7.0,0.0,1.0,Not Applicable(Active Employee),Active,Hybrid,Company Cab,11.36,34.0,7.0,51.0,53.0,7.0,4.0,Low,4.0,42,9.0,4.3
EMP-0168,Divya Patel,EMP-0050,Female,1975-04-25,Technology,Team Lead,South - Bangalore,Naukri,0.0,Experienced,2020-04-11,,240,231.0,4.0,5.0,0.0,1.0,Not Applicable(Active Employee),Active,Hybrid,Own Vehicle,8.07,85.0,9.0,72.0,78.0,5.0,4.0,Low,3.0,51,9.0,6.4
EMP-0169,Karthik Reddy,EMP-0350,Male,1990-07-31,Operations,Senior Executive,North - Delhi,Walk-In,0.0,Experienced,2023-08-15,,240,232.0,2.0,5.0,1.0,1.0,Not Applicable(Active Employee),Active,Onsite,Own Vehicle,16.32,51.0,37.0,62.0,69.0,3.0,3.0,High,3.0,36,8.0,3.1
EMP-0170,Sanjay Venkatesh,DIR-0001,Male,2003-09-01,Technology,Manager,South - Bangalore,LinkedIn,0.0,Experienced,2022-02-18,2024-07-02,240,221.0,8.0,5.0,6.0,15.0,Relocation / Personal Reasons,Inactive,Hybrid,Own Vehicle,17.98,18.0,31.0,54.0,64.0,5.0,1.0,High,3.0,23,19.0,2.4
EMP-0171,Pradeep Patel,EMP-0010,Male,2005-04-17,Human Resources,Assistant Manager,North - Delhi,Recruitment Agency,6250.0,Experienced,2018-06-16,2019-02-03,240,229.0,2.0,8.0,1.0,8.0,Not Applicable(Active Employee),Resigned,Onsite,Company Cab,16.32,88.0,27.0,72.0,0.66,5.0,3.0,High,3.0,21,11.0,0.6
EMP-0172,Vikram Patel,EMP-0100,Male,1999-12-18,Technology,Senior Executive,West - Mumbai,Walk-In,0.0,Fresher,2022-01-22,,240,224.0,4.0,10.0,2.0,3.0,Not Applicable(Active Employee),Active,Onsite,Company Cab,3.91,49.0,16.0,58.0,62.0,5.0,3.0,Medium,2.0,27,16.0,4.7
EMP-0173,Ananya Patel,DIR-0001,Male,2004-01-01,Technology,Manager,North - Delhi,Company Career Site,0.0,Experienced,2020-11-09,,240,217.0,7.0,10.0,6.0,12.0,Not Applicable(Active Employee),Active,Onsite,Company Cab,16.05,34.0,30.0,63.0,62.0,5.0,1.0,High,4.0,22,23.0,5.9
EMP-0174,Suresh Kumar,EMP-0010,Male,1971-06-05,Human Resources,Senior Executive,South - Chennai,Employee Referral,2500.0,Experienced,2022-03-11,,240,221.0,7.0,8.0,4.0,22.0,Not Applicable(Active Employee),Active,Hybrid,Own Vehicle,9.05,14.0,7.0,46.0,50.0,5.0,2.0,High,2.0,55,19.0,4.5
EMP-0175,Ananya Singh,EMP-0200,Female,1968-10-11,Sales,Assistant Manager,South - Chennai,Recruitment Agency,6250.0,Experienced,2020-02-12,,240,212.0,10.0,8.0,10.0,14.0,Not Applicable(Active Employee),Active,Hybrid,Own Vehicle,16.32,20.0,39.0,66.0,67.0,2.0,2.0,High,3.0,58,28.0,6.6
EMP-0176,Manoj Patel,DIR-0001,Male,1998-12-31,Human Resources,Senior Executive,West - Mumbai,Naukri,0.0,Fresher,2018-02-04,,240,220.0,9.0,4.0,7.0,9.0,Not Applicable(Active Employee),Active,Hybrid,Own Vehicle,16.32,68.0,22.0,65.0,68.0,6.0,1.0,High,1.0,28,20.0,8.6
EMP-0177,Deepa Nair,EMP-0050,Female,1987-10-28,Technology,Executive,North - Delhi,Naukri,0.0,Fresher,2023-02-02,,240,226.0,4.0,10.0,0.0,1.0,Not Applicable(Active Employee),Active,Hybrid,Company Cab,20.43,97.0,8.0,57.0,65.0,8.0,3.0,Medium,3.0,39,14.0,3.6
EMP-0178,Suresh Singh,EMP-0050,Male,1983-06-05,Technology,Team Lead,South - Chennai,LinkedIn,0.0,Experienced,2022-11-13,,240,211.0,11.0,8.0,10.0,18.0,Not Applicable(Active Employee),Active,Hybrid,Own Vehicle,12.98,88.0,1.0,67.0,70.0,5.0,1.0,High,4.0,43,29.0,3.9
EMP-0179,Vijay Singh,EMP-0200,Male,1969-04-16,Sales,Assistant Manager,South - Chennai,Naukri,0.0,Experienced,2019-08-25,,240,230.0,4.0,4.0,2.0,1.0,Not Applicable(Active Employee),Active,Onsite,Own Vehicle,26.45,47.0,14.0,61.0,56.0,5.0,4.0,Low,2.0,57,10.0,7.1
EMP-0180,Rajesh Venkatesh,EMP-0240,Male,2006-08-06,Marketing,Senior Executive,East - Kolkata,Naukri,0.0,Experienced,2021-11-08,,240,222.0,5.0,10.0,3.0,2.0,Not Applicable(Active Employee),Active,Onsite,Own Vehicle,6.87,81.0,2.0,72.0,72.0,7.0,3.0,High,3.0,20,18.0,4.9
EMP-0181,Vikram Sharma,emp-0260,Male,1981-10-15,Finance,Assistant Manager,South - Chennai,Naukri,0.0,Experienced,2020-12-27,,240,226.0,5.0,6.0,3.0,7.0,Not Applicable(Active Employee),Active,Hybrid,Company Cab,16.32,52.0,35.0,61.0,65.0,5.0,3.0,High,5.0,45,14.0,5.7
EMP-0182,Sanjay Iyer,EMP-0180,Male,1971-07-11,Sales,Senior Executive,South - Bangalore,Recruitment Agency,6250.0,Experienced,2023-10-04,,240,211.0,12.0,5.0,12.0,18.0,Not Applicable(Active Employee),Active,Hybrid,Company Cab,6.28,57.0,3.0,55.0,53.0,6.0,1.0,High,2.0,55,29.0,3.0
EMP-0183,Divya Rao,DIR-0001,Female,2003-03-03,Operations,Manager,North - Delhi,Naukri,0.0,Experienced,2023-07-13,2024-03-29,240,225.0,4.0,8.0,3.0,8.0,Involuntary - Restructuring,Terminated,Onsite,Company Cab,31380.0,99.0,13.0,73.0,71.0,3.0,3.0,Medium,1.0,23,15.0,0.7
EMP-0184,Lakshmi Rao,DIR-0001,Female,2002-10-01,Technology,Manager,North - Delhi,LinkedIn,0.0,Experienced,2019-08-28,2020-04-17,240,210.0,12.0,10.0,8.0,13.0,Work-Life Balance / Burnout,Resigned,Hybrid,Company Cab,24.99,27.0,40.0,56.0,50.0,2.0,1.0,High,0.0,24,30.0,0.6
EMP-0185,Vikram Reddy,EMP-0160,Male,1969-11-27,Sales,Team Lead,West - Mumbai,Company Career Site,0.0,Experienced,2020-12-15,,240,216.0,9.0,10.0,5.0,12.0,Not Applicable(Active Employee),Active,Onsite,Own Vehicle,9.82,79.0,40.0,54.0,53.0,8.0,2.0,High,3.0,57,24.0,5.8
EMP-0186,Rajesh Reddy,EMP-0200,Male,2003-07-29,Sales,Assistant Manager,North - Delhi,Company Career Site,0.0,Experienced,2020-09-07,2021-11-23,240,227.0,5.0,5.0,3.0,7.0,Involuntary - Restructuring,Resigned,Onsite,Company Cab,19.67,46.0,24.0,74.0,71.0,7.0,3.0,High,3.0,23,13.0,1.2
EMP-0187,Rajesh Kumar,EMP-0010,Male,1989-01-15,Human Resources,Team Lead,South - Chennai,LinkedIn,0.0,Experienced,2018-08-24,,240,229.0,4.0,4.0,3.0,6.0,Not Applicable(Active Employee),Active,Onsite,Company Cab,16.32,69.0,9.0,60.0,58.0,8.0,3.0,Medium,5.0,37,11.0,8.1
EMP-0188,Lakshmi Singh,EMP-0240,Male,1969-12-10,Marketing,Assistant Manager,North - Delhi,Recruitment Agency,6250.0,Experienced,2020-12-03,2022-06-09,240,218.0,8.0,7.0,7.0,13.0,Work-Life Balance / Burnout,Inactive,Hybrid,Company Cab,17.1,57.0,20.0,75.0,77.0,4.0,1.0,High,3.0,57,22.0,1.5
EMP-0189,Vikram Patel,EMP-0180,Male,1968-06-17,Sales,Assistant Manager,South - Bangalore,Walk-In,0.0,Experienced,2018-11-19,2022-01-05,240,228.0,4.0,6.0,2.0,5.0,Involuntary - Restructuring,Inactive,Hybrid,Public Transport,16.48,86.0,35.0,73.0,73.0,5.0,3.0,High,2.0,58,12.0,3.1
EMP-0190,Sneha Reddy,EMP-0350,Male,1994-12-29,Operations,Executive,South - Bangalore,Walk-In,0.0,Fresher,2018-11-19,,240,229.0,6.0,4.0,1.0,2.0,Not Applicable(Active Employee),Active,Hybrid,Company Cab,9.43,37.0,11.0,62.0,59.0,4.0,3.0,Medium,3.0,32,11.0,7.8
EMP-0191,Vijay Sharma,EMP-0350,Male,1976-12-21,Operations,Executive,West - Mumbai,Campus Drive,0.0,Experienced,2020-12-29,2023-05-07,240,225.0,5.0,7.0,3.0,7.0,Work-Life Balance / Burnout,Inactive,Hybrid,Company Cab,16.32,78.0,26.0,80.0,0.73,3.0,3.0,Low,3.0,50,15.0,2.4
EMP-0192,Suresh Venkatesh,EMP-0320,Male,1969-04-24,Technology,Team Lead,South - Chennai,Walk-In,0.0,Experienced,2023-08-08,,240,225.0,3.0,9.0,3.0,8.0,Not Applicable(Active Employee),Active,Hybrid,Own Vehicle,25.48,86.0,39.0,72.0,77.0,5.0,3.0,High,3.0,57,15.0,3.1
EMP-0193,Rajesh Patel,EMP-0140,Male,2001-06-21,Engineering,Assistant Manager,South - Bangalore,LinkedIn,0.0,Experienced,2021-01-03,2023-12-03,240,223.0,6.0,10.0,1.0,8.0,Better Compensation & Benefits,Resigned,Onsite,Company Cab,16.32,90.0,1.0,0.71,78.0,5.0,3.0,Low,4.0,25,17.0,2.9
EMP-0194,Sneha Singh,DIR-0001,Female,1983-08-08,Technology,Manager,West - Mumbai,LinkedIn,0.0,Experienced,2022-11-24,,240,216.0,13.0,7.0,4.0,9.0,Not Applicable(Active Employee),Active,Hybrid,Own Vehicle,19.01,49.0,12.0,61.0,62.0,6.0,1.0,High,4.0,43,24.0,3.8
EMP-0195,Divya Joshi,EMP-0180,Male,1990-06-16,Sales,Assistant Manager,North - Delhi,Company Career Site,0.0,Experienced,2021-01-14,2023-05-06,240,228.0,4.0,5.0,3.0,4.0,Relocation / Personal Reasons,Inactive,Work From Home,Company Cab,11.81,54.0,31.0,67.0,69.0,5.0,4.0,High,3.0,36,12.0,2.3
EMP-0196,Sneha Rao,EMP-0220,Female,1993-07-30,Marketing,Assistant Manager,South - Bangalore,Walk-In,0.0,Experienced,2022-10-31,,240,212.0,5.0,9.0,9.0,15.0,Not Applicable(Active Employee),Active,Onsite,Company Cab,12.06,71.0,22.0,65.0,68.0,5.0,2.0,High,6.0,33,23.0,3.9
EMP-0197,Kavitha Rao,EMP-0120,Female,1993-12-07,Engineering,Executive,West - Mumbai,LinkedIn,0.0,Fresher,2019-12-27,,240,224.0,6.0,8.0,2.0,7.0,Not Applicable(Active Employee),Active,Onsite,Own Vehicle,25548.0,67.0,15.0,62.0,76.0,3.0,3.0,Medium,2.0,33,16.0,6.7
EMP-0198,Karthik Reddy,EMP-0010,Male,2000-09-02,Human Resources,Executive,South - Chennai,Company Career Site,0.0,Fresher,2018-02-02,2019-12-21,240,226.0,6.0,6.0,2.0,8.0,Work-Life Balance / Burnout,Resigned,Work From Home,Own Vehicle,25.48,76.0,31.0,82.0,78.0,5.0,3.0,High,2.0,26,14.0,1.9
EMP-0199,Lakshmi Kumar,DIR-0001,Male,1975-09-15,Operations,Manager,South - Chennai,Walk-In,0.0,Experienced,2021-10-31,,240,228.0,4.0,6.0,2.0,7.0,Not Applicable(Active Employee),Active,Work From Home,Own Vehicle,16.32,65.0,31.0,63.0,65.0,5.0,4.0,High,3.0,51,12.0,4.9
EMP-0200,Pooja Singh,EMP-0260,Female,1968-05-09,Finance,Assistant Manager,North - Delhi,Walk-In,0.0,Experienced,2021-08-16,,240,228.0,2.0,9.0,1.0,6.0,Not Applicable(Active Employee),Active,Onsite,Own Vehicle,22.61,49.0,33.0,64.0,65.0,4.0,4.0,High,2.0,58,12.0,5.1
EMP-0201,Manoj Iyer,EMP-0200,Male,1977-08-07,Sales,Executive,South - Bangalore,Company Career Site,0.0,Experienced,2022-06-15,,240,228.0,2.0,9.0,1.0,4.0,Not Applicable(Active Employee),Active,Hybrid,Company Cab,16.32,49.0,22.0,63.0,57.0,4.0,3.0,Low,3.0,49,12.0,4.3
EMP-0202,Pradeep Nair,EMP-0200,Male,1989-04-17,Sales,Executive,South - Chennai,Naukri,0.0,Experienced,2022-06-15,2022-05-26,240,225.0,3.0,9.0,3.0,5.0,Better Career Growth,Inactive,Hybrid,Company Cab,5.56,86.0,9.0,68.0,73.0,6.0,4.0,Low,3.0,37,15.0,0.0
EMP-0203,Kavitha Sharma,EMP-0120,Male,1976-04-21,Engineering,Senior Executive,South - Bangalore,LinkedIn,0.0,Experienced,2020-09-08,,240,222.0,6.0,10.0,2.0,2.0,Not Applicable(Active Employee),Active,Work From Home,Company Cab,7.46,42.0,14.0,64.0,66.0,7.0,3.0,Medium,3.0,50,18.0,6.0
EMP-0204,Anitha Singh,EMP-0100,Female,1972-10-24,Technology,Assistant Manager,South - Chennai,Walk-In,0.0,Experienced,2020-12-24,2022-09-30,240,218.0,9.0,6.0,7.0,13.0,Involuntary - Restructuring,Resigned,Work From Home,Own Vehicle,25.51,15.0,16.0,58.0,61.0,5.0,2.0,High,3.0,54,22.0,1.8
EMP-0205,Pooja Kumar,EMP-0010,Male,1985-01-10,Human Resources,Executive,South - Bangalore,LinkedIn,0.0,Fresher,2020-12-20,,240,231.0,3.0,6.0,0.0,3.0,Not Applicable(Active Employee),Active,Hybrid,Company Cab,16.32,97.0,39.0,0.66,70.0,4.0,3.0,High,3.0,41,9.0,5.7
EMP-0206,Ramesh Patel,EMP-0160,Male,1978-03-17,Sales,Executive,West - Mumbai,LinkedIn,0.0,Experienced,2019-10-07,,240,232.0,4.0,4.0,0.0,5.0,Not Applicable(Active Employee),Active,Hybrid,Company Cab,3.73,28.0,17.0,59.0,66.0,5.0,3.0,High,1.0,48,8.0,7.0
EMP-0207,Vijay Joshi,EMP-0300,Male,1982-02-05,Operations,Executive,South - Bangalore,Employee Referral,2500.0,Fresher,2021-07-21,2022-01-11,240,212.0,8.0,9.0,11.0,9.0,Involuntary - Performance,Inactive,Hybrid,Own Vehicle,5.99,89.0,8.0,63.0,68.0,6.0,1.0,High,1.0,44,28.0,0.5
EMP-0208,Anitha Kumar,DIR-0001,Male,1991-04-25,Technology,Manager,North - Delhi,Naukri,0.0,Experienced,2024-05-09,,240,218.0,6.0,8.0,8.0,15.0,Not Applicable(Active Employee),Active,Onsite,Own Vehicle,19.76,49.0,24.0,71.0,78.0,2.0,2.0,High,2.0,35,22.0,2.4
EMP-0209,Lakshmi Singh,EMP-0260,Female,1984-03-15,Finance,Senior Executive,South - Bangalore,Company Career Site,0.0,Experienced,2024-05-09,,240,226.0,5.0,7.0,2.0,3.0,Not Applicable(Active Employee),Active,Onsite,Company Cab,3.62,68.0,39.0,66.0,63.0,9.0,5.0,High,3.0,42,14.0,2.4
EMP-0210,Vikram Patel,EMP-0300,Male,1969-10-27,Technology,Senior Executive,East - Kolkata,Campus Drive,6250.0,Experienced,2019-05-15,2020-06-20,240,217.0,6.0,6.0,11.0,9.0,Better Compensation & Benefits,Inactive,Hybrid,Own Vehicle,7.44,68.0,13.0,67.0,76.0,7.0,1.0,High,3.0,57,23.0,1.1
EMP-0211,Deepa Singh,DIR-0001,Female,1973-03-10,Technology,Executive,South - Chennai,Naukri,0.0,Fresher,2019-05-08,,240,215.0,5.0,7.0,11.0,9.0,Not Applicable(Active Employee),Active,Onsite,Own Vehicle,16.32,52.0,24.0,68.0,0.67,4.0,1.0,High,4.0,53,23.0,7.4
EMP-0212,Manoj Reddy,EMP-0050,Male,1994-12-06,Technology,Executive,North - Delhi,LinkedIn,0.0,Fresher,2024-03-31,,240,223.0,6.0,5.0,6.0,20.0,Not Applicable(Active Employee),Active,Work From Home,Own Vehicle,20.45,50.0,21.0,64.0,63.0,1.0,2.0,High,3.0,32,17.0,2.5
EMP-0213,Pooja Kumar,EMP-0300,Female,2005-09-23,Operations,Executive,South - Bangalore,Naukri,0.0,Fresher,2021-02-18,,240,228.0,6.0,6.0,0.0,4.0,Not Applicable(Active Employee),Active,Onsite,Own Vehicle,19.47,22.0,29.0,63.0,67.0,6.0,5.0,Medium,2.0,21,12.0,5.6
EMP-0214,Vikram Sharma,EMP-0180,Male,1986-04-08,Sales,Team Lead,North - Delhi,Company Career Site,0.0,Experienced,2023-09-02,,240,227.0,2.0,8.0,3.0,4.0,Not Applicable(Active Employee),Active,Hybrid,Company Cab,8.99,54.0,19.0,60.0,64.0,5.0,4.0,High,3.0,40,13.0,3.0
EMP-0215,Rajesh Singh,EMP-0050,Male,1987-03-13,Technology,Executive,North - Delhi,Company Career Site,0.0,Fresher,2023-08-03,,240,224.0,6.0,7.0,3.0,8.0,Not Applicable(Active Employee),Active,Work From Home,Own Vehicle,20.95,98.0,20.0,85.0,83.0,4.0,3.0,Low,3.0,39,16.0,3.1
EMP-0216,Anitha Singh,EMP-0350,Female,2005-09-22,Operations,Senior Executive,North - Delhi,Naukri,0.0,Fresher,2019-11-02,,240,223.0,4.0,10.0,3.0,5.0,Not Applicable(Active Employee),Active,Hybrid,Own Vehicle,9.31,62.0,43.0,58.0,60.0,5.0,3.0,Medium,3.0,21,17.0,6.9
EMP-0217,Pradeep Joshi,EMP-0050,Male,1984-06-25,Technology,Team Lead,South - Chennai,Walk-In,0.0,Experienced,2022-11-08,,240,226.0,6.0,8.0,0.0,7.0,Not Applicable(Active Employee),Active,Onsite,Company Cab,16.32,51.0,31.0,0.54,64.0,5.0,4.0,High,1.0,42,14.0,3.9
EMP-0218,Meera Rao,DIR-0001,Male,1968-05-09,Human Resources,Manager,South - Bangalore,Naukri,0.0,Experienced,2022-12-27,,240,227.0,3.0,9.0,1.0,5.0,Not Applicable(Active Employee),Active,Onsite,Own Vehicle,21.79,72.0,20.0,69.0,65.0,6.0,3.0,Medium,4.0,58,13.0,3.7
EMP-0219,Suresh Iyer,EMP-0140,Male,1998-02-23,Engineering,Executive,West - Mumbai,Naukri,0.0,Fresher,2022-06-28,,240,232.0,2.0,5.0,1.0,3.0,Not Applicable(Active Employee),Active,Onsite,Own Vehicle,19.42,36.0,34.0,56.0,66.0,4.0,3.0,High,2.0,28,8.0,4.2
EMP-0220,Priya Patel,EMP-0010,Female,1991-06-12,Human Resources,Assistant Manager,North - Delhi,Walk-In,0.0,Experienced,2022-06-28,,240,216.0,14.0,4.0,6.0,8.0,Not Applicable(Active Employee),Active,Hybrid,Own Vehicle,24.31,47.0,31.0,61.0,62.0,8.0,1.0,High,3.0,35,24.0,4.2
EMP-0221,Ananya Singh,EMP-0100,Male,1985-09-16,Technology,Senior Executive,North - Delhi,Employee Referral,0.0,Fresher,2018-09-11,2020-10-11,240,225.0,5.0,7.0,3.0,5.0,Involuntary - Restructuring,Resigned,Onsite,Company Cab,16.32,69.0,29.0,71.0,65.0,7.0,3.0,Medium,3.0,41,15.0,2.1
EMP-0222,Kavitha Joshi,EMP-0050,Male,1972-07-24,Technology,Senior Executive,North - Delhi,LinkedIn,0.0,Fresher,2022-12-05,,240,231.0,2.0,5.0,2.0,5.0,Not Applicable(Active Employee),Active,Onsite,Own Vehicle,17.42,16.0,38.0,59.0,50.0,1.0,3.0,High,2.0,54,9.0,3.8
EMP-0223,Kavitha Reddy,EMP-0100,Female,1976-12-05,Technology,Executive,North - Delhi,Company Career Site,0.0,Experienced,2022-02-14,,240,230.0,5.0,4.0,1.0,5.0,Not Applicable(Active Employee),Active,Onsite,Own Vehicle,16.32,14.0,11.0,51.0,50.0,7.0,3.0,Medium,3.0,50,10.0,4.6
EMP-0224,Meera Iyer,EMP-0280,Female,2005-11-10,Finance,Senior Executive,South - Chennai,Company Career Site,0.0,Experienced,2018-06-07,,240,224.0,6.0,9.0,1.0,7.0,Not Applicable(Active Employee),Active,Hybrid,Own Vehicle,12.51,54.0,40.0,56.0,53.0,4.0,3.0,High,0.0,21,16.0,8.3
EMP-0225,Deepa Iyer,EMP-0050,Female,2005-08-05,Technology,Team Lead,South - Bangalore,Naukri,0.0,Experienced,2019-12-31,,240,229.0,2.0,8.0,1.0,3.0,Not Applicable(Active Employee),Active,Onsite,Own Vehicle,12000.0,67.0,17.0,62.0,60.0,3.0,3.0,Medium,3.0,21,11.0,6.7
EMP-0226,Pradeep Kumar,emp-0280,Male,1980-06-29,Finance,Assistant Manager,South - Chennai,Company Career Site,0.0,Experienced,2021-02-08,,240,225.0,5.0,10.0,1.0,2.0,Not Applicable(Active Employee),Active,Hybrid,Own Vehicle,16.32,-15.0,22.0,58.0,60.0,8.0,3.0,Medium,1.0,46,16.0,5.6
EMP-0227,Sneha Singh,EMP-0320,Male,2001-12-04,Technology,Executive,South - Bangalore,Employee Referral,2500.0,Fresher,2018-04-19,2019-02-25,240,231.0,2.0,5.0,2.0,5.0,Involuntary - Restructuring,Terminated,Hybrid,Company Cab,27.34,32.0,12.0,46.0,50.0,3.0,3.0,High,2.0,25,9.0,0.9
EMP-0228,Priya Venkatesh,EMP-0300,Female,1997-11-26,Operations,Assistant Manager,South - Bangalore,Naukri,0.0,Experienced,2022-06-19,,240,228.0,5.0,4.0,3.0,5.0,Not Applicable(Active Employee),Active,Onsite,Company Cab,13.13,51.0,20.0,61.0,64.0,7.0,4.0,Medium,3.0,29,12.0,4.3
EMP-0229,Karthik Singh,DIR-0001,Male,1989-09-25,Technology,Manager,West - Mumbai,Employee Referral,0.0,Experienced,2019-05-11,,240,225.0,5.0,7.0,3.0,7.0,Not Applicable(Active Employee),Active,Onsite,Own Vehicle,16.32,19.0,7.0,0.6,57.0,5.0,3.0,High,2.0,37,15.0,7.4
EMP-0230,Lakshmi Iyer,DIR-0001,Female,2002-06-13,Operations,Manager,East - Kolkata,Walk-In,0.0,Experienced,2022-03-29,2025-04-23,240,210.0,12.0,6.0,12.0,16.0,Work-Life Balance / Burnout,Inactive,Onsite,Own Vehicle,18.96,41.0,39.0,53.0,62.0,6.0,2.0,High,3.0,24,30.0,3.1
EMP-0231,Pooja Iyer,EMP-0180,Female,1979-03-31,Sales,Senior Executive,South - Bangalore,Recruitment Agency,6250.0,Fresher,2019-12-22,,240,228.0,5.0,7.0,0.0,1.0,Not Applicable(Active Employee),Active,Hybrid,Company Cab,16.32,62.0,6.0,66.0,0.67,6.0,3.0,Medium,3.0,47,12.0,6.7
EMP-0232,Pooja Kumar,EMP-0180,Male,1996-09-03,Sales,Team Lead,South - Bangalore,Naukri,0.0,Experienced,2020-02-03,2022-08-03,240,210.0,12.0,9.0,9.0,17.0,Involuntary - Restructuring,Inactive,Hybrid,Own Vehicle,15.81,39.0,22.0,56.0,63.0,4.0,2.0,High,2.0,30,30.0,2.5
EMP-0233,Suresh Reddy,EMP-0180,Male,1968-05-09,Sales,Senior Executive,West - Mumbai,Recruitment Agency,6250.0,Fresher,2022-03-10,2023-07-19,240,221.0,10.0,4.0,5.0,11.0,Better Career Growth,Inactive,Hybrid,Company Cab,17.63,48.0,43.0,68.0,76.0,2.0,1.0,High,5.0,58,19.0,1.4
EMP-0234,Sneha Sharma,EMP-0280,Female,2005-03-30,Finance,Assistant Manager,South - Chennai,Naukri,0.0,Experienced,2019-08-31,,240,226.0,6.0,8.0,0.0,5.0,Not Applicable(Active Employee),Active,Work From Home,Company Cab,15.57,40.0,31.0,73.0,82.0,5.0,3.0,High,3.0,21,14.0,7.1
EMP-0235,Suresh Kumar,EMP-0100,Male,1969-03-14,Technology,Senior Executive,South - Bangalore,Campus Drive,6250.0,Experienced,2020-02-18,,240,229.0,6.0,4.0,1.0,7.0,Not Applicable(Active Employee),Active,Onsite,Company Cab,16.32,91.0,10.0,75.0,75.0,7.0,3.0,Medium,0.0,57,11.0,6.6
EMP-0236,Priya Patel,EMP-0010,Female,1998-06-20,Human Resources,Executive,North - Delhi,Walk-In,0.0,Fresher,2018-01-06,,240,222.0,6.0,9.0,3.0,5.0,Not Applicable(Active Employee),Active,Hybrid,Company Cab,21.2,11.0,21.0,68.0,68.0,2.0,3.0,Medium,3.0,28,18.0,8.7
EMP-0237,Anitha Venkatesh,EMP-0100,Female,1995-11-25,Technology,Team Lead,North - Delhi,Employee Referral,0.0,Experienced,2020-06-28,,240,226.0,3.0,8.0,3.0,8.0,Not Applicable(Active Employee),Active,Onsite,Company Cab,10.38,87.0,21.0,77.0,79.0,4.0,3.0,Medium,3.0,31,14.0,6.2
EMP-0238,Lakshmi Venkatesh,EMP-0120,Female,1971-06-07,Engineering,Executive,North - Delhi,Naukri,0.0,Experienced,2022-09-30,,240,229.0,2.0,7.0,2.0,7.0,Not Applicable(Active Employee),Active,Onsite,Own Vehicle,4.1,86.0,42.0,72.0,78.0,8.0,4.0,High,3.0,55,11.0,4.0
EMP-0224,Karthik Rao,EMP-0010,Male,2003-07-24,Human Resources,Assistant Manager,South - Chennai,Company Career Site,0.0,Experienced,2018-05-23,2021-08-23,240,230.0,4.0,6.0,0.0,3.0,Better Career Growth,Resigned,Onsite,Own Vehicle,23172.0,21.0,24.0,67.0,67.0,5.0,4.0,Medium,2.0,23,10.0,3.3
EMP-0240,Pradeep Rao,EMP-0140,Male,1997-09-12,Engineering,Senior Executive,West - Mumbai,Company Career Site,0.0,Experienced,2018-07-06,,240,226.0,4.0,7.0,3.0,5.0,Not Applicable(Active Employee),Active,Hybrid,Public Transport,7.84,48.0,21.0,66.0,68.0,4.0,4.0,Medium,3.0,29,14.0,8.2
EMP-0241,Pradeep Patel,EMP-0350,Male,1979-09-27,Operations,Executive,South - Bangalore,Walk-In,0.0,Experienced,2019-10-05,2020-08-21,240,206.0,5.0,10.0,12.0,8.0,Better Compensation & Benefits,Inactive,Hybrid,Own Vehicle,16.32,52.0,27.0,54.0,58.0,3.0,1.0,High,2.0,47,27.0,0.9
EMP-0242,Priya Singh,DIR-0001,Female,2006-07-24,Human Resources,Manager,South - Bangalore,Naukri,0.0,Experienced,2018-06-08,,240,229.0,5.0,4.0,2.0,5.0,Not Applicable(Active Employee),Active,Onsite,Own Vehicle,26.87,22.0,28.0,63.0,61.0,4.0,3.0,Medium,3.0,20,11.0,8.3
EMP-0243,Karthik Singh,EMP-0010,Male,2002-04-08,Human Resources,Assistant Manager,South - Bangalore,Walk-In,0.0,Experienced,2022-06-12,,240,229.0,4.0,4.0,3.0,1.0,Not Applicable(Active Employee),Active,Onsite,Company Cab,25.91,55.0,12.0,60.0,65.0,8.0,3.0,Medium,3.0,24,11.0,4.3
EMP-0244,Anitha Patel,EMP-0050,Female,1973-05-05,Technology,Team Lead,South - Bangalore,LinkedIn,0.0,Experienced,2024-05-04,2025-10-21,240,209.0,14.0,7.0,10.0,8.0,Relocation / Personal Reasons,Inactive,Work From Home,Company Cab,12.57,36.0,17.0,58.0,56.0,5.0,2.0,High,2.0,53,31.0,1.5
EMP-0245,Meera Iyer,EMP-0010,Female,2006-04-04,Human Resources,Executive,South - Chennai,Company Career Site,0.0,Experienced,2020-12-09,2023-10-14,240,227.0,3.0,8.0,2.0,8.0,Involuntary - Performance,Inactive,Onsite,Own Vehicle,3.88,26.0,1.0,53.0,54.0,3.0,3.0,High,2.0,20,13.0,2.8
EMP-0246,Vikram Iyer,DIR-0001,Male,1969-08-12,Technology,Assistant Manager,South - Chennai,Naukri,0.0,Experienced,2021-08-21,,240,225.0,5.0,10.0,0.0,4.0,Not Applicable(Active Employee),Active,Onsite,Company Cab,26.24,69.0,28.0,74.0,77.0,9.0,3.0,High,1.0,57,15.0,5.1
EMP-0247,Divya Kumar,EMP-0220,Male,1997-07-30,Marketing,Assistant Manager,South - Chennai,Recruitment Agency,6250.0,Experienced,2020-09-05,,240,216.0,10.0,8.0,6.0,22.0,Not Applicable(Active Employee),Active,Hybrid,Own Vehicle,16.32,73.0,20.0,72.0,77.0,5.0,1.0,High,4.0,29,24.0,6.0
EMP-0248,Priya Rao,EMP-0200,Female,1975-05-13,Sales,Assistant Manager,South - Chennai,Naukri,0.0,Experienced,2019-09-18,2022-09-23,240,226.0,4.0,7.0,3.0,2.0,Relocation / Personal Reasons,Resigned,Hybrid,Own Vehicle,27.18,97.0,14.0,78.0,85.0,6.0,4.0,Low,3.0,51,14.0,3.0
EMP-0249,Divya Reddy,EMP-0075,Male,1982-01-06,Technology,Executive,South - Bangalore,Recruitment Agency,6250.0,Fresher,2019-03-11,,240,218.0,6.0,9.0,7.0,19.0,Not Applicable(Active Employee),Active,Onsite,Company Cab,27.11,44.0,26.0,61.0,58.0,5.0,2.0,High,5.0,44,22.0,7.5
EMP-0250,Vikram Rao,DIR-0001,Male,1972-11-27,Human Resources,Manager,South - Bangalore,Company Career Site,0.0,Experienced,2019-09-23,,240,231.0,3.0,6.0,0.0,7.0,Not Applicable(Active Employee),Active,Work From Home,Own Vehicle,24.4,79.0,30.0,71.0,70.0,8.0,5.0,Medium,3.0,54,9.0,7.0
EMP-0282,Karthik Kumar,DIR-0001,Male,1997-08-10,Operations,Manager,North - Delhi,Naukri,0.0,Experienced,2020-01-25,,240,233.0,2.0,5.0,0.0,8.0,Not Applicable(Active Employee),Active,Onsite,Company Cab,16.32,92.0,22.0,79.0,0.78,8.0,4.0,Medium,4.0,29,7.0,6.7
EMP-0252,Priya Rao,EMP-0280,Male,1993-09-01,Finance,Team Lead,South - Chennai,Company Career Site,0.0,Experienced,2022-03-25,,240,228.0,2.0,9.0,1.0,8.0,Not Applicable(Active Employee),Active,Onsite,Own Vehicle,12.93,39.0,22.0,74.0,84.0,6.0,3.0,High,3.0,33,12.0,4.5
EMP-0253,Karthik Patel,EMP-0010,Male,2006-04-28,Human Resources,Assistant Manager,South - Bangalore,Walk-In,0.0,Experienced,2021-10-14,2023-04-23,240,226.0,4.0,8.0,2.0,7.0,Better Compensation & Benefits,Resigned,Hybrid,Company Cab,16.32,80.0,23.0,62.0,89.0,7.0,5.0,Low,0.0,20,14.0,1.5
EMP-0254,Ananya Reddy,EMP-0010,Male,1985-07-22,Human Resources,Team Lead,South - Chennai,Company Career Site,0.0,Experienced,2020-09-29,,240,213.0,13.0,7.0,7.0,15.0,Not Applicable(Active Employee),Active,Hybrid,Own Vehicle,11.26,83.0,43.0,69.0,72.0,4.0,1.0,High,5.0,41,27.0,6.0
EMP-0255,Pooja Joshi,EMP-0025,Female,1984-12-11,Human Resources,Executive,North - Delhi,LinkedIn,0.0,Fresher,2021-01-17,,240,226.0,6.0,5.0,3.0,4.0,Not Applicable(Active Employee),Active,Work From Home,Company Cab,7.65,72.0,12.0,72.0,75.0,8.0,3.0,Medium,2.0,42,14.0,5.7
EMP-0256,Suresh Singh,DIR-0001,Male,2002-05-19,Engineering,Manager,South - Chennai,Naukri,0.0,Experienced,2021-01-17,,240,225.0,5.0,8.0,1.0,2.0,Not Applicable(Active Employee),Active,Onsite,Company Cab,17.14,37.0,21.0,74.0,74.0,8.0,3.0,Medium,4.0,24,14.0,5.7
EMP-0257,Sneha Singh,EMP-0120,Female,1969-04-06,Engineering,Senior Executive,South - Chennai,Walk-In,0.0,Fresher,2020-07-27,2022-07-20,240,223.0,4.0,10.0,3.0,6.0,Involuntary - Performance,Inactive,Onsite,Own Vehicle,26.44,69.0,42.0,59.0,69.0,10.0,3.0,High,4.0,57,17.0,2.0
EMP-0258,Vikram Iyer,EMP-0050,Male,2005-07-17,Technology,Team Lead,North - Delhi,Employee Referral,5000.0,Experienced,2018-02-25,,240,216.0,14.0,6.0,4.0,12.0,Not Applicable(Active Employee),Active,Hybrid,Own Vehicle,20.55,88.0,36.0,75.0,80.0,7.0,1.0,Medium,3.0,21,24.0,8.6
EMP-0259,Vijay Kumar,EMP-0100,Female,2001-04-14,Technology,Assistant Manager,West - Mumbai,Walk-In,0.0,Experienced,2022-04-28,,240,209.0,10.0,10.0,11.0,21.0,Not Applicable(Active Employee),Active,Onsite,Own Vehicle,16.32,46.0,32.0,67.0,70.0,5.0,2.0,High,2.0,25,31.0,4.4
EMP-0260,Pradeep Nair,EMP-0010,Male,1968-05-09,Human Resources,Executive,North - Delhi,Walk-In,0.0,Fresher,2021-03-20,,240,227.0,3.0,7.0,3.0,6.0,Not Applicable(Active Employee),Active,Hybrid,Own Vehicle,5.88,31.0,2.0,62.0,59.0,9.0,4.0,Low,2.0,58,13.0,5.5
EMP-0261,Kavitha Sharma,EMP-0160,Female,1983-04-23,Sales,Assistant Manager,West - Mumbai,Walk-In,0.0,Experienced,2023-04-24,,240,225.0,4.0,8.0,3.0,8.0,Not Applicable(Active Employee),Active,Hybrid,Own Vehicle,16.32,77.0,22.0,63.0,60.0,10.0,3.0,High,3.0,43,15.0,3.4
EMP-0262,Priya Rao,EMP-0050,Female,1983-06-25,Technology,Executive,South - Chennai,LinkedIn,0.0,Fresher,2021-02-07,,240,225.0,4.0,10.0,1.0,4.0,Not Applicable(Active Employee),Active,Work From Home,Company Cab,27.76,29.0,22.0,55.0,56.0,3.0,3.0,Medium,3.0,43,15.0,5.6
EMP-0263,Karthik Singh,EMP-0050,Male,1970-07-13,Technology,Team Lead,South - Bangalore,Campus Drive,6250.0,Experienced,2020-10-26,2021-05-11,240,226.0,6.0,7.0,1.0,7.0,Relocation / Personal Reasons,Resigned,Hybrid,Company Cab,6.93,77.0,28.0,72.0,72.0,8.0,3.0,High,3.0,56,14.0,0.5
EMP-0264,Sneha Venkatesh,EMP-0075,Female,1997-01-26,Technology,Assistant Manager,South - Bangalore,LinkedIn,0.0,Experienced,2018-12-21,,240,217.0,6.0,6.0,11.0,19.0,Not Applicable(Active Employee),Active,Hybrid,Own Vehicle,16.2,73.0,29.0,73.0,71.0,5.0,2.0,Medium,3.0,29,23.0,7.7
EMP-0265,Suresh Singh,EMP-0280,Male,1998-11-11,Finance,Executive,South - Chennai,Campus Drive,6250.0,Fresher,2024-05-08,,240,227.0,5.0,7.0,1.0,8.0,Not Applicable(Active Employee),Active,Onsite,Own Vehicle,16.32,26.0,38.0,0.61,65.0,3.0,3.0,High,2.0,28,13.0,2.4
EMP-0266,Vikram Joshi,EMP-0075,Male,1973-02-18,Technology,Executive,South - Bangalore,Walk-In,0.0,Fresher,2024-05-08,2021-09-21,240,217.0,6.0,5.0,12.0,17.0,Involuntary - Restructuring,Resigned,Work From Home,Own Vehicle,21.65,21.0,43.0,54.0,54.0,3.0,2.0,High,3.0,53,23.0,0.0
EMP-0267,Deepa Nair,DIR-0001,Female,1992-02-25,Sales,Manager,West - Mumbai,Employee Referral,0.0,Experienced,2020-05-16,,240,225.0,5.0,7.0,3.0,7.0,Not Applicable(Active Employee),Active,Onsite,Company Cab,24695.0,31.0,24.0,61.0,62.0,7.0,3.0,Medium,0.0,34,15.0,6.3
EMP-0268,Vijay Sharma,EMP-0025,Male,1997-07-03,Human Resources,Assistant Manager,North - Delhi,Recruitment Agency,6250.0,Experienced,2022-01-05,,240,226.0,4.0,10.0,0.0,8.0,Not Applicable(Active Employee),Active,Hybrid,Own Vehicle,20.71,26.0,36.0,58.0,61.0,6.0,4.0,High,0.0,29,14.0,4.7
EMP-0269,Divya Kumar,EMP-0160,Female,1986-11-22,Sales,Assistant Manager,West - Mumbai,Company Career Site,0.0,Experienced,2018-01-03,,240,227.0,2.0,8.0,3.0,1.0,Not Applicable(Active Employee),Active,Hybrid,Own Vehicle,12.31,19.0,7.0,54.0,54.0,9.0,3.0,Medium,5.0,40,13.0,8.7
EMP-0270,Pradeep Singh,EMP-0010,Male,1968-05-09,Human Resources,Assistant Manager,North - Delhi,Naukri,0.0,Experienced,2022-11-16,,240,229.0,3.0,7.0,1.0,2.0,Not Applicable(Active Employee),Active,Onsite,Company Cab,10.69,74.0,41.0,75.0,73.0,3.0,3.0,High,3.0,58,11.0,3.8
EMP-0271,Sneha Nair,emp-0320,Female,1968-12-30,Operations,Executive,North - Delhi,Recruitment Agency,6250.0,Fresher,2023-07-26,,240,209.0,5.0,10.0,8.0,7.0,Not Applicable(Active Employee),Active,Onsite,Company Cab,16.32,52.0,15.0,61.0,0.59,7.0,1.0,High,2.0,58,23.0,3.2
EMP-0272,Vijay Patel,EMP-0300,Male,1985-07-04,Operations,Executive,East - Kolkata,Employee Referral,2500.0,Fresher,2018-10-28,,240,222.0,6.0,9.0,3.0,2.0,Not Applicable(Active Employee),Active,Work From Home,Company Cab,23.35,99.0,7.0,70.0,79.0,2.0,4.0,Low,5.0,41,18.0,7.9
EMP-0273,Pradeep Sharma,EMP-0320,Male,2004-04-04,Operations,Assistant Manager,South - Bangalore,Walk-In,0.0,Experienced,2022-10-28,,240,207.0,11.0,10.0,12.0,14.0,Not Applicable(Active Employee),Active,Hybrid,Company Cab,24.74,91.0,0.0,76.0,73.0,5.0,1.0,High,3.0,22,33.0,3.9
EMP-0274,Arun Nair,EMP-0180,Male,1998-04-14,Sales,Executive,South - Chennai,LinkedIn,0.0,Fresher,2023-12-19,,240,224.0,4.0,9.0,3.0,1.0,Not Applicable(Active Employee),Active,Onsite,Own Vehicle,25.87,59.0,43.0,61.0,65.0,2.0,3.0,High,4.0,28,16.0,2.8
EMP-0275,Manoj Reddy,EMP-0240,Male,1990-07-21,Marketing,Assistant Manager,West - Mumbai,Naukri,0.0,Experienced,2024-05-08,,240,229.0,6.0,4.0,1.0,5.0,Not Applicable(Active Employee),Active,Hybrid,Company Cab,16.03,23.0,4.0,42.0,50.0,2.0,3.0,Medium,3.0,36,11.0,2.4
EMP-0276,Manoj Reddy,DIR-0001,Male,1981-06-08,Technology,Manager,South - Chennai,Naukri,0.0,Experienced,2019-11-07,,240,217.0,9.0,9.0,5.0,14.0,Not Applicable(Active Employee),Active,Onsite,Company Cab,16.32,73.0,22.0,69.0,71.0,8.0,2.0,High,4.0,45,23.0,6.9
EMP-0277,Ananya Rao,EMP-0240,Male,1977-01-18,Marketing,Executive,South - Chennai,Company Career Site,0.0,Fresher,2020-01-30,,240,218.0,7.0,10.0,5.0,15.0,Not Applicable(Active Employee),Active,Hybrid,Company Cab,16.32,56.0,0.0,0.64,76.0,7.0,1.0,High,2.0,49,22.0,6.6
EMP-0278,Ananya Venkatesh,DIR-0001,Female,2003-04-23,Sales,Manager,South - Bangalore,Recruitment Agency,6250.0,Experienced,2018-04-26,,240,226.0,3.0,9.0,2.0,1.0,Not Applicable(Active Employee),Active,Onsite,Company Cab,19.42,38.0,3.0,52.0,57.0,4.0,4.0,Low,2.0,23,14.0,8.4
EMP-0279,Karthik Kumar,DIR-0001,Male,1992-01-14,Marketing,Manager,South - Chennai,Campus Drive,6250.0,Experienced,2023-12-13,,240,224.0,6.0,6.0,4.0,12.0,Not Applicable(Active Employee),Active,Onsite,Own Vehicle,20.7,85.0,39.0,75.0,87.0,3.0,2.0,High,3.0,34,16.0,2.8
EMP-0280,Ramesh Reddy,DIR-0001,Male,1970-02-17,Sales,Manager,South - Chennai,Recruitment Agency,6250.0,Experienced,2022-09-18,2024-10-08,240,227.0,4.0,6.0,3.0,3.0,Better Career Growth,Resigned,Onsite,Company Cab,23.0,45.0,34.0,57.0,56.0,6.0,3.0,High,3.0,56,13.0,2.1
EMP-0281,Rajesh Patel,DIR-0001,Male,1986-12-01,Sales,Executive,North - Delhi,Naukri,0.0,Fresher,2019-04-18,,240,213.0,9.0,8.0,10.0,17.0,Not Applicable(Active Employee),Active,Hybrid,Company Cab,16.32,52.0,31.0,62.0,64.0,5.0,1.0,High,3.0,40,27.0,7.4
EMP-0282,Vijay Joshi,EMP-0260,Male,1972-02-15,Finance,Team Lead,South - Chennai,Company Career Site,0.0,Experienced,2020-02-11,,240,231.0,3.0,5.0,1.0,2.0,Not Applicable(Active Employee),Active,Onsite,Own Vehicle,11.78,85.0,41.0,67.0,72.0,8.0,3.0,High,3.0,54,9.0,6.6
EMP-0283,Pradeep Singh,EMP-0140,Male,1983-02-09,Engineering,Team Lead,West - Mumbai,Employee Referral,5000.0,Experienced,2024-06-26,,240,213.0,12.0,8.0,7.0,15.0,Not Applicable(Active Employee),Active,Hybrid,Company Cab,16.32,16.0,33.0,55.0,56.0,5.0,2.0,High,4.0,43,27.0,2.2
EMP-0284,Pradeep Joshi,EMP-0010,Female,2003-12-09,Human Resources,Executive,South - Bangalore,Employee Referral,2500.0,Fresher,2019-08-16,,240,228.0,6.0,5.0,1.0,8.0,Not Applicable(Active Employee),Active,Onsite,Company Cab,5.8,38.0,42.0,58.0,69.0,4.0,3.0,High,3.0,23,12.0,7.1
EMP-0285,Sanjay Patel,EMP-0010,Male,1977-05-29,Human Resources,Executive,West - Mumbai,Walk-In,0.0,Fresher,2021-12-12,,240,215.0,10.0,7.0,8.0,18.0,Not Applicable(Active Employee),Active,Hybrid,Own Vehicle,17.67,20.0,24.0,51.0,55.0,6.0,2.0,High,2.0,49,25.0,4.8
EMP-0286,Arun Singh,EMP-0200,Male,1997-03-23,Sales,Senior Executive,South - Chennai,Naukri,0.0,Experienced,2022-03-29,,240,225.0,5.0,10.0,3.0,5.0,Not Applicable(Active Employee),Active,Onsite,Own Vehicle,4.38,42.0,9.0,60.0,57.0,8.0,3.0,Low,6.0,29,18.0,4.5
EMP-0287,Sneha Singh,EMP-0180,Female,1981-06-14,Sales,Senior Executive,South - Chennai,LinkedIn,0.0,Fresher,2023-02-12,,240,216.0,14.0,5.0,5.0,15.0,Not Applicable(Active Employee),Active,Hybrid,Own Vehicle,14.91,15.0,20.0,70.0,65.0,6.0,2.0,Medium,3.0,45,24.0,3.6
EMP-0288,Karthik Nair,EMP-0100,Male,1982-01-20,Technology,Assistant Manager,East - Kolkata,Company Career Site,0.0,Experienced,2023-02-12,,240,213.0,11.0,8.0,8.0,18.0,Not Applicable(Active Employee),Active,Hybrid,Company Cab,16.79,88.0,38.0,61.0,55.0,5.0,2.0,High,3.0,44,27.0,3.6
EMP-0289,Rajesh Patel,EMP-0100,Male,1979-04-09,Technology,Executive,West - Mumbai,Company Career Site,0.0,Fresher,2024-04-17,,240,224.0,5.0,9.0,2.0,7.0,Not Applicable(Active Employee),Active,Hybrid,Own Vehicle,16.32,41.0,26.0,0.64,66.0,5.0,3.0,High,3.0,47,16.0,2.4
EMP-0290,Lakshmi Joshi,DIR-0001,Male,1998-02-14,Human Resources,Manager,South - Bangalore,Naukri,0.0,Experienced,2022-11-18,,240,228.0,4.0,5.0,3.0,8.0,Not Applicable(Active Employee),Active,Onsite,Own Vehicle,17.98,60.0,26.0,76.0,79.0,7.0,3.0,Medium,3.0,28,12.0,3.8
EMP-0291,Pooja Rao,EMP-0200,Male,1968-10-31,Sales,Executive,South - Bangalore,LinkedIn,0.0,Experienced,2023-01-18,,240,230.0,2.0,5.0,3.0,6.0,Not Applicable(Active Employee),Active,Onsite,Company Cab,16.32,84.0,1.0,68.0,0.72,8.0,4.0,Low,3.0,58,10.0,3.7
EMP-0292,Karthik Joshi,EMP-0050,Male,1993-11-16,Technology,Senior Executive,South - Bangalore,Company Career Site,0.0,Experienced,2020-04-04,,240,213.0,10.0,9.0,8.0,8.0,Not Applicable(Active Employee),Active,Work From Home,Public Transport,4.42,67.0,40.0,68.0,77.0,7.0,2.0,High,3.0,33,27.0,6.5
EMP-0293,Deepa Reddy,EMP-0260,Male,2004-12-15,Finance,Assistant Manager,South - Bangalore,Campus Drive,6250.0,Experienced,2018-05-19,,240,229.0,5.0,6.0,0.0,1.0,Not Applicable(Active Employee),Active,Onsite,Public Transport,23.65,96.0,12.0,59.0,67.0,9.0,3.0,Low,4.0,22,11.0,8.3
EMP-0294,Deepa Iyer,EMP-0050,Female,1996-08-12,Technology,Assistant Manager,South - Chennai,Company Career Site,0.0,Experienced,2022-07-24,,240,222.0,6.0,9.0,3.0,5.0,Not Applicable(Active Employee),Active,Hybrid,Company Cab,12.32,35.0,8.0,60.0,60.0,9.0,3.0,Medium,4.0,30,18.0,4.2
EMP-0295,Ramesh Iyer,EMP-0120,Male,2006-04-02,Engineering,Executive,South - Chennai,Campus Drive,6250.0,Fresher,2023-04-11,2024-12-18,240,227.0,3.0,8.0,2.0,4.0,Work-Life Balance / Burnout,Inactive,Work From Home,Company Cab,16.32,55.0,35.0,59.0,55.0,6.0,4.0,High,3.0,20,13.0,1.7
EMP-0296,Kavitha Venkatesh,EMP-0010,Female,2000-08-04,Human Resources,Assistant Manager,South - Bangalore,LinkedIn,0.0,Experienced,2020-02-03,,240,215.0,9.0,8.0,8.0,18.0,Not Applicable(Active Employee),Active,Hybrid,Own Vehicle,16.29,38.0,21.0,64.0,61.0,6.0,1.0,High,4.0,26,25.0,6.6
EMP-0297,Karthik Sharma,DIR-0001,Male,1984-05-04,Engineering,Manager,South - Bangalore,Campus Drive,6250.0,Experienced,2024-05-05,,240,228.0,3.0,9.0,0.0,1.0,Not Applicable(Active Employee),Active,Hybrid,Own Vehicle,22.36,13.0,41.0,50.0,50.0,5.0,3.0,High,3.0,42,12.0,2.4
EMP-0298,Sneha Nair,EMP-0120,Female,1974-10-01,Engineering,Executive,South - Bangalore,LinkedIn,0.0,Fresher,2022-07-04,,240,209.0,10.0,10.0,11.0,8.0,Not Applicable(Active Employee),Active,Hybrid,Company Cab,8.79,90.0,25.0,91.0,93.0,5.0,2.0,High,3.0,52,31.0,4.2
EMP-0299,Manoj Joshi,EMP-0120,Male,1986-05-27,Engineering,Executive,West - Mumbai,Employee Referral,2500.0,Fresher,2022-02-28,,240,227.0,6.0,6.0,1.0,2.0,Not Applicable(Active Employee),Active,Onsite,Company Cab,18.76,22.0,11.0,58.0,62.0,7.0,4.0,Low,4.0,40,13.0,4.6
EMP-0300,Vijay Nair,EMP-0350,Male,1970-11-21,Operations,Senior Executive,South - Bangalore,Recruitment Agency,6250.0,Experienced,2021-12-03,,240,227.0,4.0,6.0,3.0,3.0,Not Applicable(Active Employee),Active,Onsite,Own Vehicle,5.59,48.0,16.0,62.0,61.0,5.0,3.0,Medium,2.0,56,13.0,4.8
EMP-0301,Suresh Rao,EMP-0050,Male,1979-12-22,Technology,Assistant Manager,South - Chennai,Employee Referral,0.0,Experienced,2022-08-21,,240,214.0,5.0,5.0,12.0,22.0,Not Applicable(Active Employee),Active,Onsite,Own Vehicle,16.32,52.0,22.0,51.0,54.0,7.0,2.0,High,5.0,47,22.0,4.1
EMP-0302,Sneha Rao,EMP-0075,Female,1979-07-03,Technology,Assistant Manager,North - Delhi,LinkedIn,0.0,Experienced,2018-11-17,,240,226.0,4.0,8.0,2.0,3.0,Not Applicable(Active Employee),Active,Work From Home,Own Vehicle,16.52,38.0,13.0,60.0,64.0,5.0,3.0,Medium,3.0,47,14.0,7.8
EMP-0303,Pradeep Reddy,DIR-0001,Male,1978-09-12,Marketing,Manager,South - Bangalore,Employee Referral,6250.0,Experienced,2023-11-19,2026-03-09,240,223.0,4.0,10.0,3.0,5.0,Involuntary - Performance,Inactive,Hybrid,Company Cab,16.75,38.0,33.0,65.0,68.0,5.0,4.0,High,3.0,48,17.0,2.3
EMP-0304,Pooja Nair,EMP-0350,Female,1969-03-29,Operations,Executive,West - Mumbai,Company Career Site,0.0,Fresher,2022-05-31,,240,226.0,4.0,10.0,0.0,8.0,Not Applicable(Active Employee),Active,Onsite,Own Vehicle,19.12,84.0,19.0,73.0,71.0,4.0,5.0,Medium,2.0,57,14.0,4.3
EMP-0305,Lakshmi Reddy,DIR-0001,Female,1981-12-05,Human Resources,Manager,South - Bangalore,LinkedIn,0.0,Experienced,2022-11-16,2024-04-09,240,225.0,5.0,7.0,3.0,7.0,Better Career Growth,Inactive,Onsite,Company Cab,21.29,41.0,10.0,56.0,61.0,6.0,1.0,High,3.0,45,15.0,1.4
EMP-0306,Manoj Patel,EMP-0320,Female,1987-07-25,Operations,Assistant Manager,South - Bangalore,Employee Referral,5000.0,Experienced,2021-06-13,2023-04-29,240,232.0,2.0,5.0,1.0,7.0,Involuntary - Performance,Inactive,Hybrid,Own Vehicle,27.41,11.0,15.0,50.0,62.0,7.0,4.0,Low,4.0,39,8.0,1.9
EMP-0307,Suresh Patel,DIR-0001,Male,1969-08-29,Operations,Manager,West - Mumbai,Employee Referral,6250.0,Experienced,2022-06-09,,240,215.0,14.0,6.0,5.0,7.0,Not Applicable(Active Employee),Active,Onsite,Company Cab,16.32,56.0,30.0,69.0,73.0,5.0,1.0,High,0.0,57,25.0,4.3
EMP-0308,Priya Venkatesh,EMP-0200,Female,1974-02-13,Sales,Team Lead,South - Chennai,Recruitment Agency,6250.0,Experienced,2020-09-20,,240,229.0,5.0,4.0,2.0,2.0,Not Applicable(Active Employee),Active,Onsite,Company Cab,11.41,87.0,5.0,73.0,61.0,8.0,3.0,Medium,3.0,52,11.0,6.0
EMP-0309,Sneha Venkatesh,DIR-0001,Female,2004-01-17,Technology,Manager,South - Bangalore,Recruitment Agency,6250.0,Experienced,2023-01-21,2025-07-08,240,227.0,5.0,6.0,2.0,7.0,Better Compensation & Benefits,Inactive,Hybrid,Own Vehicle,27576.0,93.0,18.0,62.0,65.0,3.0,4.0,Medium,3.0,22,13.0,2.5
EMP-0310,Sanjay Reddy,EMP-0075,Male,1975-11-23,Technology,Executive,South - Chennai,Recruitment Agency,6250.0,Fresher,2018-03-12,,240,218.0,11.0,4.0,7.0,15.0,Not Applicable(Active Employee),Active,Hybrid,Company Cab,10.14,31.0,36.0,51.0,59.0,7.0,2.0,High,3.0,51,22.0,8.5
EMP-0311,Deepa Nair,EMP-0320,Male,1989-10-17,Operations,Team Lead,North - Delhi,LinkedIn,0.0,Experienced,2020-07-08,,240,228.0,2.0,8.0,2.0,4.0,Not Applicable(Active Employee),Active,Onsite,Company Cab,16.32,84.0,3.0,70.0,0.69,1.0,5.0,Low,1.0,37,12.0,6.2
EMP-0312,Divya Nair,EMP-0050,Female,1971-10-07,Technology,Executive,South - Bangalore,Walk-In,0.0,Experienced,2019-06-10,2020-10-29,240,213.0,7.0,9.0,11.0,22.0,Relocation / Personal Reasons,Inactive,Hybrid,Company Cab,5.42,36.0,3.0,54.0,68.0,6.0,1.0,High,1.0,55,27.0,1.4
EMP-0313,Rajesh Venkatesh,EMP-0100,Male,1970-11-07,Technology,Executive,West - Mumbai,Employee Referral,0.0,Experienced,2019-02-13,2021-12-10,240,224.0,4.0,9.0,3.0,2.0,Involuntary - Restructuring,Terminated,Hybrid,Own Vehicle,16.32,76.0,19.0,0.71,75.0,5.0,4.0,Medium,3.0,56,16.0,2.8
EMP-0314,Suresh Singh,EMP-0025,Male,1998-02-16,Human Resources,Executive,North - Delhi,LinkedIn,0.0,Fresher,2018-09-08,2019-02-03,240,233.0,3.0,4.0,0.0,5.0,Involuntary - Performance,Inactive,Onsite,Own Vehicle,27.08,90.0,9.0,73.0,68.0,3.0,3.0,Medium,3.0,28,7.0,0.4
EMP-0315,Lakshmi Singh,EMP-0075,Male,2005-02-09,Technology,Assistant Manager,North - Delhi,Walk-In,0.0,Experienced,2021-08-31,,240,231.0,5.0,4.0,0.0,4.0,Not Applicable(Active Employee),Active,Work From Home,Own Vehicle,23.98,65.0,23.0,72.0,65.0,8.0,3.0,Medium,3.0,21,9.0,5.1
EMP-0316,Meera Joshi,DIR-0001,Male,1993-08-11,Technology,Assistant Manager,South - Bangalore,Naukri,0.0,Experienced,2021-03-21,,240,211.0,5.0,5.0,10.0,15.0,Not Applicable(Active Employee),Active,Onsite,Own Vehicle,20.55,-15.0,34.0,63.0,73.0,4.0,2.0,High,2.0,33,20.0,5.5
EMP-0317,Anitha Sharma,EMP-0075,Male,1991-05-31,Technology,Team Lead,South - Chennai,Company Career Site,0.0,Experienced,2023-04-20,2024-03-02,240,224.0,4.0,9.0,3.0,3.0,Better Career Growth,Inactive,Onsite,Company Cab,13.52,56.0,25.0,62.0,70.0,3.0,3.0,Medium,4.0,35,16.0,0.9
EMP-0318,Pooja Patel,EMP-0010,Male,1991-07-24,Human Resources,Senior Executive,West - Mumbai,Naukri,0.0,Experienced,2023-04-20,,240,226.0,5.0,9.0,0.0,8.0,Not Applicable(Active Employee),Active,Onsite,Company Cab,7.75,89.0,36.0,67.0,81.0,6.0,3.0,High,3.0,35,14.0,3.4
EMP-0319,Vijay Rao,EMP-0300,Male,1972-01-18,Operations,Senior Executive,South - Bangalore,Recruitment Agency,6250.0,Experienced,2024-05-10,,240,218.0,12.0,6.0,4.0,19.0,Not Applicable(Active Employee),Active,Hybrid,Own Vehicle,16.32,68.0,37.0,74.0,77.0,6.0,2.0,High,3.0,54,22.0,2.4
EMP-0320,Vikram Patel,EMP-0075,Male,2002-09-06,Technology,Senior Executive,North - Delhi,Company Career Site,0.0,Experienced,2018-09-20,,240,228.0,4.0,5.0,3.0,8.0,Not Applicable(Active Employee),Active,Onsite,Own Vehicle,9.63,93.0,20.0,74.0,77.0,5.0,3.0,Medium,0.0,24,12.0,8.0
EMP-0321,Suresh Patel,EMP-0200,Male,1994-03-18,Sales,Executive,South - Bangalore,Company Career Site,0.0,Experienced,2018-12-08,2020-10-08,240,225.0,3.0,10.0,2.0,2.0,Work-Life Balance / Burnout,Inactive,Hybrid,Own Vehicle,16.32,15.0,39.0,53.0,53.0,7.0,4.0,High,4.0,32,15.0,1.8
EMP-0322,Arun Singh,EMP-0010,Male,2001-05-16,Human Resources,Assistant Manager,South - Chennai,LinkedIn,0.0,Experienced,2019-07-13,2022-04-13,240,226.0,4.0,8.0,2.0,1.0,Involuntary - Performance,Inactive,Hybrid,Company Cab,21.01,28.0,38.0,61.0,60.0,6.0,3.0,High,2.0,25,14.0,2.8
EMP-0323,Rajesh Iyer,EMP-0050,Female,1977-11-10,Technology,Executive,West - Mumbai,LinkedIn,0.0,Fresher,2022-05-31,2024-09-10,240,228.0,5.0,6.0,1.0,2.0,Involuntary - Performance,Inactive,Onsite,Company Cab,23604.0,66.0,20.0,72.0,73.0,10.0,4.0,Medium,2.0,49,12.0,2.3
EMP-0324,Sneha Iyer,EMP-0100,Female,1977-08-08,Technology,Team Lead,South - Chennai,Company Career Site,0.0,Experienced,2021-09-16,2024-12-26,240,230.0,5.0,4.0,1.0,1.0,Involuntary - Performance,Terminated,Hybrid,Own Vehicle,10.36,78.0,9.0,71.0,75.0,3.0,3.0,High,2.0,49,10.0,3.3
EMP-0325,Priya Singh,EMP-0010,Female,1979-05-29,Human Resources,Executive,South - Bangalore,Employee Referral,0.0,Fresher,2018-11-20,,240,215.0,6.0,10.0,9.0,7.0,Not Applicable(Active Employee),Active,Onsite,Own Vehicle,16.32,12.0,37.0,0.57,55.0,8.0,1.0,High,1.0,47,25.0,7.8
EMP-0326,Lakshmi Iyer,EMP-0140,Male,1991-12-06,Engineering,Senior Executive,North - Delhi,Recruitment Agency,6250.0,Fresher,2018-10-09,,240,226.0,3.0,10.0,1.0,2.0,Not Applicable(Active Employee),Active,Hybrid,Company Cab,16.32,10.0,22.0,40.0,50.0,6.0,3.0,Medium,3.0,35,14.0,7.9
EMP-0327,Divya Sharma,EMP-0120,Male,1973-01-24,Engineering,Assistant Manager,East - Kolkata,Naukri,0.0,Experienced,2020-02-14,,240,228.0,6.0,5.0,1.0,4.0,Not Applicable(Active Employee),Active,Hybrid,Company Cab,17.08,67.0,44.0,59.0,62.0,7.0,3.0,High,3.0,53,12.0,6.6
EMP-0328,Ramesh Venkatesh,EMP-0025,Male,1989-04-20,Human Resources,Executive,West - Mumbai,Campus Drive,6250.0,Fresher,2020-06-25,2023-09-25,240,225.0,4.0,10.0,1.0,1.0,Involuntary - Restructuring,Resigned,Hybrid,Company Cab,18.49,47.0,19.0,67.0,66.0,4.0,3.0,High,1.0,37,15.0,3.2
EMP-0329,Sneha Iyer,EMP-0160,Male,2003-07-03,Sales,Executive,South - Chennai,Campus Drive,6250.0,Fresher,2018-07-16,2019-10-09,240,214.0,10.0,10.0,6.0,10.0,Involuntary - Restructuring,Inactive,Hybrid,Own Vehicle,13.78,24.0,16.0,65.0,52.0,6.0,2.0,High,4.0,23,26.0,1.2
EMP-0330,Vijay Rao,EMP-0010,Male,2000-02-07,Human Resources,Senior Executive,South - Chennai,Naukri,0.0,Experienced,2019-08-10,,240,214.0,14.0,6.0,6.0,9.0,Not Applicable(Active Employee),Active,Hybrid,Company Cab,9.57,43.0,6.0,58.0,63.0,1.0,2.0,High,3.0,26,26.0,7.1
EMP-0331,Vijay Patel,EMP-0320,Male,1968-12-11,Operations,Team Lead,West - Mumbai,Campus Drive,6250.0,Experienced,2020-10-15,,240,233.0,5.0,5.0,0.0,6.0,Not Applicable(Active Employee),Active,Hybrid,Own Vehicle,16.32,52.0,3.0,51.0,65.0,1.0,4.0,Low,2.0,58,10.0,5.9
EMP-0332,Ramesh Venkatesh,DIR-0001,Male,2001-03-03,Engineering,Manager,South - Bangalore,Company Career Site,0.0,Experienced,2020-12-21,,240,227.0,3.0,8.0,2.0,1.0,Not Applicable(Active Employee),Active,Hybrid,Company Cab,22.07,44.0,28.0,59.0,56.0,6.0,4.0,Medium,4.0,25,13.0,5.7
EMP-0333,Sanjay Joshi,EMP-0025,Male,2003-05-20,Human Resources,Executive,South - Bangalore,Naukri,0.0,Experienced,2020-08-08,,240,231.0,3.0,6.0,0.0,3.0,Not Applicable(Active Employee),Active,Hybrid,Own Vehicle,3.85,73.0,13.0,73.0,79.0,5.0,3.0,Medium,6.0,23,9.0,6.1
EMP-0334,Kavitha Venkatesh,EMP-0140,Male,1985-04-03,Engineering,Senior Executive,South - Bangalore,Naukri,0.0,Experienced,2022-06-12,2022-10-16,240,215.0,12.0,8.0,5.0,19.0,Better Career Growth,Inactive,Onsite,Company Cab,6.34,34.0,2.0,52.0,57.0,4.0,2.0,High,5.0,41,25.0,0.3
EMP-0335,Rajesh Patel,EMP-0260,Male,1999-06-05,Finance,Executive,South - Chennai,Company Career Site,0.0,Experienced,2019-07-31,,240,215.0,7.0,7.0,11.0,20.0,Not Applicable(Active Employee),Active,Hybrid,Company Cab,4.63,33.0,23.0,62.0,66.0,2.0,1.0,High,3.0,27,25.0,7.1
EMP-0336,Manoj Venkatesh,EMP-0100,Male,1998-09-27,Technology,Executive,South - Bangalore,Employee Referral,2500.0,Experienced,2024-07-14,2026-07-13,240,228.0,4.0,8.0,0.0,8.0,Involuntary - Performance,Inactive,Hybrid,Own Vehicle,4.5,21.0,36.0,58.0,73.0,3.0,3.0,High,2.0,28,12.0,2.0
EMP-0337,Pradeep Singh,EMP-0100,Male,1978-08-08,Technology,Assistant Manager,South - Chennai,Naukri,0.0,Experienced,2023-06-19,,240,229.0,6.0,5.0,0.0,5.0,Not Applicable(Active Employee),Active,Onsite,Company Cab,16.32,27.0,15.0,62.0,50.0,5.0,4.0,Medium,2.0,48,11.0,3.3
EMP-0338,Kavitha Venkatesh,EMP-0320,Female,1985-08-17,Operations,Executive,South - Bangalore,Walk-In,0.0,Fresher,2020-12-15,,240,226.0,5.0,9.0,0.0,1.0,Not Applicable(Active Employee),Active,Hybrid,Public Transport,20.74,24.0,3.0,64.0,65.0,6.0,3.0,Medium,5.0,41,14.0,5.8
EMP-0339,Pradeep Singh,EMP-0100,Male,2004-11-26,Technology,Team Lead,North - Delhi,Naukri,0.0,Experienced,2021-07-28,,240,207.0,13.0,10.0,10.0,14.0,Not Applicable(Active Employee),Active,Hybrid,Company Cab,15.12,89.0,23.0,72.0,79.0,3.0,1.0,High,2.0,22,33.0,5.1
EMP-0340,Lakshmi Kumar,EMP-0050,Male,2006-07-20,Technology,Executive,West - Mumbai,Company Career Site,0.0,Experienced,2022-10-02,,240,228.0,2.0,7.0,3.0,2.0,Not Applicable(Active Employee),Active,Onsite,Company Cab,5.9,36.0,33.0,61.0,63.0,9.0,4.0,High,3.0,20,12.0,4.0
EMP-0341,Suresh Singh,EMP-0010,Male,1996-04-27,Human Resources,Executive,South - Bangalore,Walk-In,0.0,Fresher,2024-04-09,,240,231.0,2.0,6.0,1.0,2.0,Not Applicable(Active Employee),Active,Onsite,Own Vehicle,16.32,81.0,29.0,63.0,71.0,4.0,3.0,Medium,4.0,30,9.0,2.4
EMP-0342,Arun Nair,EMP-0075,Male,2002-05-24,Technology,Senior Executive,North - Delhi,Employee Referral,2500.0,Experienced,2021-10-17,2022-07-11,240,229.0,3.0,6.0,2.0,7.0,Relocation / Personal Reasons,Inactive,Work From Home,Company Cab,15.1,69.0,17.0,66.0,62.0,7.0,3.0,Medium,3.0,24,11.0,0.7
EMP-0343,Karthik Rao,EMP-0300,Male,1980-04-16,Operations,Executive,South - Chennai,Walk-In,0.0,Experienced,2020-03-04,,240,225.0,5.0,7.0,3.0,7.0,Not Applicable(Active Employee),Active,Hybrid,Company Cab,16.32,55.0,18.0,73.0,70.0,2.0,3.0,Medium,5.0,46,15.0,6.5
EMP-0344,Lakshmi Joshi,EMP-0160,Female,1990-01-20,Sales,Assistant Manager,South - Bangalore,Employee Referral,5000.0,Experienced,2020-03-04,,240,209.0,14.0,6.0,11.0,16.0,Not Applicable(Active Employee),Active,Hybrid,Own Vehicle,14.13,98.0,30.0,65.0,72.0,2.0,2.0,High,2.0,36,31.0,6.5
EMP-0345,Lakshmi Reddy,EMP-0350,Male,2005-09-24,Operations,Assistant Manager,East - Kolkata,LinkedIn,0.0,Experienced,2021-09-14,,240,227.0,6.0,7.0,0.0,2.0,Not Applicable(Active Employee),Active,Onsite,Own Vehicle,13.26,26.0,18.0,65.0,62.0,7.0,3.0,High,0.0,21,13.0,5.0
EMP-0346,Pooja Venkatesh,EMP-0010,Female,2004-10-16,Human Resources,Assistant Manager,South - Chennai,Recruitment Agency,6250.0,Experienced,2018-10-02,,240,210.0,5.0,9.0,7.0,14.0,Not Applicable(Active Employee),Active,Hybrid,Company Cab,18.59,62.0,18.0,66.0,72.0,9.0,1.0,Medium,3.0,22,21.0,8.0
EMP-0347,Sneha Nair,EMP-0320,Male,1999-05-01,Operations,Assistant Manager,South - Chennai,Walk-In,0.0,Experienced,2022-07-31,2023-06-07,240,227.0,5.0,5.0,3.0,6.0,Relocation / Personal Reasons,Inactive,Hybrid,Own Vehicle,19.06,17.0,21.0,60.0,64.0,5.0,3.0,Low,3.0,27,13.0,0.9
EMP-0348,Arun Reddy,EMP-0140,Male,1983-10-13,Engineering,Executive,West - Mumbai,LinkedIn,0.0,Fresher,2023-02-12,,240,225.0,5.0,7.0,3.0,2.0,Not Applicable(Active Employee),Active,Onsite,Own Vehicle,4.61,88.0,23.0,80.0,80.0,1.0,3.0,Medium,4.0,43,15.0,3.6
EMP-0349,Pooja Joshi,EMP-0010,Female,2004-06-27,Human Resources,Executive,South - Chennai,Company Career Site,0.0,Fresher,2022-10-15,,240,213.0,11.0,7.0,9.0,18.0,Not Applicable(Active Employee),Active,Onsite,Company Cab,16.32,36.0,44.0,0.57,61.0,1.0,2.0,High,4.0,22,27.0,3.9
EMP-0350,Kavitha Patel,DIR-0001,Female,1988-05-01,Human Resources,Manager,South - Bangalore,Campus Drive,6250.0,Experienced,2021-11-23,,240,229.0,4.0,6.0,1.0,8.0,Not Applicable(Active Employee),Active,Onsite,Company Cab,18.83,55.0,11.0,57.0,53.0,5.0,5.0,Low,3.0,38,11.0,4.8
EMP-0351,Kavitha Rao,DIR-0001,Male,1996-08-10,Technology,Manager,South - Bangalore,Naukri,0.0,Experienced,2018-08-21,,240,234.0,2.0,4.0,0.0,2.0,Not Applicable(Active Employee),Active,Onsite,Company Cab,16.32,52.0,22.0,58.0,0.55,6.0,3.0,High,3.0,30,6.0,8.1
EMP-0352,Sneha Nair,EMP-0160,Male,2003-06-26,Sales,Executive,North - Delhi,Walk-In,0.0,Fresher,2018-11-17,2022-02-27,240,229.0,5.0,4.0,2.0,3.0,Relocation / Personal Reasons,Resigned,Hybrid,Company Cab,24.48,80.0,37.0,60.0,61.0,7.0,3.0,High,2.0,23,11.0,3.3
EMP-0353,Divya Patel,EMP-0350,Female,1968-05-09,Operations,Executive,South - Chennai,Naukri,0.0,Fresher,2023-06-21,,240,228.0,6.0,4.0,2.0,2.0,Not Applicable(Active Employee),Active,Work From Home,Company Cab,19.64,12.0,30.0,58.0,65.0,6.0,3.0,Medium,3.0,58,12.0,3.2
EMP-0354,Sneha Rao,EMP-0280,Male,1981-09-15,Finance,Executive,South - Bangalore,Company Career Site,0.0,Fresher,2019-06-24,,240,226.0,5.0,6.0,3.0,1.0,Not Applicable(Active Employee),Active,Onsite,Own Vehicle,7.49,73.0,35.0,78.0,82.0,8.0,3.0,High,2.0,45,14.0,7.2
EMP-0355,Divya Iyer,EMP-0240,Female,1972-12-20,Marketing,Executive,North - Delhi,Recruitment Agency,6250.0,Fresher,2018-10-06,2019-01-07,240,214.0,10.0,8.0,8.0,13.0,Work-Life Balance / Burnout,Inactive,Onsite,Own Vehicle,16.32,53.0,18.0,54.0,55.0,9.0,1.0,Medium,6.0,54,26.0,0.3
EMP-0356,Suresh Joshi,EMP-0075,Male,2000-04-01,Technology,Executive,South - Bangalore,Walk-In,0.0,Fresher,2023-04-02,,240,229.0,2.0,8.0,1.0,3.0,Not Applicable(Active Employee),Active,Hybrid,Own Vehicle,19.24,62.0,44.0,56.0,60.0,6.0,3.0,High,3.0,26,11.0,3.5
EMP-0357,Ananya Joshi,EMP-0010,Female,1998-10-05,Human Resources,Executive,North - Delhi,LinkedIn,0.0,Experienced,2019-06-27,,240,230.0,5.0,5.0,0.0,6.0,Not Applicable(Active Employee),Active,Hybrid,Company Cab,4.15,33.0,35.0,57.0,61.0,8.0,3.0,High,3.0,28,10.0,7.2
EMP-0358,Pooja Nair,DIR-0001,Female,1982-04-30,Human Resources,Manager,South - Bangalore,Company Career Site,0.0,Experienced,2022-08-22,,240,228.0,6.0,6.0,0.0,5.0,Not Applicable(Active Employee),Active,Work From Home,Own Vehicle,17.85,69.0,29.0,71.0,82.0,9.0,5.0,Medium,2.0,44,12.0,4.1
EMP-0359,Divya Venkatesh,EMP-0075,Female,2000-12-23,Technology,Team Lead,South - Chennai,Naukri,0.0,Experienced,2024-02-17,2025-08-17,240,226.0,6.0,5.0,3.0,1.0,Relocation / Personal Reasons,Inactive,Hybrid,Own Vehicle,26.54,12.0,32.0,59.0,61.0,4.0,4.0,High,4.0,26,14.0,1.5
EMP-0360,Deepa Reddy,DIR-0001,Male,1998-11-02,Technology,Manager,North - Delhi,Naukri,0.0,Experienced,2021-08-08,,240,223.0,6.0,9.0,2.0,1.0,Not Applicable(Active Employee),Active,Hybrid,Company Cab,17.6,29.0,17.0,58.0,66.0,4.0,3.0,Medium,2.0,28,17.0,5.1
EMP-0361,Rajesh Sharma,emp-0220,Male,2003-11-12,Marketing,Executive,South - Bangalore,Company Career Site,0.0,Experienced,2020-01-20,,240,229.0,5.0,6.0,2.0,7.0,Not Applicable(Active Employee),Active,Hybrid,Company Cab,16.32,52.0,27.0,62.0,69.0,5.0,3.0,Low,3.0,23,13.0,6.7
EMP-0362,Sanjay Joshi,EMP-0160,Male,1986-08-05,Sales,Assistant Manager,South - Bangalore,Campus Drive,6250.0,Experienced,2024-01-28,,240,231.0,4.0,4.0,1.0,3.0,Not Applicable(Active Employee),Active,Work From Home,Own Vehicle,19.26,24.0,10.0,61.0,75.0,7.0,5.0,Low,3.0,40,9.0,2.6
EMP-0363,Lakshmi Venkatesh,EMP-0025,Male,1984-12-04,Human Resources,Executive,North - Delhi,Campus Drive,6250.0,Fresher,2023-04-06,,240,218.0,12.0,4.0,6.0,19.0,Not Applicable(Active Employee),Active,Onsite,Own Vehicle,14.73,34.0,44.0,57.0,59.0,5.0,2.0,High,4.0,42,22.0,3.5
EMP-0364,Rajesh Venkatesh,DIR-0001,Male,1969-01-11,Sales,Manager,South - Bangalore,Naukri,0.0,Experienced,2018-09-20,,240,233.0,2.0,4.0,1.0,7.0,Not Applicable(Active Employee),Active,Onsite,Company Cab,16.87,87.0,32.0,76.0,77.0,8.0,3.0,High,0.0,57,7.0,8.0
EMP-0365,Priya Iyer,EMP-0350,Female,1996-09-02,Operations,Team Lead,South - Bangalore,Walk-In,0.0,Experienced,2024-07-23,,240,226.0,5.0,7.0,2.0,3.0,Not Applicable(Active Employee),Active,Work From Home,Own Vehicle,31884.0,80.0,16.0,62.0,81.0,6.0,3.0,Medium,3.0,30,14.0,2.2
EMP-0366,Pradeep Rao,EMP-0025,Male,1988-09-28,Human Resources,Team Lead,West - Mumbai,Company Career Site,0.0,Experienced,2023-12-27,2026-08-03,240,228.0,4.0,6.0,2.0,2.0,Not Applicable(Active Employee),Resigned,Onsite,Public Transport,12.96,26.0,5.0,59.0,63.0,3.0,3.0,Medium,3.0,38,12.0,2.6
EMP-0367,Meera Joshi,EMP-0010,Female,2006-03-18,Human Resources,Assistant Manager,East - Kolkata,Recruitment Agency,6250.0,Experienced,2020-10-10,,240,232.0,2.0,5.0,1.0,1.0,Not Applicable(Active Employee),Active,Onsite,Own Vehicle,16.32,93.0,3.0,65.0,74.0,6.0,3.0,Low,3.0,20,8.0,5.9
EMP-0368,Deepa Reddy,DIR-0001,Male,1995-09-21,Sales,Manager,South - Chennai,Recruitment Agency,6250.0,Experienced,2018-11-09,,240,216.0,7.0,6.0,11.0,18.0,Not Applicable(Active Employee),Active,Hybrid,Company Cab,25.68,18.0,19.0,52.0,58.0,5.0,1.0,High,3.0,31,24.0,7.9
EMP-0369,Deepa Patel,EMP-0140,Female,1974-09-11,Engineering,Senior Executive,North - Delhi,Company Career Site,0.0,Fresher,2018-12-19,,240,210.0,12.0,7.0,11.0,14.0,Not Applicable(Active Employee),Active,Onsite,Company Cab,8.3,47.0,26.0,70.0,62.0,2.0,2.0,High,3.0,52,30.0,7.8
EMP-0370,Ananya Reddy,EMP-0010,Male,1975-08-19,Human Resources,Executive,South - Bangalore,Company Career Site,0.0,Experienced,2023-10-05,,240,231.0,4.0,5.0,0.0,6.0,Not Applicable(Active Employee),Active,Hybrid,Company Cab,5.2,57.0,14.0,55.0,59.0,4.0,3.0,High,4.0,51,9.0,3.0
EMP-0371,Priya Singh,EMP-0120,Female,2000-03-26,Engineering,Senior Executive,North - Delhi,LinkedIn,0.0,Experienced,2024-03-14,,240,229.0,5.0,4.0,2.0,8.0,Not Applicable(Active Employee),Active,Hybrid,Company Cab,16.32,69.0,5.0,64.0,0.68,4.0,3.0,High,4.0,26,11.0,2.5
EMP-0372,Sanjay Sharma,EMP-0260,Male,1988-05-08,Finance,Executive,South - Chennai,Company Career Site,0.0,Experienced,2018-10-30,2021-09-16,240,223.0,6.0,9.0,2.0,1.0,Work-Life Balance / Burnout,Inactive,Work From Home,Own Vehicle,3.95,72.0,13.0,66.0,69.0,8.0,3.0,High,1.0,38,17.0,2.9
EMP-0373,Rajesh Patel,EMP-0200,Male,2000-04-01,Sales,Executive,South - Chennai,Naukri,0.0,Experienced,2018-05-28,,240,230.0,3.0,7.0,0.0,1.0,Not Applicable(Active Employee),Active,Work From Home,Company Cab,16.32,95.0,10.0,0.64,66.0,5.0,3.0,High,3.0,26,10.0,8.3
EMP-0374,Vijay Sharma,DIR-0001,Male,2006-08-30,Operations,Manager,South - Bangalore,Walk-In,0.0,Experienced,2021-12-14,,240,230.0,3.0,6.0,1.0,3.0,Not Applicable(Active Employee),Active,Onsite,Company Cab,20.23,11.0,38.0,45.0,50.0,5.0,3.0,High,4.0,20,10.0,4.8
EMP-0375,Kavitha Kumar,EMP-0200,Male,1990-03-02,Sales,Executive,South - Chennai,Employee Referral,2500.0,Experienced,2021-12-24,2022-10-04,240,215.0,10.0,6.0,9.0,9.0,Better Compensation & Benefits,Inactive,Onsite,Company Cab,5.24,97.0,8.0,71.0,65.0,6.0,1.0,High,1.0,36,25.0,0.8
EMP-0376,Vijay Joshi,EMP-0050,Male,2006-05-31,Technology,Assistant Manager,South - Chennai,Recruitment Agency,6250.0,Experienced,2019-02-22,2021-06-25,240,228.0,5.0,7.0,3.0,3.0,Work-Life Balance / Burnout,Resigned,Hybrid,Own Vehicle,16.32,81.0,22.0,77.0,85.0,8.0,3.0,Medium,2.0,20,15.0,2.3
EMP-0377,Vijay Sharma,EMP-0180,Male,2004-12-18,Sales,Senior Executive,East - Kolkata,Company Career Site,0.0,Fresher,2020-10-20,,240,213.0,8.0,7.0,12.0,19.0,Not Applicable(Active Employee),Active,Hybrid,Own Vehicle,24.2,20.0,15.0,52.0,56.0,6.0,2.0,High,3.0,22,27.0,5.9
EMP-0378,Arun Nair,EMP-0350,Male,1976-06-29,Operations,Senior Executive,North - Delhi,Walk-In,0.0,Experienced,2018-03-29,,240,211.0,9.0,8.0,12.0,21.0,Not Applicable(Active Employee),Active,Work From Home,Own Vehicle,4.07,73.0,4.0,72.0,81.0,4.0,2.0,High,5.0,50,29.0,8.5
EMP-0379,Ananya Venkatesh,EMP-0100,Female,2003-07-19,Technology,Executive,South - Bangalore,Employee Referral,2500.0,Fresher,2019-04-08,,240,215.0,11.0,4.0,10.0,7.0,Not Applicable(Active Employee),Active,Work From Home,Own Vehicle,16.32,86.0,9.0,70.0,65.0,3.0,1.0,High,3.0,23,25.0,7.5
EMP-0380,Deepa Venkatesh,EMP-0010,Female,1968-05-09,Human Resources,Assistant Manager,West - Mumbai,LinkedIn,0.0,Experienced,2020-12-03,2022-01-03,240,231.0,2.0,7.0,0.0,8.0,Better Career Growth,Inactive,Onsite,Company Cab,10.41,90.0,2.0,76.0,82.0,8.0,3.0,Medium,3.0,58,9.0,1.1
EMP-0381,Lakshmi Kumar,EMP-0075,Female,1978-07-25,Technology,Senior Executive,South - Chennai,Company Career Site,0.0,Experienced,2018-07-01,,240,225.0,5.0,7.0,3.0,7.0,Not Applicable(Active Employee),Active,Hybrid,Company Cab,16.32,81.0,12.0,66.0,68.0,2.0,2.0,High,4.0,48,15.0,8.2
EMP-0382,Suresh Reddy,EMP-0050,Male,1979-02-20,Technology,Executive,West - Mumbai,Naukri,0.0,Fresher,2021-04-02,2021-07-08,240,226.0,2.0,10.0,2.0,7.0,Better Career Growth,Inactive,Work From Home,Own Vehicle,20.57,30.0,42.0,53.0,56.0,5.0,3.0,High,3.0,47,14.0,0.3
EMP-0383,Sneha Patel,DIR-0001,Female,1997-01-12,Human Resources,Manager,North - Delhi,Employee Referral,6250.0,Experienced,2023-08-20,,240,224.0,6.0,7.0,3.0,5.0,Not Applicable(Active Employee),Active,Onsite,Company Cab,18.91,27.0,29.0,61.0,62.0,5.0,3.0,Medium,1.0,29,16.0,3.1
EMP-0384,Sneha Kumar,EMP-0140,Male,1989-12-01,Engineering,Executive,South - Bangalore,LinkedIn,0.0,Fresher,2024-07-04,,240,231.0,2.0,7.0,0.0,6.0,Not Applicable(Active Employee),Active,Onsite,Own Vehicle,25.0,73.0,44.0,62.0,67.0,3.0,4.0,High,3.0,37,9.0,2.2
EMP-0385,Lakshmi Singh,EMP-0010,Female,1999-02-01,Human Resources,Assistant Manager,South - Chennai,Naukri,0.0,Experienced,2018-03-27,2020-07-07,240,224.0,3.0,10.0,3.0,6.0,Involuntary - Restructuring,Inactive,Hybrid,Company Cab,16.32,91.0,5.0,0.75,77.0,6.0,3.0,Medium,2.0,27,16.0,2.3
EMP-0386,Pradeep Rao,DIR-0001,Male,1999-12-31,Sales,Manager,South - Bangalore,Naukri,0.0,Experienced,2018-10-20,,240,221.0,7.0,7.0,5.0,11.0,Not Applicable(Active Employee),Active,Hybrid,Own Vehicle,23.19,47.0,16.0,49.0,50.0,5.0,1.0,High,3.0,27,19.0,7.9
EMP-0387,Rajesh Patel,EMP-0025,Male,2001-01-07,Human Resources,Executive,North - Delhi,Company Career Site,0.0,Fresher,2023-01-10,2024-03-17,240,224.0,5.0,8.0,3.0,2.0,Involuntary - Performance,Inactive,Hybrid,Own Vehicle,10.41,41.0,44.0,70.0,73.0,3.0,3.0,High,3.0,25,16.0,1.2
EMP-0388,Manoj Nair,EMP-0120,Male,1972-04-10,Engineering,Senior Executive,North - Delhi,LinkedIn,0.0,Experienced,2022-10-16,,240,223.0,5.0,10.0,2.0,6.0,Not Applicable(Active Employee),Active,Hybrid,Own Vehicle,7.85,20.0,18.0,62.0,64.0,5.0,5.0,Medium,3.0,54,17.0,3.9
EMP-0389,Ananya Sharma,DIR-0001,Female,1982-06-12,Sales,Manager,West - Mumbai,Walk-In,0.0,Experienced,2021-07-20,,240,230.0,3.0,6.0,1.0,2.0,Not Applicable(Active Employee),Active,Hybrid,Own Vehicle,21.89,54.0,41.0,59.0,61.0,4.0,4.0,Medium,3.0,44,10.0,5.2
EMP-0390,Sanjay Joshi,DIR-0001,Male,1983-11-22,Technology,Manager,South - Bangalore,Company Career Site,0.0,Experienced,2023-02-08,,240,212.0,14.0,9.0,5.0,16.0,Not Applicable(Active Employee),Active,Hybrid,Company Cab,23.27,98.0,34.0,71.0,58.0,5.0,2.0,High,3.0,43,28.0,3.6
EMP-0391,Deepa Kumar,DIR-0001,Male,2003-12-27,Technology,Manager,South - Bangalore,Naukri,0.0,Experienced,2022-01-09,,240,227.0,5.0,5.0,2.0,6.0,Not Applicable(Active Employee),Active,Work From Home,Own Vehicle,16.32,52.0,22.0,55.0,0.61,4.0,4.0,Low,4.0,23,12.0,4.7
EMP-0392,Divya Kumar,EMP-0140,Female,2004-04-29,Engineering,Executive,West - Mumbai,Campus Drive,6250.0,Fresher,2022-06-24,,240,232.0,3.0,5.0,0.0,3.0,Not Applicable(Active Employee),Active,Onsite,Company Cab,13.61,50.0,4.0,62.0,63.0,8.0,3.0,Medium,3.0,22,8.0,4.2
EMP-0393,Ramesh Reddy,EMP-0200,Male,1968-05-09,Sales,Team Lead,South - Chennai,Naukri,0.0,Experienced,2022-06-24,,240,230.0,4.0,5.0,1.0,3.0,Not Applicable(Active Employee),Active,Hybrid,Public Transport,15132.0,17.0,28.0,62.0,59.0,9.0,3.0,Medium,4.0,58,10.0,4.2
EMP-0394,Ananya Kumar,DIR-0001,Female,1985-02-01,Sales,Manager,South - Bangalore,Company Career Site,0.0,Experienced,2019-10-08,,240,217.0,7.0,5.0,11.0,15.0,Not Applicable(Active Employee),Active,Hybrid,Own Vehicle,22.52,20.0,36.0,53.0,60.0,5.0,2.0,High,3.0,41,23.0,7.0
EMP-0395,Ananya Singh,EMP-0010,Male,1998-02-09,Human Resources,Team Lead,South - Chennai,LinkedIn,0.0,Experienced,2021-08-14,,240,209.0,13.0,9.0,9.0,21.0,Not Applicable(Active Employee),Active,Hybrid,Own Vehicle,11.85,95.0,19.0,82.0,89.0,5.0,2.0,High,3.0,28,31.0,5.1
EMP-0396,Rajesh Sharma,DIR-0001,Male,1993-02-05,Sales,Manager,South - Bangalore,Naukri,0.0,Experienced,2019-09-14,2022-02-13,240,213.0,11.0,5.0,11.0,9.0,Better Career Growth,Inactive,Onsite,Company Cab,26.3,60.0,20.0,62.0,63.0,3.0,2.0,High,3.0,33,27.0,2.4
EMP-0397,Suresh Reddy,DIR-0001,Male,1979-04-09,Sales,Manager,South - Chennai,Recruitment Agency,6250.0,Experienced,2022-11-21,,240,226.0,5.0,7.0,2.0,7.0,Not Applicable(Active Employee),Active,Hybrid,Company Cab,16.32,97.0,9.0,0.66,65.0,1.0,3.0,Low,3.0,47,14.0,3.8
EMP-0398,Arun Nair,EMP-0160,Male,1983-03-20,Sales,Senior Executive,South - Chennai,Campus Drive,6250.0,Experienced,2019-12-07,,240,216.0,6.0,6.0,12.0,9.0,Not Applicable(Active Employee),Active,Work From Home,Public Transport,14.01,50.0,4.0,69.0,66.0,8.0,1.0,High,4.0,43,24.0,6.8
EMP-0399,Pooja Singh,DIR-0001,Female,1982-03-26,Technology,Manager,South - Chennai,LinkedIn,0.0,Experienced,2020-01-07,,240,226.0,4.0,7.0,3.0,1.0,Not Applicable(Active Employee),Active,Onsite,Own Vehicle,21.9,26.0,35.0,60.0,63.0,6.0,3.0,High,3.0,44,14.0,6.7
EMP-0400,Vikram Patel,DIR-0001,Male,1979-09-06,Technology,Manager,South - Chennai,Naukri,0.0,Experienced,2020-11-27,,240,230.0,2.0,6.0,2.0,2.0,Not Applicable(Active Employee),Active,Onsite,Company Cab,21.99,85.0,5.0,76.0,80.0,7.0,3.0,Medium,3.0,47,10.0,5.8
EMP-0401,Ramesh Patel,EMP-0140,Male,1973-09-26,Engineering,Executive,South - Bangalore,Walk-In,0.0,Experienced,2024-07-03,,240,213.0,7.0,8.0,12.0,14.0,Not Applicable(Active Employee),Active,Onsite,Own Vehicle,16.32,55.0,22.0,59.0,66.0,6.0,2.0,High,3.0,53,27.0,2.2
EMP-0402,Anitha Iyer,EMP-0320,Female,2005-06-12,Operations,Executive,North - Delhi,Company Career Site,0.0,Fresher,2019-03-15,2019-08-04,240,207.0,13.0,8.0,12.0,20.0,Better Compensation & Benefits,Inactive,Hybrid,Own Vehicle,25.61,41.0,3.0,50.0,50.0,1.0,2.0,High,1.0,21,33.0,0.4
EMP-0403,Kavitha Venkatesh,EMP-0350,Female,1987-04-17,Operations,Executive,South - Chennai,Campus Drive,6250.0,Fresher,2021-01-21,2022-02-06,240,220.0,6.0,7.0,7.0,13.0,Not Applicable(Active Employee),Inactive,Work From Home,Company Cab,16.32,88.0,38.0,68.0,77.0,5.0,2.0,High,5.0,39,20.0,1.0
EMP-0404,Kavitha Joshi,DIR-0001,Female,1979-10-22,Finance,Manager,South - Bangalore,Naukri,0.0,Experienced,2018-09-12,,240,226.0,6.0,7.0,1.0,1.0,Not Applicable(Active Employee),Active,Onsite,Company Cab,23.75,89.0,38.0,65.0,65.0,1.0,3.0,High,2.0,47,14.0,8.0
EMP-0405,Vijay Sharma,EMP-0300,Male,1979-10-31,Operations,Team Lead,South - Chennai,Employee Referral,0.0,Experienced,2019-12-10,2022-12-21,240,229.0,5.0,4.0,2.0,2.0,Work-Life Balance / Burnout,Inactive,Hybrid,Company Cab,11.34,63.0,34.0,70.0,66.0,4.0,5.0,High,2.0,47,11.0,3.0
EMP-0406,Sanjay Patel,DIR-0001,Male,1975-05-27,Sales,Manager,South - Chennai,Walk-In,0.0,Experienced,2022-03-06,,240,211.0,5.0,9.0,6.0,8.0,Not Applicable(Active Employee),Active,Hybrid,Company Cab,25.44,-15.0,0.0,56.0,53.0,7.0,2.0,High,3.0,51,20.0,4.5
EMP-0407,Karthik Nair,EMP-0120,Male,1990-01-14,Engineering,Team Lead,West - Mumbai,Naukri,0.0,Experienced,2024-01-04,,240,225.0,3.0,9.0,3.0,8.0,Not Applicable(Active Employee),Active,Onsite,Company Cab,15647.0,29.0,23.0,54.0,56.0,7.0,3.0,Medium,3.0,36,15.0,2.7
EMP-0408,Deepa Rao,EMP-0180,Male,1997-06-28,Sales,Senior Executive,South - Chennai,Company Career Site,0.0,Experienced,2018-02-04,,240,225.0,6.0,8.0,1.0,6.0,Not Applicable(Active Employee),Active,Onsite,Company Cab,3.77,42.0,35.0,61.0,63.0,4.0,3.0,High,2.0,29,15.0,8.6
EMP-0409,Pradeep Nair,EMP-0160,Male,1974-09-01,Sales,Assistant Manager,South - Bangalore,Company Career Site,0.0,Experienced,2021-08-31,,240,213.0,11.0,6.0,10.0,14.0,Not Applicable(Active Employee),Active,Hybrid,Company Cab,16.32,83.0,5.0,0.6,64.0,6.0,2.0,High,3.0,52,27.0,5.1
EMP-0410,Ramesh Rao,EMP-0140,Male,1969-08-10,Engineering,Executive,North - Delhi,Walk-In,0.0,Experienced,2021-06-20,2021-08-20,240,216.0,11.0,9.0,4.0,20.0,Not Applicable(Active Employee),Inactive,Hybrid,Company Cab,5.74,49.0,40.0,48.0,50.0,6.0,2.0,High,1.0,57,24.0,0.2
EMP-0411,Priya Sharma,EMP-0050,Male,1999-09-01,Technology,Assistant Manager,South - Chennai,LinkedIn,0.0,Experienced,2022-05-10,2025-04-23,240,230.0,4.0,4.0,2.0,2.0,Involuntary - Restructuring,Resigned,Hybrid,Company Cab,16.32,41.0,43.0,57.0,0.64,4.0,4.0,High,3.0,27,10.0,3.0
EMP-0412,Pooja Venkatesh,DIR-0001,Female,1990-03-14,Technology,Manager,South - Chennai,Naukri,0.0,Experienced,2023-11-19,,240,222.0,6.0,9.0,3.0,5.0,Not Applicable(Active Employee),Active,Work From Home,Company Cab,26.78,11.0,30.0,44.0,50.0,4.0,4.0,Low,0.0,36,18.0,2.8
EMP-0413,Manoj Singh,EMP-0320,Male,1999-10-21,Operations,Executive,South - Bangalore,Naukri,0.0,Fresher,2022-05-08,2024-10-01,240,215.0,10.0,9.0,6.0,13.0,Relocation / Personal Reasons,Resigned,Onsite,Own Vehicle,26.79,42.0,19.0,67.0,60.0,3.0,1.0,High,4.0,27,25.0,2.4
EMP-0414,Karthik Reddy,DIR-0001,Male,1990-02-11,Operations,Manager,South - Chennai,Campus Drive,6250.0,Experienced,2019-02-05,,240,229.0,2.0,8.0,1.0,6.0,Not Applicable(Active Employee),Active,Onsite,Own Vehicle,17.55,86.0,23.0,67.0,69.0,8.0,3.0,Medium,2.0,36,11.0,7.6
EMP-0415,Anitha Rao,EMP-0220,Female,1974-08-22,Marketing,Executive,South - Bangalore,LinkedIn,0.0,Fresher,2020-09-01,2022-08-19,240,224.0,4.0,9.0,3.0,7.0,Involuntary - Performance,Inactive,Hybrid,Company Cab,16.32,39.0,24.0,50.0,50.0,5.0,3.0,Medium,3.0,52,16.0,2.0
EMP-0416,Pradeep Nair,EMP-0050,Male,1977-02-19,Technology,Senior Executive,South - Bangalore,Employee Referral,2500.0,Fresher,2020-04-01,,240,225.0,6.0,9.0,0.0,5.0,Not Applicable(Active Employee),Active,Hybrid,Own Vehicle,14.49,42.0,35.0,58.0,62.0,6.0,3.0,High,3.0,49,15.0,6.5
EMP-0417,Sneha Rao,EMP-0050,Male,1975-07-20,Technology,Team Lead,West - Mumbai,Employee Referral,0.0,Experienced,2018-09-19,,240,225.0,6.0,7.0,2.0,3.0,Not Applicable(Active Employee),Active,Hybrid,Company Cab,10.68,86.0,20.0,75.0,84.0,7.0,5.0,High,3.0,51,15.0,8.0
EMP-0418,Anitha Nair,EMP-0100,Female,1993-04-07,Technology,Team Lead,South - Bangalore,LinkedIn,0.0,Experienced,2023-12-19,,240,212.0,14.0,4.0,10.0,16.0,Not Applicable(Active Employee),Active,Hybrid,Company Cab,11.55,35.0,29.0,64.0,62.0,8.0,1.0,High,2.0,33,28.0,2.8
EMP-0419,Karthik Kumar,EMP-0050,Male,1968-03-08,Technology,Executive,South - Bangalore,LinkedIn,0.0,Fresher,2023-06-13,2024-03-28,240,225.0,5.0,7.0,3.0,7.0,Better Compensation & Benefits,Inactive,Hybrid,Own Vehicle,19.98,31.0,23.0,62.0,65.0,6.0,3.0,Medium,3.0,58,15.0,0.8
EMP-0420,Pooja Iyer,DIR-0001,Female,1976-02-06,Human Resources,Manager,South - Chennai,Company Career Site,0.0,Experienced,2023-04-14,,240,230.0,4.0,4.0,2.0,5.0,Not Applicable(Active Employee),Active,Hybrid,Company Cab,21.93,75.0,43.0,58.0,67.0,3.0,3.0,High,3.0,50,10.0,3.4
EMP-0421,Divya Singh,DIR-0001,Male,1979-01-16,Operations,Manager,South - Chennai,Naukri,0.0,Experienced,2022-07-23,2024-04-11,240,230.0,5.0,5.0,2.0,8.0,Involuntary - Restructuring,Terminated,Onsite,Own Vehicle,16.32,52.0,41.0,62.0,68.0,4.0,3.0,High,2.0,47,12.0,1.7
EMP-0422,Deepa Reddy,DIR-0001,Female,1982-09-28,Sales,Manager,North - Delhi,Naukri,0.0,Experienced,2019-10-21,,240,231.0,3.0,5.0,1.0,3.0,Not Applicable(Active Employee),Active,Hybrid,Company Cab,22.85,99.0,29.0,83.0,93.0,8.0,3.0,Low,4.0,44,9.0,6.9
EMP-0423,Karthik Singh,EMP-0050,Male,1998-07-13,Technology,Executive,South - Bangalore,Company Career Site,0.0,Fresher,2019-10-21,,240,232.0,2.0,6.0,0.0,1.0,Not Applicable(Active Employee),Active,Onsite,Company Cab,5.73,55.0,21.0,59.0,62.0,8.0,3.0,Medium,3.0,28,8.0,6.9
EMP-0424,Sneha Nair,EMP-0075,Female,1994-06-25,Technology,Executive,South - Bangalore,Campus Drive,6250.0,Fresher,2022-11-05,2023-12-14,240,213.0,11.0,10.0,6.0,17.0,Involuntary - Restructuring,Inactive,Onsite,Company Cab,15.61,24.0,27.0,58.0,55.0,9.0,2.0,High,3.0,32,27.0,1.1
EMP-0425,Sanjay Joshi,EMP-0025,Male,1974-11-24,Human Resources,Executive,East - Kolkata,Company Career Site,0.0,Experienced,2022-11-05,2019-10-08,240,229.0,5.0,5.0,1.0,3.0,Better Compensation & Benefits,Resigned,Hybrid,Company Cab,4.91,53.0,6.0,59.0,65.0,5.0,3.0,Medium,4.0,52,11.0,0.0
EMP-0426,Ananya Venkatesh,EMP-0350,Female,2005-04-06,Operations,Assistant Manager,South - Chennai,Company Career Site,0.0,Experienced,2020-03-03,2020-05-09,240,223.0,6.0,10.0,1.0,8.0,Involuntary - Restructuring,Inactive,Work From Home,Own Vehicle,16.32,58.0,22.0,66.0,66.0,7.0,3.0,Medium,4.0,21,17.0,0.2
EMP-0427,Karthik Reddy,EMP-0280,Male,1980-01-30,Finance,Senior Executive,North - Delhi,LinkedIn,0.0,Experienced,2018-10-07,,240,218.0,6.0,7.0,9.0,18.0,Not Applicable(Active Employee),Active,Onsite,Own Vehicle,16.32,84.0,27.0,73.0,77.0,8.0,1.0,High,3.0,46,22.0,8.0
EMP-0428,Pradeep Kumar,DIR-0001,Male,1982-10-11,Operations,Manager,South - Chennai,Employee Referral,0.0,Experienced,2023-12-09,2025-04-02,240,228.0,3.0,7.0,2.0,8.0,Better Compensation & Benefits,Inactive,Onsite,Company Cab,25.25,70.0,13.0,67.0,69.0,4.0,3.0,Medium,2.0,44,12.0,1.3
EMP-0429,Deepa Joshi,EMP-0200,Female,1988-04-28,Sales,Senior Executive,South - Bangalore,Naukri,0.0,Experienced,2022-09-08,,240,216.0,9.0,8.0,7.0,12.0,Not Applicable(Active Employee),Active,Onsite,Own Vehicle,12.1,76.0,9.0,71.0,80.0,1.0,2.0,High,3.0,38,24.0,4.0
EMP-0430,Karthik Patel,EMP-0180,Male,2000-12-09,Sales,Executive,South - Chennai,Company Career Site,0.0,Experienced,2024-05-01,,240,224.0,5.0,10.0,1.0,6.0,Not Applicable(Active Employee),Active,Hybrid,Company Cab,6.37,15.0,15.0,48.0,54.0,9.0,3.0,Medium,3.0,26,16.0,2.4
EMP-0431,Pooja Iyer,EMP-0010,Female,2006-09-21,Human Resources,Senior Executive,South - Bangalore,Company Career Site,0.0,Experienced,2022-06-19,,240,224.0,6.0,7.0,3.0,5.0,Not Applicable(Active Employee),Active,Onsite,Company Cab,16.32,18.0,15.0,59.0,0.61,2.0,4.0,High,3.0,20,16.0,4.3
EMP-0432,Rajesh Nair,EMP-0050,Female,1980-09-09,Technology,Team Lead,West - Mumbai,Employee Referral,5000.0,Experienced,2023-02-17,2024-04-15,240,224.0,5.0,8.0,3.0,3.0,Better Compensation & Benefits,Inactive,Work From Home,Own Vehicle,22.16,15.0,30.0,63.0,56.0,1.0,5.0,Medium,2.0,46,16.0,1.2
EMP-0433,Deepa Joshi,EMP-0075,Female,2001-05-13,Technology,Assistant Manager,North - Delhi,Employee Referral,0.0,Experienced,2023-08-17,,240,226.0,3.0,10.0,1.0,7.0,Not Applicable(Active Employee),Active,Onsite,Own Vehicle,16.32,82.0,41.0,0.77,77.0,2.0,3.0,High,4.0,25,14.0,3.1
EMP-0434,Sanjay Rao,EMP-0260,Male,1995-01-06,Finance,Executive,South - Bangalore,Campus Drive,6250.0,Fresher,2020-04-14,,240,214.0,6.0,9.0,11.0,21.0,Not Applicable(Active Employee),Active,Onsite,Company Cab,5.98,41.0,24.0,51.0,57.0,8.0,2.0,High,4.0,31,26.0,6.4
EMP-0435,Vijay Joshi,EMP-0100,Male,1979-12-06,Technology,Senior Executive,West - Mumbai,LinkedIn,0.0,Experienced,2018-12-08,2022-02-20,240,228.0,4.0,8.0,0.0,2.0,Not Applicable(Active Employee),Inactive,Onsite,Public Transport,6671.0,50.0,12.0,61.0,65.0,6.0,4.0,Low,1.0,47,12.0,3.2
EMP-0436,Sanjay Venkatesh,EMP-0140,Male,2002-07-31,Engineering,Senior Executive,South - Bangalore,Employee Referral,2500.0,Fresher,2019-12-27,,240,220.0,5.0,4.0,6.0,12.0,Not Applicable(Active Employee),Active,Onsite,Own Vehicle,20.67,85.0,5.0,56.0,51.0,2.0,1.0,High,2.0,24,15.0,6.7
EMP-0437,Rajesh Nair,EMP-0050,Male,2006-03-26,Technology,Senior Executive,North - Delhi,LinkedIn,0.0,Experienced,2024-03-11,,240,226.0,5.0,8.0,1.0,7.0,Not Applicable(Active Employee),Active,Onsite,Own Vehicle,5.28,17.0,43.0,40.0,50.0,5.0,4.0,High,1.0,20,14.0,2.5
EMP-0438,Pooja Patel,EMP-0160,Female,2002-12-19,Sales,Executive,West - Mumbai,Walk-In,0.0,Fresher,2018-11-01,2020-02-15,240,230.0,2.0,5.0,3.0,6.0,Involuntary - Performance,Inactive,Work From Home,Company Cab,23.64,81.0,8.0,69.0,73.0,3.0,3.0,Medium,3.0,24,10.0,1.3
EMP-0439,Meera Joshi,EMP-0100,Female,2001-03-10,Technology,Executive,West - Mumbai,Walk-In,0.0,Fresher,2019-09-17,2021-02-16,240,231.0,2.0,7.0,0.0,7.0,Better Career Growth,Inactive,Hybrid,Company Cab,16.32,59.0,44.0,57.0,54.0,1.0,3.0,High,2.0,25,9.0,1.4
EMP-0440,Suresh Rao,EMP-0280,Male,1990-01-07,Finance,Senior Executive,North - Delhi,Recruitment Agency,6250.0,Fresher,2020-02-05,2020-08-12,240,227.0,6.0,6.0,1.0,7.0,Involuntary - Performance,Inactive,Hybrid,Company Cab,5.49,71.0,35.0,69.0,67.0,10.0,3.0,Medium,2.0,36,13.0,0.5
EMP-0441,Manoj Rao,EMP-0075,Male,1981-11-28,Technology,Executive,South - Chennai,Company Career Site,0.0,Experienced,2021-08-25,,240,231.0,2.0,6.0,1.0,1.0,Not Applicable(Active Employee),Active,Onsite,Own Vehicle,16.32,93.0,42.0,72.0,65.0,8.0,3.0,High,4.0,45,9.0,5.1
EMP-0442,Manoj Rao,EMP-0100,Male,1997-11-07,Technology,Assistant Manager,West - Mumbai,Naukri,0.0,Experienced,2023-05-30,,240,230.0,4.0,4.0,2.0,3.0,Not Applicable(Active Employee),Active,Onsite,Own Vehicle,27.67,71.0,19.0,77.0,84.0,5.0,4.0,Medium,3.0,29,10.0,3.3
EMP-0443,Arun Sharma,EMP-0025,Male,1990-12-30,Human Resources,Assistant Manager,West - Mumbai,LinkedIn,0.0,Experienced,2022-09-27,2023-11-03,240,231.0,3.0,4.0,2.0,8.0,Better Compensation & Benefits,Inactive,Hybrid,Company Cab,12.67,16.0,17.0,56.0,64.0,1.0,3.0,Medium,1.0,36,9.0,1.1
EMP-0444,Meera Rao,EMP-0075,Female,1985-05-29,Technology,Team Lead,South - Chennai,Recruitment Agency,6250.0,Experienced,2024-01-14,,240,211.0,8.0,10.0,11.0,15.0,Not Applicable(Active Employee),Active,Work From Home,Company Cab,12.58,84.0,42.0,85.0,85.0,5.0,1.0,High,3.0,41,29.0,2.7
EMP-0445,Pradeep Joshi,EMP-0100,Male,1994-12-05,Technology,Senior Executive,North - Delhi,Campus Drive,6250.0,Fresher,2018-11-04,,240,230.0,6.0,4.0,0.0,1.0,Not Applicable(Active Employee),Active,Work From Home,Company Cab,16.32,93.0,20.0,0.78,81.0,5.0,3.0,Medium,3.0,32,10.0,7.9
EMP-0446,Deepa Reddy,EMP-0200,Male,1986-12-14,Sales,Executive,South - Bangalore,Recruitment Agency,6250.0,Fresher,2022-08-06,,240,230.0,4.0,5.0,1.0,7.0,Not Applicable(Active Employee),Active,Onsite,Own Vehicle,26.71,89.0,3.0,79.0,82.0,4.0,4.0,Low,2.0,40,10.0,4.1
EMP-0447,Deepa Sharma,EMP-0010,Female,1987-06-22,Human Resources,Assistant Manager,South - Chennai,Naukri,0.0,Experienced,2021-12-14,,240,215.0,7.0,10.0,8.0,11.0,Not Applicable(Active Employee),Active,Hybrid,Own Vehicle,27.66,13.0,32.0,40.0,50.0,6.0,1.0,Medium,2.0,39,25.0,4.8
EMP-0448,Pradeep Iyer,EMP-0075,Male,1991-01-10,Technology,Assistant Manager,South - Chennai,Campus Drive,6250.0,Experienced,2023-12-25,,240,222.0,10.0,4.0,4.0,11.0,Not Applicable(Active Employee),Active,Onsite,Own Vehicle,21.96,15.0,26.0,66.0,69.0,4.0,2.0,High,2.0,35,18.0,2.7
EMP-0449,Meera Nair,EMP-0100,Female,1998-05-05,Technology,Executive,South - Chennai,LinkedIn,0.0,Fresher,2021-04-12,2022-08-03,240,223.0,5.0,9.0,3.0,2.0,Involuntary - Performance,Inactive,Hybrid,Public Transport,15264.0,67.0,6.0,62.0,69.0,4.0,3.0,Low,3.0,28,17.0,1.3
EMP-0450,Kavitha Nair,EMP-0300,Male,2000-05-01,Operations,Executive,South - Chennai,Employee Referral,2500.0,Experienced,2022-05-20,,240,225.0,2.0,10.0,3.0,1.0,Not Applicable(Active Employee),Active,Onsite,Company Cab,5.55,31.0,5.0,43.0,50.0,8.0,3.0,Medium,2.0,26,15.0,4.3
EMP-0451,Ramesh Joshi,DIR-0001,Male,1991-08-26,Engineering,Manager,North - Delhi,Company Career Site,0.0,Experienced,2019-12-01,,240,211.0,5.0,8.0,7.0,7.0,Not Applicable(Active Employee),Active,Work From Home,Own Vehicle,16.32,52.0,22.0,63.0,0.58,6.0,2.0,High,3.0,35,20.0,6.8
EMP-0452,Meera Singh,DIR-0001,Male,1989-01-01,Finance,Manager,South - Bangalore,Company Career Site,0.0,Experienced,2019-01-21,,240,228.0,3.0,6.0,3.0,1.0,Not Applicable(Active Employee),Active,Onsite,Company Cab,17.18,12.0,17.0,52.0,63.0,3.0,3.0,High,3.0,37,12.0,7.7
EMP-0453,Deepa Reddy,EMP-0010,Female,2003-12-15,Human Resources,Team Lead,South - Bangalore,Recruitment Agency,6250.0,Experienced,2023-09-09,,240,227.0,6.0,6.0,1.0,7.0,Not Applicable(Active Employee),Active,Onsite,Company Cab,13.89,50.0,31.0,67.0,75.0,6.0,3.0,High,2.0,23,13.0,3.0
EMP-0454,Arun Patel,EMP-0350,Female,1973-09-24,Operations,Assistant Manager,North - Delhi,Company Career Site,0.0,Experienced,2020-07-04,,240,218.0,8.0,9.0,5.0,16.0,Not Applicable(Active Employee),Active,Onsite,Company Cab,25.71,69.0,10.0,72.0,70.0,6.0,1.0,Medium,4.0,53,22.0,6.2
EMP-0455,Meera Venkatesh,EMP-0200,Female,1991-06-19,Sales,Executive,West - Mumbai,LinkedIn,0.0,Fresher,2018-02-06,2018-05-23,240,232.0,4.0,4.0,0.0,7.0,Work-Life Balance / Burnout,Inactive,Onsite,Own Vehicle,6.22,23.0,19.0,49.0,52.0,4.0,3.0,Medium,2.0,35,8.0,0.3
EMP-0456,Meera Venkatesh,DIR-0001,Female,1970-02-20,Human Resources,Senior Executive,North - Delhi,Naukri,0.0,Fresher,2021-03-01,2023-06-25,240,213.0,13.0,4.0,10.0,13.0,Relocation / Personal Reasons,Inactive,Hybrid,Company Cab,15.57,84.0,22.0,78.0,86.0,9.0,2.0,High,2.0,56,27.0,2.3
EMP-0457,Deepa Patel,EMP-0120,Male,1970-01-08,Engineering,Senior Executive,West - Mumbai,Employee Referral,0.0,Experienced,2021-06-01,,240,225.0,5.0,7.0,3.0,7.0,Not Applicable(Active Employee),Active,Onsite,Own Vehicle,16.32,91.0,14.0,0.73,80.0,7.0,3.0,Medium,3.0,56,15.0,5.3
EMP-0458,Karthik Iyer,EMP-0320,Male,1987-01-22,Operations,Executive,North - Delhi,Recruitment Agency,6250.0,Fresher,2022-06-12,,240,227.0,4.0,9.0,0.0,6.0,Not Applicable(Active Employee),Active,Hybrid,Company Cab,14.98,21.0,6.0,60.0,65.0,6.0,3.0,Medium,3.0,39,13.0,4.3
EMP-0459,Vikram Rao,EMP-0025,Male,1997-08-23,Human Resources,Senior Executive,South - Chennai,Naukri,0.0,Experienced,2023-02-17,,240,231.0,2.0,6.0,1.0,2.0,Not Applicable(Active Employee),Active,Onsite,Own Vehicle,4.88,96.0,20.0,75.0,77.0,5.0,3.0,Medium,1.0,29,9.0,3.6
EMP-0460,Arun Patel,EMP-0050,Male,1983-12-11,Technology,Senior Executive,South - Chennai,Naukri,0.0,Experienced,2021-12-12,,240,223.0,6.0,9.0,2.0,3.0,Not Applicable(Active Employee),Active,Hybrid,Company Cab,6.41,21.0,41.0,49.0,60.0,2.0,3.0,High,1.0,43,17.0,4.8
EMP-0461,Divya Joshi,EMP-0280,Female,2002-06-24,Finance,Executive,South - Chennai,LinkedIn,0.0,Fresher,2021-02-03,,240,230.0,2.0,6.0,2.0,3.0,Not Applicable(Active Employee),Active,Onsite,Own Vehicle,16.32,22.0,25.0,60.0,64.0,7.0,3.0,Medium,2.0,24,10.0,5.6
EMP-0462,Vijay Venkatesh,DIR-0001,Male,1968-05-09,Technology,Manager,East - Kolkata,Naukri,0.0,Experienced,2023-08-27,,240,207.0,13.0,9.0,11.0,18.0,Not Applicable(Active Employee),Active,Hybrid,Company Cab,19.41,34.0,43.0,55.0,55.0,5.0,2.0,Medium,2.0,58,33.0,3.1
EMP-0463,Anitha Nair,DIR-0001,Female,1988-05-10,Technology,Manager,South - Bangalore,LinkedIn,0.0,Experienced,2020-09-20,,240,216.0,8.0,10.0,6.0,9.0,Not Applicable(Active Employee),Active,Onsite,Company Cab,16.32,54.0,13.0,59.0,65.0,5.0,2.0,High,1.0,38,24.0,6.0
EMP-0464,Priya Rao,EMP-0220,Female,2005-10-23,Marketing,Assistant Manager,North - Delhi,Campus Drive,6250.0,Experienced,2021-11-07,,240,215.0,13.0,4.0,8.0,11.0,Not Applicable(Active Employee),Active,Onsite,Company Cab,17.79,28.0,36.0,53.0,60.0,6.0,2.0,High,1.0,21,25.0,4.9
EMP-0465,Pooja Patel,DIR-0001,Female,1986-09-02,Human Resources,Manager,South - Chennai,LinkedIn,0.0,Experienced,2023-12-25,,240,217.0,6.0,10.0,7.0,22.0,Not Applicable(Active Employee),Active,Onsite,Own Vehicle,27.07,64.0,20.0,61.0,64.0,5.0,2.0,Medium,3.0,40,23.0,2.7
EMP-0466,Pooja Singh,EMP-0025,Female,2000-06-24,Human Resources,Assistant Manager,South - Chennai,Company Career Site,0.0,Experienced,2024-07-21,,240,230.0,5.0,6.0,2.0,7.0,Not Applicable(Active Employee),Active,Onsite,Company Cab,12.68,54.0,17.0,62.0,66.0,8.0,3.0,Medium,3.0,26,13.0,2.2
EMP-0467,Rajesh Sharma,EMP-0100,Male,1988-03-07,Technology,Executive,South - Bangalore,LinkedIn,0.0,Fresher,2018-10-02,,240,225.0,6.0,7.0,2.0,1.0,Not Applicable(Active Employee),Active,Onsite,Company Cab,10.5,17.0,4.0,54.0,57.0,3.0,3.0,Medium,3.0,38,15.0,8.0
EMP-0468,Kavitha Joshi,EMP-0140,Female,1983-04-24,Engineering,Executive,South - Bangalore,Company Career Site,0.0,Fresher,2023-10-10,,240,216.0,9.0,6.0,9.0,21.0,Not Applicable(Active Employee),Active,Work From Home,Company Cab,24.78,62.0,2.0,60.0,65.0,3.0,1.0,High,3.0,43,24.0,2.9
EMP-0469,Vikram Rao,EMP-0350,Male,1971-07-05,Technology,Team Lead,West - Mumbai,Campus Drive,6250.0,Experienced,2019-12-02,,240,215.0,6.0,10.0,9.0,7.0,Not Applicable(Active Employee),Active,Work From Home,Company Cab,16.32,64.0,22.0,0.75,73.0,6.0,1.0,High,3.0,55,25.0,6.8
EMP-0470,Arun Kumar,DIR-0001,Male,1998-03-17,Finance,Manager,North - Delhi,Recruitment Agency,6250.0,Experienced,2019-07-26,,240,226.0,2.0,10.0,2.0,7.0,Not Applicable(Active Employee),Active,Onsite,Own Vehicle,27.1,41.0,25.0,64.0,59.0,5.0,4.0,Medium,4.0,28,14.0,7.2
EMP-0471,Deepa Joshi,EMP-0075,Male,1968-10-20,Technology,Senior Executive,North - Delhi,LinkedIn,0.0,Experienced,2021-04-02,,240,223.0,5.0,9.0,3.0,7.0,Not Applicable(Active Employee),Active,Hybrid,Company Cab,16.32,60.0,36.0,55.0,0.64,4.0,4.0,High,0.0,58,17.0,5.5
EMP-0472,Manoj Joshi,EMP-0200,Male,1968-05-08,Sales,Executive,South - Bangalore,LinkedIn,0.0,Fresher,2024-02-08,2025-04-10,240,213.0,11.0,5.0,11.0,19.0,Involuntary - Restructuring,Inactive,Hybrid,Company Cab,27.26,53.0,23.0,71.0,75.0,5.0,2.0,High,2.0,58,27.0,1.2
EMP-0473,Lakshmi Nair,EMP-0075,Male,1988-08-22,Technology,Executive,West - Mumbai,Recruitment Agency,6250.0,Experienced,2024-02-08,2023-06-10,240,227.0,5.0,6.0,2.0,2.0,Involuntary - Restructuring,Inactive,Hybrid,Own Vehicle,4.56,91.0,18.0,70.0,77.0,7.0,3.0,Low,3.0,38,13.0,0.0
EMP-0474,Lakshmi Patel,DIR-0001,Female,2001-05-20,Human Resources,Manager,South - Chennai,Employee Referral,6250.0,Experienced,2018-06-18,,240,228.0,5.0,4.0,3.0,3.0,Not Applicable(Active Employee),Active,Onsite,Company Cab,25.33,79.0,24.0,72.0,66.0,4.0,4.0,Medium,1.0,25,12.0,8.3
EMP-0475,Lakshmi Patel,DIR-0001,Female,1981-08-01,Technology,Manager,North - Delhi,Recruitment Agency,6250.0,Experienced,2024-01-25,,240,226.0,6.0,6.0,2.0,2.0,Not Applicable(Active Employee),Active,Onsite,Company Cab,16.32,27.0,20.0,67.0,75.0,5.0,4.0,Medium,2.0,45,14.0,2.7
EMP-0476,Ramesh Nair,EMP-0100,Male,1995-08-31,Technology,Assistant Manager,West - Mumbai,Employee Referral,5000.0,Experienced,2023-04-25,,240,230.0,2.0,6.0,2.0,5.0,Not Applicable(Active Employee),Active,Hybrid,Own Vehicle,16.32,92.0,22.0,67.0,67.0,6.0,4.0,Medium,4.0,31,10.0,3.4
EMP-0477,Lakshmi Patel,EMP-0140,Male,1998-12-18,Engineering,Executive,South - Bangalore,Employee Referral,0.0,Experienced,2022-08-31,,240,209.0,13.0,8.0,10.0,10.0,Not Applicable(Active Employee),Active,Onsite,Company Cab,6371.0,31.0,40.0,62.0,54.0,4.0,2.0,High,4.0,28,31.0,4.1
EMP-0478,Divya Rao,EMP-0100,Female,1971-06-12,Technology,Executive,North - Delhi,LinkedIn,0.0,Fresher,2023-01-06,,240,210.0,13.0,6.0,11.0,8.0,Not Applicable(Active Employee),Active,Hybrid,Own Vehicle,17.07,46.0,32.0,62.0,64.0,5.0,2.0,Medium,3.0,55,30.0,3.7
EMP-0479,Manoj Singh,DIR-0001,Male,1976-07-23,Human Resources,Manager,South - Bangalore,Campus Drive,6250.0,Experienced,2020-05-21,2022-10-23,240,225.0,4.0,8.0,3.0,5.0,Better Compensation & Benefits,Inactive,Work From Home,Company Cab,27.25,65.0,3.0,66.0,64.0,1.0,3.0,Medium,5.0,50,15.0,2.4
EMP-0480,Ananya Reddy,DIR-0001,Female,1999-03-22,Finance,Manager,North - Delhi,Employee Referral,6250.0,Experienced,2021-12-28,2024-02-28,240,220.0,6.0,4.0,10.0,13.0,Involuntary - Restructuring,Resigned,Onsite,Company Cab,16.32,68.0,41.0,69.0,72.0,4.0,1.0,High,3.0,27,20.0,2.2
EMP-0481,Vikram Kumar,EMP-0240,Male,1977-05-21,Marketing,Executive,North - Delhi,Walk-In,0.0,Experienced,2021-04-14,2022-07-10,240,210.0,5.0,10.0,6.0,8.0,Better Compensation & Benefits,Inactive,Onsite,Company Cab,16.32,52.0,6.0,58.0,60.0,7.0,1.0,High,1.0,49,21.0,1.2
EMP-0482,Anitha Venkatesh,EMP-0140,Male,1997-02-22,Engineering,Assistant Manager,South - Chennai,LinkedIn,0.0,Experienced,2024-01-27,,240,224.0,3.0,10.0,3.0,1.0,Not Applicable(Active Employee),Active,Hybrid,Company Cab,20.55,37.0,21.0,60.0,68.0,2.0,3.0,Medium,3.0,29,16.0,2.6
EMP-0483,Vijay Joshi,EMP-0120,Female,1996-01-31,Engineering,Team Lead,South - Chennai,Company Career Site,0.0,Experienced,2024-05-21,2024-08-08,240,221.0,8.0,4.0,7.0,20.0,Better Career Growth,Resigned,Hybrid,Company Cab,14.64,83.0,32.0,75.0,86.0,8.0,2.0,High,2.0,30,19.0,0.2
EMP-0484,Rajesh Joshi,DIR-0001,Male,1981-07-01,Finance,Manager,North - Delhi,Company Career Site,0.0,Experienced,2023-12-15,2026-05-15,240,227.0,4.0,6.0,3.0,1.0,Better Career Growth,Inactive,Hybrid,Company Cab,18.88,44.0,16.0,70.0,80.0,5.0,4.0,Medium,4.0,45,13.0,2.4
EMP-0485,Deepa Joshi,DIR-0001,Female,1986-12-04,Human Resources,Manager,South - Chennai,Employee Referral,0.0,Experienced,2018-08-05,,240,212.0,8.0,9.0,11.0,13.0,Not Applicable(Active Employee),Active,Work From Home,Own Vehicle,17.82,70.0,23.0,71.0,65.0,1.0,2.0,High,4.0,40,28.0,8.1
EMP-0486,Ananya Singh,EMP-0100,Male,1974-11-02,Technology,Senior Executive,North - Delhi,LinkedIn,0.0,Fresher,2019-05-19,2021-03-29,240,217.0,11.0,7.0,5.0,17.0,Not Applicable(Active Employee),Resigned,Hybrid,Company Cab,25.58,63.0,33.0,65.0,56.0,4.0,2.0,High,2.0,52,23.0,1.9
EMP-0487,Divya Rao,EMP-0025,Female,1989-02-23,Human Resources,Executive,South - Bangalore,Campus Drive,6250.0,Fresher,2019-06-23,,240,227.0,3.0,8.0,2.0,7.0,Not Applicable(Active Employee),Active,Hybrid,Company Cab,16.32,72.0,27.0,74.0,73.0,5.0,4.0,Medium,2.0,37,13.0,7.2
EMP-0488,Vikram Patel,EMP-0180,Female,1994-02-04,Sales,Assistant Manager,South - Bangalore,Naukri,0.0,Experienced,2021-01-28,,240,225.0,4.0,9.0,2.0,4.0,Not Applicable(Active Employee),Active,Work From Home,Company Cab,10.38,88.0,42.0,68.0,60.0,4.0,3.0,High,4.0,32,15.0,5.6
EMP-0489,Suresh Patel,EMP-0180,Male,1993-07-17,Sales,Senior Executive,South - Bangalore,LinkedIn,0.0,Fresher,2022-06-30,,240,233.0,2.0,4.0,1.0,8.0,Not Applicable(Active Employee),Active,Onsite,Company Cab,26.79,16.0,40.0,43.0,50.0,7.0,3.0,High,1.0,33,7.0,4.2
EMP-0490,Kavitha Singh,DIR-0001,Male,1968-05-09,Human Resources,Manager,South - Bangalore,Company Career Site,0.0,Experienced,2018-08-06,,240,207.0,14.0,7.0,12.0,9.0,Not Applicable(Active Employee),Active,Onsite,Company Cab,25.31,85.0,38.0,71.0,71.0,4.0,2.0,High,3.0,58,33.0,8.1
EMP-0491,Divya Sharma,DIR-0001,Female,1999-12-27,Marketing,Senior Executive,South - Bangalore,Naukri,0.0,Fresher,2021-11-10,2022-10-16,240,212.0,10.0,10.0,8.0,19.0,Relocation / Personal Reasons,Inactive,Hybrid,Company Cab,16.32,52.0,21.0,55.0,0.59,8.0,2.0,High,3.0,27,28.0,0.9
EMP-0492,Kavitha Venkatesh,EMP-0260,Female,2006-01-24,Finance,Senior Executive,South - Bangalore,Employee Referral,2500.0,Fresher,2022-09-10,2023-12-13,240,214.0,13.0,5.0,8.0,19.0,Better Compensation & Benefits,Resigned,Hybrid,Own Vehicle,18.69,94.0,16.0,77.0,78.0,5.0,2.0,High,3.0,20,26.0,1.3
EMP-0493,Suresh Sharma,EMP-0100,Male,1994-09-23,Technology,Senior Executive,South - Bangalore,LinkedIn,0.0,Experienced,2018-02-02,2019-11-27,240,230.0,5.0,5.0,0.0,3.0,Work-Life Balance / Burnout,Resigned,Onsite,Own Vehicle,16.32,40.0,33.0,0.56,56.0,9.0,3.0,High,4.0,32,10.0,1.8
EMP-0494,Divya Singh,EMP-0075,Male,1969-08-29,Technology,Executive,South - Bangalore,Campus Drive,6250.0,Fresher,2018-05-01,,240,230.0,2.0,7.0,1.0,8.0,Not Applicable(Active Employee),Active,Work From Home,Company Cab,8.11,67.0,5.0,63.0,67.0,6.0,3.0,Medium,4.0,57,10.0,8.4
EMP-0495,Sanjay Patel,EMP-0260,Male,1991-01-10,Finance,Team Lead,North - Delhi,Walk-In,0.0,Experienced,2022-05-12,,240,225.0,5.0,7.0,3.0,7.0,Not Applicable(Active Employee),Active,Hybrid,Own Vehicle,14.86,70.0,5.0,66.0,60.0,6.0,4.0,Low,3.0,35,15.0,4.4
EMP-0496,Karthik Rao,emp-0350,Male,1998-06-11,Operations,Team Lead,South - Chennai,Employee Referral,5000.0,Experienced,2021-08-26,,240,226.0,5.0,10.0,2.0,6.0,Not Applicable(Active Employee),Active,Onsite,Own Vehicle,12.16,-15.0,33.0,75.0,74.0,4.0,3.0,High,4.0,28,17.0,5.1
EMP-0497,Arun Joshi,EMP-0300,Male,1970-09-21,Operations,Assistant Manager,North - Delhi,Company Career Site,0.0,Experienced,2021-08-29,,240,228.0,2.0,8.0,2.0,5.0,Not Applicable(Active Employee),Active,Onsite,Company Cab,17.8,29.0,0.0,62.0,62.0,3.0,3.0,High,5.0,56,12.0,5.1
EMP-0498,Arun Sharma,EMP-0025,Male,1968-05-09,Human Resources,Executive,South - Chennai,Naukri,0.0,Experienced,2021-08-29,2022-06-09,240,217.0,8.0,9.0,6.0,20.0,Involuntary - Performance,Inactive,Hybrid,Own Vehicle,5.4,46.0,9.0,68.0,70.0,6.0,2.0,High,3.0,58,23.0,0.8
EMP-0499,Deepa Sharma,DIR-0001,Female,1992-10-25,Engineering,Manager,West - Mumbai,Walk-In,0.0,Experienced,2021-09-26,,240,214.0,11.0,8.0,7.0,9.0,Not Applicable(Active Employee),Active,Onsite,Own Vehicle,16.32,13.0,20.0,67.0,70.0,5.0,1.0,High,3.0,34,26.0,5.0
EMP-0500,Sanjay Venkatesh,DIR-0001,Male,1997-01-29,Sales,Manager,South - Chennai,Campus Drive,6250.0,Experienced,2021-09-26,,240,226.0,3.0,10.0,1.0,4.0,Not Applicable(Active Employee),Active,Onsite,Company Cab,27.66,29.0,4.0,56.0,66.0,7.0,3.0,Low,3.0,29,14.0,5.0
EMP-0501,Deepa Reddy,DIR-0001,Male,1973-03-30,Marketing,Manager,South - Chennai,Walk-In,0.0,Experienced,2019-06-08,2019-12-24,240,229.0,5.0,4.0,2.0,6.0,Involuntary - Performance,Resigned,Hybrid,Own Vehicle,16.32,69.0,22.0,69.0,76.0,3.0,4.0,Low,3.0,53,11.0,0.5
EMP-0502,Divya Kumar,EMP-0010,Female,1996-12-26,Human Resources,Executive,West - Mumbai,Naukri,0.0,Fresher,2020-08-28,,240,224.0,5.0,10.0,1.0,2.0,Not Applicable(Active Employee),Active,Hybrid,Own Vehicle,16.63,33.0,21.0,55.0,53.0,5.0,4.0,Low,0.0,30,16.0,6.1
EMP-0503,Sanjay Kumar,EMP-0240,Male,1987-07-27,Marketing,Senior Executive,North - Delhi,Naukri,0.0,Experienced,2023-03-13,2026-05-13,240,217.0,7.0,6.0,10.0,19.0,Involuntary - Performance,Inactive,Onsite,Company Cab,11.08,59.0,1.0,59.0,60.0,4.0,2.0,High,5.0,39,23.0,3.2
EMP-0504,Ananya Kumar,EMP-0120,Female,2000-07-29,Engineering,Assistant Manager,South - Bangalore,Campus Drive,6250.0,Experienced,2021-11-20,,240,209.0,13.0,8.0,10.0,20.0,Not Applicable(Active Employee),Active,Hybrid,Own Vehicle,23.44,58.0,9.0,58.0,59.0,5.0,2.0,High,6.0,26,31.0,4.8
EMP-0505,Ananya Patel,EMP-0300,Female,1987-08-27,Operations,Assistant Manager,South - Chennai,Employee Referral,0.0,Experienced,2019-12-02,,240,225.0,5.0,10.0,0.0,7.0,Not Applicable(Active Employee),Active,Work From Home,Company Cab,16.32,60.0,33.0,62.0,63.0,7.0,3.0,High,3.0,39,15.0,6.8
EMP-0506,Suresh Rao,EMP-0010,Male,1994-05-12,Human Resources,Team Lead,South - Bangalore,LinkedIn,0.0,Experienced,2021-11-19,,240,227.0,4.0,9.0,0.0,8.0,Not Applicable(Active Employee),Active,Hybrid,Company Cab,7.48,45.0,15.0,73.0,78.0,5.0,3.0,Low,4.0,32,13.0,4.8
EMP-0507,Divya Singh,EMP-0160,Male,2006-04-13,Sales,Assistant Manager,South - Chennai,Company Career Site,0.0,Experienced,2019-04-19,,240,224.0,5.0,9.0,2.0,3.0,Not Applicable(Active Employee),Active,Onsite,Company Cab,25.82,75.0,38.0,67.0,65.0,1.0,3.0,High,2.0,20,16.0,7.4
EMP-0508,Sanjay Singh,EMP-0050,Female,1981-02-27,Technology,Executive,South - Chennai,Employee Referral,2500.0,Fresher,2018-12-11,,240,211.0,14.0,9.0,6.0,20.0,Not Applicable(Active Employee),Active,Hybrid,Company Cab,23.65,88.0,21.0,70.0,64.0,7.0,1.0,High,3.0,45,29.0,7.8
EMP-0509,Karthik Nair,DIR-0001,Male,2005-05-15,Finance,Manager,East - Kolkata,Employee Referral,0.0,Experienced,2018-08-02,,240,213.0,8.0,7.0,12.0,22.0,Not Applicable(Active Employee),Active,Onsite,Own Vehicle,26.77,43.0,11.0,68.0,75.0,5.0,2.0,High,4.0,21,27.0,8.1
EMP-0510,Divya Venkatesh,EMP-0320,Female,2003-11-16,Operations,Senior Executive,South - Bangalore,Naukri,0.0,Fresher,2019-01-15,,240,219.0,6.0,10.0,5.0,16.0,Not Applicable(Active Employee),Active,Hybrid,Company Cab,21.28,45.0,23.0,71.0,83.0,5.0,1.0,High,3.0,23,21.0,7.7
EMP-0511,Divya Rao,DIR-0001,Male,1980-09-01,Finance,Manager,South - Bangalore,Company Career Site,0.0,Experienced,2023-04-16,,240,220.0,5.0,6.0,6.0,10.0,Not Applicable(Active Employee),Active,Hybrid,Company Cab,16.32,52.0,39.0,64.0,0.65,5.0,2.0,High,3.0,46,17.0,3.4
EMP-0512,Manoj Iyer,EMP-0050,Male,1973-10-16,Technology,Assistant Manager,South - Bangalore,Employee Referral,5000.0,Experienced,2021-12-31,,240,213.0,11.0,9.0,7.0,13.0,Not Applicable(Active Employee),Active,Hybrid,Own Vehicle,13.75,48.0,37.0,48.0,50.0,8.0,2.0,High,2.0,53,27.0,4.7
EMP-0513,Sneha Iyer,EMP-0240,Female,1995-03-04,Marketing,Executive,West - Mumbai,Employee Referral,0.0,Fresher,2023-12-07,,240,228.0,6.0,6.0,0.0,5.0,Not Applicable(Active Employee),Active,Hybrid,Own Vehicle,26.35,51.0,9.0,73.0,77.0,5.0,4.0,Low,5.0,31,12.0,2.8
EMP-0514,Rajesh Singh,EMP-0075,Male,1986-08-29,Technology,Assistant Manager,North - Delhi,Recruitment Agency,6250.0,Experienced,2023-03-05,,240,226.0,3.0,9.0,2.0,3.0,Not Applicable(Active Employee),Active,Hybrid,Company Cab,24.72,67.0,34.0,63.0,71.0,5.0,3.0,Medium,3.0,40,14.0,3.5
EMP-0515,Arun Patel,EMP-0100,Male,1977-05-24,Technology,Senior Executive,South - Bangalore,Naukri,0.0,Experienced,2024-05-28,,240,210.0,10.0,8.0,12.0,9.0,Not Applicable(Active Employee),Active,Hybrid,Company Cab,4.61,21.0,31.0,61.0,62.0,8.0,2.0,High,2.0,49,30.0,2.3
EMP-0516,Pradeep Patel,EMP-0010,Male,1968-10-24,Human Resources,Executive,South - Bangalore,LinkedIn,0.0,Experienced,2020-12-04,,240,224.0,6.0,9.0,1.0,3.0,Not Applicable(Active Employee),Active,Hybrid,Own Vehicle,4.15,12.0,6.0,65.0,72.0,3.0,3.0,Medium,0.0,58,16.0,5.8
EMP-0517,Lakshmi Rao,EMP-0350,Female,1984-06-01,Operations,Team Lead,West - Mumbai,Recruitment Agency,6250.0,Experienced,2023-12-29,,240,226.0,3.0,9.0,2.0,1.0,Not Applicable(Active Employee),Active,Hybrid,Own Vehicle,16.32,27.0,20.0,0.72,78.0,5.0,5.0,Medium,3.0,42,14.0,2.7
EMP-0518,Kavitha Reddy,EMP-0200,Male,2006-07-21,Sales,Team Lead,South - Bangalore,Campus Drive,6250.0,Experienced,2020-06-10,,240,234.0,2.0,4.0,0.0,5.0,Not Applicable(Active Employee),Active,Hybrid,Own Vehicle,23.36,49.0,19.0,58.0,72.0,8.0,3.0,Medium,2.0,20,6.0,6.3
EMP-0519,Pradeep Patel,EMP-0075,Male,1970-11-09,Technology,Assistant Manager,North - Delhi,Company Career Site,0.0,Experienced,2020-09-08,2021-11-15,240,224.0,3.0,10.0,3.0,1.0,Better Compensation & Benefits,Resigned,Hybrid,Company Cab,33228.0,30.0,25.0,53.0,54.0,4.0,3.0,Medium,2.0,56,16.0,1.2
EMP-0520,Pooja Patel,EMP-0075,Male,1995-09-14,Technology,Senior Executive,South - Chennai,Campus Drive,6250.0,Fresher,2018-06-03,,240,224.0,5.0,9.0,2.0,5.0,Not Applicable(Active Employee),Active,Onsite,Own Vehicle,7.19,24.0,3.0,60.0,53.0,9.0,4.0,Low,2.0,31,16.0,8.3
EMP-0521,Kavitha Rao,EMP-0075,Male,1978-01-19,Technology,Executive,South - Chennai,Recruitment Agency,6250.0,Experienced,2019-12-19,,240,227.0,5.0,5.0,3.0,5.0,Not Applicable(Active Employee),Active,Onsite,Company Cab,16.32,35.0,22.0,60.0,55.0,5.0,3.0,Low,4.0,48,13.0,6.8
EMP-0522,Rajesh Singh,EMP-0050,Male,1983-04-07,Technology,Senior Executive,South - Bangalore,Recruitment Agency,6250.0,Experienced,2019-12-15,,240,231.0,5.0,4.0,0.0,3.0,Not Applicable(Active Employee),Active,Onsite,Company Cab,12.83,17.0,14.0,51.0,53.0,5.0,3.0,Medium,3.0,43,9.0,6.8
EMP-0523,Lakshmi Nair,EMP-0050,Female,2002-07-18,Technology,Executive,South - Chennai,Company Career Site,0.0,Fresher,2021-03-14,,240,225.0,5.0,7.0,3.0,7.0,Not Applicable(Active Employee),Active,Onsite,Company Cab,16.32,96.0,39.0,75.0,83.0,6.0,5.0,High,3.0,24,15.0,5.5
EMP-0524,Pooja Reddy,EMP-0100,Female,1974-10-12,Technology,Team Lead,South - Chennai,Walk-In,0.0,Experienced,2018-09-14,,240,230.0,3.0,6.0,1.0,6.0,Not Applicable(Active Employee),Active,Onsite,Own Vehicle,24.13,51.0,20.0,64.0,63.0,5.0,3.0,Medium,2.0,52,10.0,8.0
EMP-0525,Sanjay Singh,EMP-0200,Male,1972-09-02,Sales,Assistant Manager,South - Bangalore,Company Career Site,0.0,Experienced,2021-06-06,2022-11-11,240,225.0,4.0,9.0,2.0,7.0,Work-Life Balance / Burnout,Resigned,Onsite,Company Cab,24.04,53.0,14.0,68.0,70.0,2.0,4.0,Low,4.0,54,15.0,1.4
EMP-0526,Manoj Sharma,DIR-0001,Male,1987-08-22,Engineering,Manager,North - Delhi,Naukri,0.0,Experienced,2023-09-28,,240,225.0,5.0,10.0,2.0,2.0,Not Applicable(Active Employee),Active,Onsite,Company Cab,16.32,23.0,22.0,57.0,63.0,6.0,5.0,High,3.0,39,17.0,3.0
EMP-0527,Manoj Joshi,EMP-0050,Male,2001-11-25,Technology,Senior Executive,South - Bangalore,Walk-In,0.0,Experienced,2019-03-16,,240,213.0,11.0,5.0,11.0,9.0,Not Applicable(Active Employee),Active,Onsite,Company Cab,13.66,87.0,27.0,80.0,79.0,8.0,2.0,High,4.0,25,27.0,7.5
EMP-0528,Ramesh Joshi,EMP-0300,Male,2003-01-23,Technology,Team Lead,South - Bangalore,LinkedIn,0.0,Experienced,2021-02-17,,240,228.0,4.0,7.0,1.0,3.0,Not Applicable(Active Employee),Active,Onsite,Own Vehicle,10.2,11.0,13.0,47.0,50.0,7.0,3.0,Low,3.0,23,12.0,5.6
EMP-0529,Vikram Rao,EMP-0180,Male,2006-07-03,Sales,Executive,North - Delhi,Walk-In,0.0,Experienced,2023-05-17,2025-10-07,240,232.0,2.0,4.0,2.0,7.0,Better Career Growth,Resigned,Onsite,Company Cab,16.32,46.0,26.0,0.74,65.0,3.0,3.0,High,4.0,20,8.0,2.4
EMP-0530,Sanjay Singh,EMP-0300,Male,1969-11-18,Operations,Senior Executive,South - Chennai,Naukri,0.0,Fresher,2021-06-25,,240,226.0,6.0,7.0,1.0,3.0,Not Applicable(Active Employee),Active,Hybrid,Own Vehicle,24.69,78.0,40.0,71.0,68.0,9.0,5.0,High,3.0,57,14.0,5.2
EMP-0531,Ananya Joshi,EMP-0220,Female,1996-04-03,Marketing,Assistant Manager,South - Bangalore,Campus Drive,6250.0,Experienced,2024-06-15,,240,226.0,4.0,8.0,2.0,4.0,Not Applicable(Active Employee),Active,Onsite,Company Cab,16.32,47.0,39.0,63.0,0.72,3.0,3.0,High,2.0,30,14.0,2.3
EMP-0532,Lakshmi Kumar,DIR-0001,Male,1984-03-22,Sales,Manager,West - Mumbai,Naukri,0.0,Experienced,2022-10-28,,240,213.0,8.0,7.0,12.0,15.0,Not Applicable(Active Employee),Active,Hybrid,Own Vehicle,27.99,50.0,27.0,59.0,69.0,3.0,2.0,High,2.0,42,27.0,3.9
EMP-0533,Priya Iyer,DIR-0001,Male,1999-10-07,Technology,Manager,South - Chennai,LinkedIn,0.0,Experienced,2024-06-13,,240,225.0,5.0,7.0,3.0,7.0,Not Applicable(Active Employee),Active,Onsite,Own Vehicle,33504.0,71.0,25.0,62.0,78.0,5.0,2.0,Medium,4.0,27,15.0,2.3
EMP-0534,Vikram Rao,DIR-0001,Female,1990-05-10,Sales,Manager,South - Chennai,LinkedIn,0.0,Experienced,2019-04-05,,240,210.0,13.0,6.0,11.0,8.0,Not Applicable(Active Employee),Active,Hybrid,Company Cab,17.11,69.0,1.0,62.0,64.0,5.0,1.0,High,1.0,36,30.0,7.5
EMP-0535,Vijay Nair,EMP-0010,Male,1984-04-25,Human Resources,Assistant Manager,West - Mumbai,Recruitment Agency,6250.0,Experienced,2023-05-19,,240,228.0,2.0,7.0,3.0,4.0,Not Applicable(Active Employee),Active,Work From Home,Own Vehicle,16.32,23.0,24.0,64.0,74.0,5.0,5.0,Medium,3.0,42,12.0,3.3
EMP-0536,Karthik Singh,DIR-0001,Male,1973-07-07,Marketing,Manager,North - Delhi,Recruitment Agency,6250.0,Experienced,2020-08-16,,240,227.0,3.0,8.0,2.0,1.0,Not Applicable(Active Employee),Active,Hybrid,Company Cab,26.65,98.0,2.0,68.0,73.0,6.0,3.0,Low,1.0,53,13.0,6.1
EMP-0537,Anitha Venkatesh,DIR-0001,Female,1986-08-25,Technology,Manager,West - Mumbai,LinkedIn,0.0,Experienced,2018-12-15,,240,217.0,6.0,6.0,11.0,17.0,Not Applicable(Active Employee),Active,Hybrid,Own Vehicle,24.32,93.0,7.0,72.0,73.0,1.0,1.0,High,1.0,40,23.0,7.8
EMP-0538,Kavitha Iyer,EMP-0050,Female,2004-04-18,Technology,Executive,South - Bangalore,Walk-In,0.0,Experienced,2021-04-04,,240,229.0,5.0,6.0,0.0,2.0,Not Applicable(Active Employee),Active,Hybrid,Own Vehicle,9.56,11.0,43.0,50.0,50.0,6.0,3.0,High,2.0,22,11.0,5.5
EMP-0539,Anitha Sharma,EMP-0025,Female,1990-08-27,Human Resources,Senior Executive,South - Chennai,Naukri,0.0,Experienced,2022-05-16,2024-03-15,240,228.0,5.0,5.0,2.0,6.0,Better Compensation & Benefits,Inactive,Onsite,Public Transport,14.54,79.0,32.0,54.0,62.0,3.0,4.0,High,3.0,36,12.0,1.8
EMP-0540,Sneha Venkatesh,EMP-0100,Male,1984-09-14,Technology,Executive,South - Bangalore,Campus Drive,6250.0,Fresher,2024-07-15,,240,229.0,5.0,6.0,0.0,7.0,Not Applicable(Active Employee),Active,Onsite,Company Cab,6.66,26.0,41.0,56.0,60.0,6.0,3.0,High,3.0,42,11.0,2.2
EMP-0541,Vikram Kumar,emp-0025,Male,1997-10-30,Human Resources,Assistant Manager,South - Chennai,Naukri,0.0,Experienced,2022-02-28,,240,214.0,5.0,8.0,12.0,7.0,Not Applicable(Active Employee),Active,Onsite,Company Cab,16.32,52.0,34.0,72.0,68.0,2.0,1.0,High,3.0,29,25.0,4.6
EMP-0542,Deepa Joshi,DIR-0001,Male,2001-10-19,Sales,Manager,West - Mumbai,Recruitment Agency,6250.0,Experienced,2024-05-27,,240,226.0,4.0,8.0,2.0,2.0,Not Applicable(Active Employee),Active,Onsite,Company Cab,18.35,37.0,5.0,59.0,67.0,5.0,4.0,Low,4.0,25,14.0,2.3
EMP-0543,Meera Reddy,EMP-0025,Female,1978-03-27,Human Resources,Executive,South - Bangalore,Walk-In,0.0,Fresher,2023-10-25,,240,224.0,5.0,8.0,3.0,5.0,Not Applicable(Active Employee),Active,Hybrid,Own Vehicle,9.1,75.0,38.0,61.0,56.0,8.0,4.0,Medium,3.0,48,16.0,2.9
EMP-0544,Ananya Patel,DIR-0001,Female,1986-07-18,Engineering,Manager,South - Chennai,Recruitment Agency,6250.0,Experienced,2019-08-11,,240,223.0,7.0,5.0,5.0,14.0,Not Applicable(Active Employee),Active,Hybrid,Company Cab,19.96,44.0,22.0,68.0,70.0,3.0,2.0,High,3.0,40,17.0,7.1
EMP-0545,Arun Iyer,EMP-0100,Male,2006-03-27,Technology,Executive,South - Bangalore,Walk-In,0.0,Fresher,2024-01-16,2025-01-16,240,210.0,11.0,10.0,9.0,16.0,Work-Life Balance / Burnout,Inactive,Onsite,Own Vehicle,18.64,14.0,24.0,64.0,65.0,6.0,1.0,High,3.0,20,30.0,1.0
EMP-0546,Vikram Sharma,EMP-0350,Male,1984-03-24,Operations,Team Lead,North - Delhi,Naukri,0.0,Experienced,2023-01-25,,240,225.0,4.0,10.0,1.0,4.0,Not Applicable(Active Employee),Active,Hybrid,Own Vehicle,12.27,74.0,42.0,68.0,79.0,6.0,3.0,Medium,4.0,42,15.0,3.7
EMP-0547,Pradeep Rao,EMP-0180,Male,2002-07-19,Sales,Executive,South - Chennai,Employee Referral,2500.0,Fresher,2021-09-06,,240,223.0,6.0,8.0,3.0,1.0,Not Applicable(Active Employee),Active,Onsite,Company Cab,16.32,49.0,18.0,64.0,65.0,6.0,3.0,Medium,3.0,24,17.0,5.0
EMP-0548,Arun Iyer,EMP-0025,Male,1991-03-17,Human Resources,Senior Executive,West - Mumbai,Naukri,0.0,Fresher,2020-12-11,2022-04-07,240,233.0,2.0,4.0,1.0,6.0,Better Compensation & Benefits,Inactive,Onsite,Own Vehicle,19.95,85.0,4.0,66.0,67.0,7.0,3.0,Low,3.0,35,7.0,1.3
EMP-0549,Sanjay Reddy,DIR-0001,Male,1982-02-13,Technology,Manager,North - Delhi,LinkedIn,0.0,Experienced,2023-07-27,,240,224.0,5.0,8.0,3.0,3.0,Not Applicable(Active Employee),Active,Hybrid,Own Vehicle,16.25,65.0,10.0,63.0,59.0,5.0,3.0,Medium,3.0,44,16.0,3.2
EMP-0550,Sanjay Patel,DIR-0001,Female,1975-05-16,Finance,Manager,North - Delhi,Naukri,0.0,Experienced,2022-05-22,,240,225.0,6.0,8.0,1.0,6.0,Not Applicable(Active Employee),Active,Onsite,Company Cab,22.42,45.0,11.0,64.0,63.0,1.0,4.0,Low,3.0,51,15.0,4.3
EMP-0551,Lakshmi Rao,EMP-0140,Male,2002-01-20,Engineering,Team Lead,West - Mumbai,Naukri,0.0,Experienced,2020-10-06,,240,227.0,6.0,6.0,1.0,7.0,Not Applicable(Active Employee),Active,Hybrid,Own Vehicle,16.32,54.0,22.0,56.0,65.0,4.0,3.0,Medium,5.0,24,13.0,6.0
EMP-0552,Suresh Venkatesh,EMP-0280,Male,1996-09-10,Finance,Assistant Manager,South - Bangalore,Walk-In,0.0,Experienced,2021-10-31,,240,223.0,6.0,9.0,2.0,6.0,Not Applicable(Active Employee),Active,Hybrid,Own Vehicle,24.38,32.0,7.0,53.0,51.0,6.0,3.0,Low,3.0,30,17.0,4.9
EMP-0553,Divya Patel,EMP-0240,Female,1970-08-05,Marketing,Team Lead,West - Mumbai,Naukri,0.0,Experienced,2018-12-02,,240,221.0,6.0,10.0,3.0,5.0,Not Applicable(Active Employee),Active,Onsite,Company Cab,16.32,56.0,23.0,0.77,77.0,8.0,3.0,Medium,3.0,56,19.0,7.8
EMP-0554,Vijay Joshi,DIR-0001,Male,1986-10-22,Human Resources,Manager,North - Delhi,LinkedIn,0.0,Experienced,2023-07-07,,240,225.0,5.0,10.0,0.0,6.0,Not Applicable(Active Employee),Active,Onsite,Own Vehicle,17.24,40.0,27.0,73.0,76.0,6.0,3.0,Medium,3.0,40,15.0,3.2
EMP-0555,Ramesh Iyer,EMP-0140,Male,1999-06-08,Engineering,Assistant Manager,West - Mumbai,Walk-In,0.0,Experienced,2021-10-10,2022-11-15,240,227.0,4.0,9.0,0.0,7.0,Relocation / Personal Reasons,Inactive,Onsite,Company Cab,24.98,20.0,40.0,43.0,50.0,3.0,3.0,High,2.0,27,13.0,1.1
EMP-0556,Anitha Venkatesh,EMP-0100,Female,2000-05-13,Technology,Executive,South - Bangalore,Recruitment Agency,6250.0,Fresher,2022-12-29,,240,228.0,5.0,6.0,0.0,8.0,Not Applicable(Active Employee),Active,Work From Home,Company Cab,13.39,19.0,35.0,47.0,50.0,4.0,3.0,High,1.0,26,11.0,3.7
EMP-0557,Ananya Joshi,EMP-0240,Male,1968-05-09,Marketing,Executive,South - Chennai,Naukri,0.0,Experienced,2019-08-29,2020-12-26,240,226.0,4.0,9.0,1.0,1.0,Involuntary - Performance,Resigned,Hybrid,Company Cab,6.78,76.0,36.0,66.0,68.0,6.0,3.0,High,2.0,58,14.0,1.3
EMP-0558,Vikram Patel,EMP-0260,Male,1995-05-19,Finance,Senior Executive,West - Mumbai,Recruitment Agency,6250.0,Experienced,2022-03-11,2025-05-16,240,210.0,13.0,5.0,12.0,18.0,Work-Life Balance / Burnout,Inactive,Hybrid,Company Cab,4.21,23.0,20.0,64.0,67.0,5.0,2.0,High,4.0,31,30.0,3.2
EMP-0914,Priya Joshi,EMP-0025,Male,1988-06-01,Human Resources,Executive,South - Bangalore,Naukri,0.0,Fresher,2023-03-19,2025-02-28,240,216.0,12.0,5.0,7.0,7.0,Better Career Growth,Inactive,Onsite,Company Cab,16.32,89.0,7.0,59.0,60.0,3.0,1.0,High,3.0,38,24.0,1.9
EMP-0560,Pooja Joshi,EMP-0180,Female,1996-01-03,Sales,Executive,West - Mumbai,Employee Referral,2500.0,Fresher,2019-06-03,2020-04-06,240,225.0,6.0,9.0,0.0,4.0,Involuntary - Restructuring,Inactive,Onsite,Own Vehicle,18.7,83.0,8.0,68.0,71.0,4.0,4.0,Low,4.0,30,15.0,0.8
EMP-0561,Meera Patel,DIR-0001,Male,1999-04-15,Sales,Executive,South - Chennai,Naukri,0.0,Experienced,2024-06-15,,240,229.0,2.0,7.0,2.0,7.0,Not Applicable(Active Employee),Active,Hybrid,Company Cab,16.32,52.0,14.0,62.0,57.0,6.0,3.0,High,3.0,27,11.0,2.3
EMP-0562,Sneha Singh,EMP-0300,Male,2003-01-22,Operations,Senior Executive,North - Delhi,LinkedIn,0.0,Experienced,2020-10-15,,240,229.0,3.0,7.0,1.0,7.0,Not Applicable(Active Employee),Active,Onsite,Company Cab,8.72,85.0,39.0,77.0,80.0,5.0,5.0,Medium,3.0,23,11.0,5.9
EMP-0563,Sanjay Reddy,EMP-0100,Male,1981-07-11,Technology,Senior Executive,South - Chennai,Company Career Site,0.0,Experienced,2024-06-07,,240,221.0,6.0,10.0,3.0,1.0,Not Applicable(Active Employee),Active,Onsite,Own Vehicle,6.84,10.0,17.0,44.0,50.0,4.0,3.0,Medium,3.0,45,19.0,2.3
EMP-0564,Anitha Rao,EMP-0075,Female,1983-01-02,Technology,Executive,South - Chennai,Naukri,0.0,Experienced,2021-07-14,2021-12-07,240,228.0,3.0,8.0,1.0,6.0,Involuntary - Restructuring,Inactive,Onsite,Company Cab,3.86,14.0,41.0,51.0,55.0,5.0,5.0,High,3.0,43,12.0,0.4
EMP-0565,Vikram Rao,EMP-0120,Male,2001-03-13,Engineering,Assistant Manager,North - Delhi,Naukri,0.0,Experienced,2023-12-16,2026-07-09,240,224.0,5.0,8.0,3.0,6.0,Work-Life Balance / Burnout,Inactive,Onsite,Company Cab,16.32,29.0,19.0,0.57,56.0,3.0,5.0,Medium,3.0,25,16.0,2.6
EMP-0566,Meera Nair,EMP-0140,Female,1992-04-04,Engineering,Team Lead,South - Chennai,Walk-In,0.0,Experienced,2018-06-24,2020-04-27,240,228.0,3.0,7.0,2.0,6.0,Better Compensation & Benefits,Inactive,Onsite,Own Vehicle,17.95,17.0,5.0,60.0,67.0,6.0,3.0,Medium,1.0,34,12.0,1.8
EMP-0567,Vikram Reddy,EMP-0140,Male,1990-12-14,Engineering,Senior Executive,North - Delhi,Company Career Site,0.0,Experienced,2023-03-04,2026-04-24,240,211.0,10.0,8.0,11.0,11.0,Work-Life Balance / Burnout,Resigned,Hybrid,Company Cab,13.11,52.0,11.0,65.0,69.0,10.0,1.0,High,3.0,36,29.0,3.1
EMP-0568,Meera Rao,EMP-0320,Female,1983-04-14,Operations,Assistant Manager,South - Chennai,Employee Referral,5000.0,Experienced,2020-04-22,,240,229.0,3.0,6.0,2.0,4.0,Not Applicable(Active Employee),Active,Hybrid,Own Vehicle,14.22,85.0,1.0,63.0,72.0,5.0,4.0,Low,1.0,43,11.0,6.4
EMP-0569,Meera Joshi,DIR-0001,Female,1968-05-09,Technology,Manager,North - Delhi,LinkedIn,0.0,Experienced,2022-12-07,,240,224.0,4.0,10.0,2.0,4.0,Not Applicable(Active Employee),Active,Hybrid,Company Cab,25.65,10.0,6.0,55.0,64.0,4.0,3.0,Medium,4.0,58,16.0,3.8
EMP-0570,Anitha Singh,EMP-0050,Female,1992-03-21,Technology,Executive,South - Chennai,Walk-In,0.0,Fresher,2022-01-07,,240,226.0,5.0,6.0,3.0,6.0,Not Applicable(Active Employee),Active,Hybrid,Own Vehicle,12.03,66.0,15.0,65.0,61.0,9.0,3.0,Medium,4.0,34,14.0,4.7
EMP-0571,Divya Nair,DIR-0001,Female,2005-05-01,Technology,Manager,South - Chennai,Recruitment Agency,0.0,Experienced,2018-09-05,,240,225.0,5.0,7.0,3.0,7.0,Not Applicable(Active Employee),Active,Hybrid,Company Cab,16.32,52.0,2.0,61.0,0.59,9.0,1.0,High,3.0,21,15.0,8.0
EMP-0572,Sneha Singh,EMP-0120,Male,1990-08-31,Engineering,Assistant Manager,South - Chennai,Company Career Site,0.0,Experienced,2022-10-29,,240,222.0,6.0,10.0,2.0,5.0,Not Applicable(Active Employee),Active,Hybrid,Own Vehicle,22.7,93.0,44.0,67.0,74.0,10.0,3.0,High,3.0,36,18.0,3.9
EMP-0573,Ramesh Nair,EMP-0240,Male,2005-10-01,Marketing,Assistant Manager,North - Delhi,Recruitment Agency,6250.0,Experienced,2020-10-05,2023-12-01,240,213.0,7.0,8.0,12.0,14.0,Better Compensation & Benefits,Inactive,Work From Home,Own Vehicle,13.22,37.0,2.0,61.0,65.0,4.0,2.0,Medium,2.0,21,27.0,3.2
EMP-0574,Manoj Reddy,DIR-0001,Male,1990-10-06,Marketing,Manager,South - Chennai,Naukri,0.0,Experienced,2024-07-23,,240,223.0,5.0,10.0,2.0,3.0,Not Applicable(Active Employee),Active,Onsite,Company Cab,18.74,46.0,26.0,68.0,63.0,7.0,3.0,Medium,3.0,36,17.0,2.2
EMP-0575,Suresh Joshi,EMP-0350,Male,2001-12-08,Operations,Assistant Manager,South - Bangalore,LinkedIn,0.0,Experienced,2019-04-19,,240,230.0,4.0,4.0,2.0,2.0,Not Applicable(Active Employee),Active,Onsite,Own Vehicle,29556.0,56.0,42.0,80.0,91.0,3.0,4.0,High,3.0,25,10.0,7.4
EMP-0576,Ananya Reddy,EMP-0050,Female,1993-09-04,Technology,Assistant Manager,South - Chennai,LinkedIn,0.0,Experienced,2018-06-24,2021-04-14,240,227.0,4.0,7.0,2.0,8.0,Work-Life Balance / Burnout,Resigned,Hybrid,Own Vehicle,16.32,85.0,22.0,71.0,72.0,10.0,3.0,Medium,3.0,33,13.0,2.8
EMP-0577,Vijay Rao,EMP-0010,Male,1978-08-04,Human Resources,Executive,North - Delhi,LinkedIn,0.0,Fresher,2020-01-15,,240,230.0,3.0,5.0,2.0,7.0,Not Applicable(Active Employee),Active,Onsite,Company Cab,16.32,46.0,37.0,0.62,67.0,5.0,3.0,High,3.0,48,10.0,6.7
EMP-0578,Pooja Nair,EMP-0025,Female,1996-02-27,Human Resources,Executive,East - Kolkata,Employee Referral,2500.0,Fresher,2022-09-24,,240,232.0,3.0,4.0,1.0,4.0,Not Applicable(Active Employee),Active,Onsite,Company Cab,26.2,58.0,32.0,63.0,65.0,5.0,3.0,High,3.0,30,8.0,4.0
EMP-0579,Deepa Singh,EMP-0025,Female,1978-06-28,Human Resources,Executive,North - Delhi,Company Career Site,0.0,Fresher,2021-11-06,,240,213.0,6.0,9.0,12.0,11.0,Not Applicable(Active Employee),Active,Work From Home,Company Cab,15.56,53.0,27.0,67.0,63.0,6.0,2.0,High,1.0,48,27.0,4.9
EMP-0580,Ananya Venkatesh,EMP-0140,Female,1997-11-30,Engineering,Senior Executive,North - Delhi,LinkedIn,0.0,Experienced,2018-12-03,,240,233.0,3.0,4.0,0.0,7.0,Not Applicable(Active Employee),Active,Hybrid,Own Vehicle,9.83,65.0,0.0,51.0,58.0,6.0,3.0,Low,4.0,29,7.0,7.8
EMP-0581,Sanjay Kumar,EMP-0025,Male,2000-01-16,Human Resources,Assistant Manager,South - Chennai,Naukri,0.0,Experienced,2022-08-16,,240,224.0,4.0,9.0,3.0,2.0,Not Applicable(Active Employee),Active,Onsite,Company Cab,16.32,37.0,7.0,59.0,75.0,10.0,3.0,Medium,3.0,26,16.0,4.1
EMP-0582,Arun Kumar,DIR-0001,Male,1979-02-09,Human Resources,Manager,South - Chennai,Company Career Site,0.0,Experienced,2023-03-07,,240,232.0,3.0,4.0,1.0,7.0,Not Applicable(Active Employee),Active,Onsite,Own Vehicle,27.51,88.0,36.0,79.0,80.0,3.0,3.0,High,3.0,47,8.0,3.5
EMP-0583,Vikram Sharma,EMP-0300,Male,1994-02-14,Operations,Senior Executive,West - Mumbai,Recruitment Agency,6250.0,Experienced,2020-04-18,,240,213.0,13.0,7.0,7.0,20.0,Not Applicable(Active Employee),Active,Hybrid,Company Cab,16.32,15.0,31.0,58.0,59.0,10.0,2.0,High,3.0,32,27.0,6.4
EMP-0584,Vikram Joshi,EMP-0025,Male,1984-03-16,Human Resources,Assistant Manager,South - Chennai,Company Career Site,0.0,Experienced,2020-12-23,2021-08-05,240,228.0,4.0,6.0,2.0,1.0,Involuntary - Performance,Terminated,Hybrid,Company Cab,11.55,70.0,42.0,56.0,50.0,8.0,3.0,High,3.0,42,12.0,0.6
EMP-0585,Priya Rao,DIR-0001,Female,1999-12-03,Operations,Manager,North - Delhi,LinkedIn,0.0,Experienced,2024-04-13,,240,217.0,7.0,9.0,7.0,16.0,Not Applicable(Active Employee),Active,Hybrid,Own Vehicle,19.02,29.0,36.0,51.0,60.0,8.0,1.0,High,3.0,27,23.0,2.4
EMP-0586,Priya Kumar,emp-0120,Female,1971-09-04,Engineering,Executive,South - Bangalore,LinkedIn,0.0,Fresher,2024-04-13,,240,230.0,5.0,5.0,3.0,3.0,Not Applicable(Active Employee),Active,Onsite,Own Vehicle,9.38,-15.0,22.0,46.0,52.0,5.0,4.0,Low,3.0,55,13.0,2.4
EMP-0587,Arun Joshi,EMP-0200,Male,1973-10-31,Sales,Executive,West - Mumbai,Naukri,0.0,Experienced,2022-09-16,2025-09-22,240,225.0,2.0,10.0,3.0,8.0,Relocation / Personal Reasons,Resigned,Hybrid,Own Vehicle,5.36,11.0,29.0,61.0,55.0,2.0,3.0,High,3.0,53,15.0,3.0
EMP-0588,Priya Joshi,EMP-0140,Female,1971-07-03,Engineering,Executive,South - Chennai,Walk-In,0.0,Experienced,2020-12-14,,240,215.0,8.0,9.0,8.0,22.0,Not Applicable(Active Employee),Active,Work From Home,Company Cab,6.66,82.0,5.0,61.0,53.0,5.0,1.0,High,3.0,55,25.0,5.8
EMP-0589,Karthik Sharma,EMP-0025,Male,1986-01-24,Human Resources,Executive,South - Chennai,Walk-In,0.0,Fresher,2023-07-12,,240,222.0,6.0,4.0,8.0,17.0,Not Applicable(Active Employee),Active,Hybrid,Company Cab,16.32,46.0,18.0,62.0,56.0,2.0,1.0,High,4.0,40,18.0,3.2
EMP-0590,Vikram Rao,EMP-0300,Male,2002-12-08,Operations,Senior Executive,West - Mumbai,Company Career Site,0.0,Experienced,2020-05-15,,240,228.0,6.0,4.0,2.0,5.0,Not Applicable(Active Employee),Active,Hybrid,Own Vehicle,7.22,29.0,31.0,58.0,64.0,3.0,3.0,High,3.0,24,12.0,6.3
EMP-0591,Divya Iyer,EMP-0075,Female,1994-03-18,Technology,Senior Executive,South - Chennai,Walk-In,0.0,Experienced,2018-07-03,,240,206.0,13.0,9.0,12.0,16.0,Not Applicable(Active Employee),Active,Onsite,Own Vehicle,16.32,35.0,8.0,65.0,0.71,5.0,2.0,High,2.0,32,34.0,8.2
EMP-0592,Anitha Singh,EMP-0025,Male,1987-09-28,Human Resources,Assistant Manager,South - Bangalore,Recruitment Agency,6250.0,Experienced,2018-01-15,,240,227.0,5.0,5.0,3.0,5.0,Not Applicable(Active Employee),Active,Hybrid,Company Cab,19.2,38.0,11.0,59.0,57.0,5.0,3.0,Medium,3.0,39,13.0,8.7
EMP-0593,Suresh Sharma,EMP-0025,Male,1986-09-13,Human Resources,Team Lead,South - Chennai,Campus Drive,6250.0,Experienced,2021-02-13,,240,227.0,3.0,10.0,0.0,6.0,Not Applicable(Active Employee),Active,Onsite,Public Transport,7.96,10.0,10.0,56.0,61.0,1.0,4.0,Low,3.0,40,13.0,5.6
EMP-0594,Vijay Iyer,EMP-0320,Male,1973-09-13,Technology,Senior Executive,South - Bangalore,Naukri,0.0,Fresher,2021-01-09,,240,212.0,8.0,9.0,11.0,18.0,Not Applicable(Active Employee),Active,Hybrid,Own Vehicle,11.97,44.0,15.0,65.0,69.0,8.0,2.0,High,1.0,53,28.0,5.7
EMP-0595,Priya Kumar,EMP-0200,Female,1973-10-20,Sales,Assistant Manager,South - Chennai,LinkedIn,0.0,Experienced,2020-08-29,,240,215.0,10.0,9.0,6.0,7.0,Not Applicable(Active Employee),Active,Onsite,Own Vehicle,16.32,79.0,0.0,78.0,65.0,5.0,2.0,High,5.0,53,25.0,6.1
EMP-0596,Pradeep Iyer,DIR-0001,Male,1973-04-18,Operations,Assistant Manager,South - Chennai,Naukri,0.0,Experienced,2023-02-02,,240,211.0,11.0,10.0,8.0,17.0,Not Applicable(Active Employee),Active,Work From Home,Company Cab,15.11,68.0,44.0,61.0,62.0,1.0,2.0,High,3.0,53,29.0,3.6
EMP-0597,Sanjay Kumar,EMP-0100,Male,1969-06-18,Technology,Assistant Manager,South - Bangalore,Naukri,0.0,Experienced,2020-12-25,,240,229.0,3.0,5.0,3.0,7.0,Not Applicable(Active Employee),Active,Onsite,Own Vehicle,19.86,78.0,20.0,83.0,92.0,7.0,3.0,Medium,2.0,57,11.0,5.7
EMP-0598,Manoj Singh,EMP-0100,Male,1984-07-26,Technology,Senior Executive,South - Chennai,Campus Drive,6250.0,Experienced,2022-10-07,,240,228.0,6.0,6.0,0.0,7.0,Not Applicable(Active Employee),Active,Hybrid,Own Vehicle,7.72,42.0,29.0,51.0,50.0,3.0,3.0,Medium,1.0,42,12.0,4.0
EMP-0599,Karthik Patel,EMP-0350,Male,1986-04-30,Operations,Executive,North - Delhi,Recruitment Agency,6250.0,Fresher,2019-03-09,2019-07-18,240,232.0,2.0,5.0,1.0,8.0,Work-Life Balance / Burnout,Inactive,Onsite,Own Vehicle,8.21,60.0,12.0,69.0,78.0,4.0,3.0,Medium,3.0,40,8.0,0.4
EMP-0600,Ramesh Kumar,EMP-0120,Male,1993-08-24,Engineering,Senior Executive,South - Chennai,LinkedIn,0.0,Experienced,2021-06-03,,240,231.0,4.0,5.0,0.0,5.0,Not Applicable(Active Employee),Active,Hybrid,Company Cab,4.5,87.0,33.0,67.0,66.0,7.0,3.0,High,3.0,33,9.0,5.3
EMP-0601,Vijay Sharma,EMP-0025,Male,1974-11-16,Human Resources,Executive,South - Bangalore,Employee Referral,0.0,Experienced,2023-11-12,,240,227.0,5.0,5.0,3.0,5.0,Not Applicable(Active Employee),Active,Hybrid,Own Vehicle,16.32,52.0,22.0,58.0,69.0,3.0,3.0,Low,3.0,52,13.0,2.9
EMP-0602,Manoj Reddy,EMP-0050,Female,1984-10-18,Technology,Team Lead,South - Bangalore,Naukri,0.0,Experienced,2024-02-25,2024-08-12,240,219.0,11.0,6.0,4.0,12.0,Involuntary - Performance,Terminated,Hybrid,Company Cab,10.33,29.0,27.0,64.0,62.0,10.0,1.0,High,5.0,42,21.0,0.5
EMP-0603,Anitha Venkatesh,EMP-0180,Male,1969-03-04,Sales,Executive,North - Delhi,Company Career Site,0.0,Fresher,2020-05-28,,240,226.0,4.0,9.0,1.0,1.0,Not Applicable(Active Employee),Active,Onsite,Own Vehicle,9408.0,62.0,37.0,67.0,68.0,6.0,3.0,High,2.0,57,14.0,6.3
EMP-0604,Priya Sharma,EMP-0280,Female,1994-06-13,Finance,Executive,South - Bangalore,Recruitment Agency,6250.0,Experienced,2020-10-25,,240,229.0,2.0,7.0,2.0,3.0,Not Applicable(Active Employee),Active,Onsite,Own Vehicle,5.67,97.0,30.0,80.0,84.0,8.0,3.0,Medium,2.0,32,11.0,5.9
EMP-0090,Karthik Nair,EMP-0320,Male,1981-09-08,Operations,Executive,North - Delhi,LinkedIn,0.0,Experienced,2019-04-07,,240,207.0,12.0,9.0,12.0,22.0,Not Applicable(Active Employee),Active,Hybrid,Company Cab,6.46,52.0,26.0,59.0,62.0,4.0,2.0,High,2.0,45,33.0,7.5
EMP-0606,Priya Patel,EMP-0050,Male,2004-09-28,Technology,Senior Executive,North - Delhi,Walk-In,0.0,Fresher,2022-09-13,,240,227.0,4.0,9.0,0.0,5.0,Not Applicable(Active Employee),Active,Work From Home,Company Cab,14.79,98.0,4.0,79.0,85.0,5.0,3.0,Medium,2.0,22,13.0,4.0
EMP-0607,Meera Nair,EMP-0180,Male,1968-05-09,Sales,Executive,South - Bangalore,LinkedIn,0.0,Experienced,2022-06-10,2022-10-28,240,227.0,4.0,8.0,1.0,4.0,Not Applicable(Active Employee),Inactive,Onsite,Company Cab,16.32,59.0,24.0,63.0,59.0,1.0,3.0,Medium,3.0,58,13.0,0.4
EMP-0608,Ananya Rao,EMP-0075,Male,1971-01-11,Technology,Assistant Manager,East - Kolkata,LinkedIn,0.0,Experienced,2018-05-10,2020-03-24,240,229.0,3.0,7.0,1.0,8.0,Relocation / Personal Reasons,Inactive,Hybrid,Own Vehicle,12.42,38.0,2.0,50.0,52.0,4.0,4.0,Medium,1.0,55,11.0,1.9
EMP-0609,Manoj Patel,EMP-0100,Male,1993-09-15,Technology,Assistant Manager,North - Delhi,Company Career Site,0.0,Experienced,2018-05-23,,240,225.0,5.0,7.0,3.0,7.0,Not Applicable(Active Employee),Active,Onsite,Company Cab,15.83,66.0,32.0,71.0,75.0,1.0,3.0,High,3.0,33,15.0,8.3
EMP-0610,Karthik Patel,EMP-0100,Male,1983-02-25,Technology,Assistant Manager,North - Delhi,Naukri,0.0,Experienced,2018-05-23,2020-01-14,240,225.0,6.0,6.0,3.0,8.0,Better Career Growth,Inactive,Hybrid,Company Cab,20.41,48.0,3.0,56.0,56.0,3.0,4.0,Low,3.0,43,15.0,1.6
EMP-0611,Ananya Iyer,EMP-0240,Male,2000-04-19,Marketing,Executive,South - Chennai,Recruitment Agency,6250.0,Experienced,2018-08-20,,240,223.0,6.0,10.0,1.0,4.0,Not Applicable(Active Employee),Active,Onsite,Company Cab,16.32,65.0,24.0,72.0,0.77,3.0,4.0,Medium,3.0,26,17.0,8.1
EMP-0612,Sneha Sharma,EMP-0350,Male,1974-03-19,Technology,Assistant Manager,South - Chennai,Naukri,0.0,Experienced,2021-01-19,,240,214.0,7.0,8.0,11.0,16.0,Not Applicable(Active Employee),Active,Onsite,Own Vehicle,23.09,52.0,19.0,52.0,50.0,3.0,2.0,High,1.0,52,26.0,5.7
EMP-0613,Deepa Nair,DIR-0001,Female,2002-03-02,Operations,Manager,South - Chennai,Company Career Site,0.0,Experienced,2022-01-03,2022-10-01,240,220.0,11.0,4.0,5.0,7.0,Work-Life Balance / Burnout,Inactive,Hybrid,Own Vehicle,16.32,59.0,33.0,0.67,68.0,7.0,2.0,High,3.0,24,20.0,0.7
EMP-0614,Rajesh Sharma,EMP-0025,Male,1974-09-06,Human Resources,Executive,West - Mumbai,Walk-In,0.0,Experienced,2023-06-01,,240,211.0,14.0,8.0,7.0,17.0,Not Applicable(Active Employee),Active,Hybrid,Company Cab,5.5,32.0,25.0,64.0,63.0,3.0,1.0,High,1.0,52,29.0,3.3
EMP-0615,Deepa Joshi,EMP-0160,Female,1996-01-10,Sales,Executive,South - Chennai,Employee Referral,2500.0,Fresher,2019-08-15,,240,228.0,6.0,5.0,1.0,6.0,Not Applicable(Active Employee),Active,Hybrid,Company Cab,24.9,53.0,4.0,56.0,57.0,6.0,4.0,Medium,3.0,30,12.0,7.1
EMP-0616,Arun Sharma,EMP-0100,Male,1978-06-11,Technology,Assistant Manager,South - Chennai,Recruitment Agency,6250.0,Experienced,2019-08-15,2026-01-18,240,227.0,5.0,7.0,0.0,4.0,Relocation / Personal Reasons,Inactive,Hybrid,Own Vehicle,26.06,47.0,34.0,49.0,58.0,2.0,4.0,High,3.0,48,12.0,6.4
EMP-0518,Manoj Rao,EMP-0100,Male,1970-01-20,Technology,Senior Executive,South - Bangalore,LinkedIn,0.0,Experienced,2022-05-16,,240,211.0,13.0,4.0,12.0,15.0,Not Applicable(Active Employee),Active,Onsite,Own Vehicle,6000.0,93.0,27.0,62.0,65.0,5.0,2.0,High,4.0,56,29.0,4.3
EMP-0618,Priya Patel,EMP-0010,Female,1996-12-21,Human Resources,Team Lead,West - Mumbai,Naukri,0.0,Experienced,2020-01-21,,240,221.0,6.0,7.0,6.0,16.0,Not Applicable(Active Employee),Active,Work From Home,Own Vehicle,10.28,32.0,28.0,61.0,71.0,8.0,2.0,High,4.0,30,19.0,6.7
EMP-0619,Sneha Joshi,EMP-0075,Female,1999-09-21,Technology,Executive,South - Chennai,Naukri,0.0,Fresher,2021-07-05,,240,228.0,5.0,7.0,0.0,8.0,Not Applicable(Active Employee),Active,Hybrid,Company Cab,16.32,54.0,8.0,59.0,68.0,1.0,3.0,Medium,3.0,27,12.0,5.2
EMP-0620,Vijay Venkatesh,EMP-0350,Male,2003-09-18,Technology,Executive,South - Bangalore,Company Career Site,0.0,Fresher,2020-12-21,,240,217.0,10.0,9.0,4.0,14.0,Not Applicable(Active Employee),Active,Work From Home,Company Cab,21.83,61.0,37.0,53.0,53.0,4.0,1.0,High,3.0,23,23.0,5.7
EMP-0621,Divya Patel,EMP-0010,Female,1973-07-21,Human Resources,Executive,West - Mumbai,Walk-In,0.0,Fresher,2019-02-13,,240,226.0,4.0,10.0,0.0,4.0,Not Applicable(Active Employee),Active,Hybrid,Own Vehicle,16.32,89.0,5.0,78.0,86.0,6.0,4.0,Low,3.0,53,14.0,7.6
EMP-0622,Karthik Venkatesh,EMP-0160,Male,1995-10-02,Sales,Executive,South - Bangalore,Walk-In,0.0,Experienced,2020-02-28,,240,230.0,6.0,4.0,0.0,7.0,Not Applicable(Active Employee),Active,Hybrid,Own Vehicle,8.63,59.0,18.0,63.0,66.0,5.0,3.0,High,3.0,31,10.0,6.6
EMP-0623,Anitha Patel,EMP-0025,Male,1970-05-16,Human Resources,Senior Executive,South - Chennai,Naukri,0.0,Fresher,2022-04-12,,240,215.0,11.0,9.0,5.0,16.0,Not Applicable(Active Employee),Active,Hybrid,Company Cab,12.58,17.0,43.0,48.0,50.0,5.0,2.0,High,3.0,56,25.0,4.4
EMP-0624,Ramesh Patel,EMP-0010,Male,2001-09-01,Human Resources,Executive,North - Delhi,Naukri,0.0,Fresher,2024-02-16,,240,219.0,6.0,4.0,11.0,8.0,Not Applicable(Active Employee),Active,Onsite,Own Vehicle,15.37,94.0,10.0,58.0,60.0,6.0,2.0,Medium,2.0,25,21.0,2.6
EMP-0625,Lakshmi Rao,EMP-0075,Female,1968-11-01,Technology,Assistant Manager,South - Bangalore,Employee Referral,0.0,Experienced,2019-09-13,,240,228.0,4.0,7.0,1.0,3.0,Not Applicable(Active Employee),Active,Onsite,Own Vehicle,16.32,10.0,1.0,0.57,68.0,4.0,3.0,Medium,3.0,58,12.0,7.0
EMP-0626,Sneha Venkatesh,DIR-0001,Male,1991-09-11,Human Resources,Manager,North - Delhi,Employee Referral,6250.0,Experienced,2020-08-26,2021-03-17,240,212.0,12.0,6.0,10.0,15.0,Involuntary - Performance,Inactive,Onsite,Company Cab,16.32,17.0,22.0,52.0,61.0,5.0,2.0,High,3.0,35,28.0,0.6
EMP-0627,Vijay Nair,EMP-0180,Male,1980-01-05,Sales,Assistant Manager,South - Chennai,Walk-In,0.0,Experienced,2020-03-16,,240,216.0,12.0,7.0,5.0,18.0,Not Applicable(Active Employee),Active,Onsite,Own Vehicle,14.83,38.0,43.0,56.0,62.0,3.0,1.0,Medium,4.0,46,24.0,6.5
EMP-0628,Deepa Nair,EMP-0180,Female,1999-08-26,Sales,Assistant Manager,South - Bangalore,Naukri,0.0,Experienced,2018-02-10,,240,212.0,14.0,5.0,9.0,9.0,Not Applicable(Active Employee),Active,Onsite,Company Cab,21.81,14.0,8.0,58.0,60.0,8.0,1.0,High,2.0,27,28.0,8.6
EMP-0629,Suresh Nair,EMP-0025,Male,2004-03-12,Human Resources,Executive,West - Mumbai,Walk-In,0.0,Experienced,2018-05-03,,240,214.0,8.0,8.0,10.0,16.0,Not Applicable(Active Employee),Active,Onsite,Own Vehicle,4.4,95.0,20.0,72.0,75.0,5.0,1.0,High,3.0,22,26.0,8.4
EMP-0630,Kavitha Venkatesh,EMP-0160,Female,1986-01-09,Sales,Executive,North - Delhi,Naukri,0.0,Fresher,2021-09-28,2022-01-19,240,227.0,3.0,9.0,1.0,1.0,Involuntary - Performance,Terminated,Hybrid,Own Vehicle,9.68,56.0,23.0,73.0,79.0,4.0,5.0,High,3.0,40,13.0,0.3
EMP-0631,Divya Singh,DIR-0001,Female,2006-08-31,Operations,Manager,South - Chennai,Naukri,0.0,Experienced,2020-06-04,,240,229.0,5.0,6.0,3.0,7.0,Not Applicable(Active Employee),Active,Hybrid,Company Cab,16.32,52.0,33.0,48.0,0.5,3.0,5.0,High,5.0,20,14.0,6.3
EMP-0632,Anitha Patel,EMP-0075,Female,1976-02-05,Technology,Assistant Manager,South - Chennai,Campus Drive,6250.0,Experienced,2018-05-22,,240,226.0,6.0,7.0,1.0,4.0,Not Applicable(Active Employee),Active,Onsite,Own Vehicle,25.43,74.0,21.0,75.0,83.0,6.0,3.0,Medium,3.0,50,14.0,8.3
EMP-0633,Sneha Rao,EMP-0025,Female,1968-05-09,Human Resources,Executive,South - Bangalore,Walk-In,0.0,Fresher,2019-03-24,,240,228.0,5.0,6.0,1.0,5.0,Not Applicable(Active Employee),Active,Onsite,Company Cab,16.04,64.0,2.0,71.0,69.0,5.0,5.0,Low,3.0,58,12.0,7.5
EMP-0634,Sanjay Kumar,EMP-0025,Male,1985-02-18,Human Resources,Assistant Manager,South - Bangalore,Naukri,0.0,Experienced,2023-09-18,,240,228.0,3.0,9.0,0.0,1.0,Not Applicable(Active Employee),Active,Onsite,Company Cab,16.54,99.0,11.0,70.0,75.0,8.0,3.0,Medium,3.0,41,12.0,3.0
EMP-0635,Pradeep Patel,EMP-0075,Male,1972-06-15,Technology,Executive,South - Chennai,Naukri,0.0,Fresher,2023-07-24,,240,227.0,5.0,8.0,0.0,4.0,Not Applicable(Active Employee),Active,Onsite,Company Cab,6.13,52.0,27.0,73.0,65.0,1.0,3.0,Medium,3.0,54,13.0,3.2
EMP-0636,Deepa Venkatesh,EMP-0320,Female,1974-06-17,Operations,Team Lead,South - Chennai,Walk-In,0.0,Experienced,2020-11-05,2021-08-21,240,222.0,9.0,4.0,5.0,17.0,Better Career Growth,Inactive,Hybrid,Own Vehicle,14.46,83.0,29.0,84.0,85.0,10.0,2.0,High,4.0,52,18.0,0.8
EMP-0637,Suresh Venkatesh,EMP-0075,Male,1972-08-01,Technology,Executive,South - Bangalore,Naukri,0.0,Fresher,2019-03-31,2019-10-17,240,231.0,2.0,7.0,0.0,4.0,Involuntary - Performance,Inactive,Onsite,Own Vehicle,16.32,39.0,25.0,0.63,76.0,6.0,3.0,Medium,3.0,54,9.0,0.5
EMP-0638,Sneha Singh,EMP-0180,Female,1986-08-04,Sales,Executive,South - Chennai,Employee Referral,2500.0,Fresher,2018-01-26,,240,228.0,2.0,7.0,3.0,4.0,Not Applicable(Active Employee),Active,Hybrid,Own Vehicle,9.44,91.0,20.0,73.0,81.0,1.0,4.0,Medium,3.0,40,12.0,8.6
EMP-0639,Pooja Joshi,EMP-0050,Male,1982-04-08,Technology,Senior Executive,North - Delhi,Recruitment Agency,6250.0,Fresher,2018-09-08,2020-06-16,240,229.0,6.0,5.0,0.0,3.0,Involuntary - Performance,Inactive,Hybrid,Company Cab,10.1,26.0,27.0,55.0,65.0,3.0,3.0,Low,2.0,44,11.0,1.8
EMP-0640,Ramesh Joshi,EMP-0240,Female,1968-05-09,Marketing,Team Lead,North - Delhi,Naukri,0.0,Experienced,2019-06-24,,240,227.0,6.0,6.0,1.0,6.0,Not Applicable(Active Employee),Active,Hybrid,Company Cab,12.74,35.0,25.0,60.0,70.0,4.0,4.0,Medium,3.0,58,13.0,7.2
EMP-0641,Vikram Nair,EMP-0300,Male,1985-06-28,Operations,Executive,South - Bangalore,Naukri,0.0,Experienced,2019-06-24,,240,224.0,6.0,8.0,2.0,4.0,Not Applicable(Active Employee),Active,Hybrid,Company Cab,16.32,17.0,32.0,50.0,50.0,3.0,3.0,Medium,3.0,41,16.0,7.2
EMP-0642,Manoj Iyer,EMP-0120,Male,1986-07-08,Engineering,Executive,South - Chennai,Campus Drive,6250.0,Fresher,2020-05-29,2021-05-14,240,230.0,4.0,5.0,1.0,7.0,Better Compensation & Benefits,Inactive,Work From Home,Company Cab,11.39,56.0,20.0,61.0,64.0,5.0,4.0,Medium,1.0,40,10.0,1.0
EMP-0643,Sneha Kumar,EMP-0180,Female,2005-02-16,Sales,Team Lead,West - Mumbai,LinkedIn,0.0,Experienced,2024-07-17,2026-01-13,240,220.0,10.0,6.0,4.0,16.0,Involuntary - Performance,Inactive,Work From Home,Own Vehicle,16.32,85.0,34.0,78.0,88.0,7.0,2.0,Medium,3.0,21,20.0,1.5
EMP-0644,Meera Joshi,EMP-0010,Female,1978-09-30,Human Resources,Team Lead,North - Delhi,Company Career Site,0.0,Experienced,2022-03-20,,240,224.0,6.0,9.0,1.0,7.0,Not Applicable(Active Employee),Active,Onsite,Own Vehicle,11.52,81.0,33.0,66.0,72.0,3.0,3.0,High,4.0,48,16.0,4.5
EMP-0645,Kavitha Iyer,EMP-0200,Male,1990-02-10,Sales,Senior Executive,South - Chennai,Naukri,0.0,Experienced,2022-09-20,,240,227.0,6.0,7.0,0.0,6.0,Not Applicable(Active Employee),Active,Hybrid,Company Cab,7716.0,98.0,40.0,62.0,79.0,7.0,3.0,High,4.0,36,13.0,4.0
EMP-0646,Ramesh Kumar,EMP-0010,Male,1985-04-09,Human Resources,Team Lead,South - Chennai,Employee Referral,5000.0,Experienced,2020-07-09,,240,223.0,5.0,10.0,2.0,7.0,Not Applicable(Active Employee),Active,Hybrid,Company Cab,25.32,55.0,17.0,65.0,76.0,6.0,4.0,Low,2.0,41,17.0,6.2
EMP-0647,Suresh Iyer,DIR-0001,Male,1982-04-12,Technology,Manager,South - Chennai,Walk-In,0.0,Experienced,2023-03-23,2023-10-07,240,225.0,5.0,7.0,3.0,7.0,Better Career Growth,Inactive,Onsite,Company Cab,18.04,77.0,10.0,77.0,75.0,5.0,3.0,Low,3.0,44,15.0,0.5
EMP-0648,Rajesh Nair,EMP-0010,Male,1970-12-08,Human Resources,Executive,South - Bangalore,Employee Referral,2500.0,Fresher,2021-01-12,,240,228.0,5.0,5.0,2.0,7.0,Not Applicable(Active Employee),Active,Hybrid,Own Vehicle,20.14,42.0,22.0,61.0,63.0,5.0,3.0,High,5.0,56,12.0,5.7
EMP-0649,Deepa Reddy,DIR-0001,Female,1968-05-09,Engineering,Manager,South - Bangalore,Employee Referral,0.0,Experienced,2021-12-07,,240,210.0,8.0,10.0,12.0,7.0,Not Applicable(Active Employee),Active,Hybrid,Company Cab,16.32,10.0,21.0,0.58,52.0,7.0,1.0,High,1.0,58,30.0,4.8
EMP-0650,Deepa Sharma,EMP-0010,Male,1968-11-01,Human Resources,Team Lead,West - Mumbai,LinkedIn,0.0,Experienced,2019-03-12,,240,226.0,3.0,10.0,1.0,5.0,Not Applicable(Active Employee),Active,Onsite,Company Cab,15.71,28.0,16.0,63.0,60.0,6.0,3.0,Low,1.0,58,14.0,7.5
EMP-0651,Kavitha Sharma,EMP-0120,Female,1994-04-17,Engineering,Executive,North - Delhi,Walk-In,0.0,Fresher,2024-01-09,,240,211.0,8.0,10.0,11.0,22.0,Not Applicable(Active Employee),Active,Hybrid,Company Cab,16.32,40.0,22.0,69.0,0.77,5.0,2.0,High,3.0,32,29.0,2.7
EMP-0652,Karthik Kumar,EMP-0160,Male,1992-11-18,Sales,Assistant Manager,South - Chennai,Company Career Site,0.0,Experienced,2022-10-27,,240,227.0,2.0,8.0,3.0,7.0,Not Applicable(Active Employee),Active,Work From Home,Own Vehicle,16.66,89.0,43.0,65.0,63.0,6.0,3.0,High,3.0,34,13.0,3.9
EMP-0653,Rajesh Reddy,DIR-0001,Male,1986-03-31,Technology,Manager,South - Bangalore,Company Career Site,0.0,Experienced,2021-03-15,2022-10-18,240,212.0,14.0,8.0,6.0,14.0,Better Career Growth,Inactive,Hybrid,Own Vehicle,17.88,23.0,10.0,51.0,57.0,4.0,1.0,High,3.0,40,28.0,1.6
EMP-0654,Ramesh Joshi,EMP-0160,Male,1996-07-08,Sales,Assistant Manager,South - Chennai,Campus Drive,6250.0,Experienced,2024-03-27,,240,230.0,3.0,6.0,1.0,6.0,Not Applicable(Active Employee),Active,Hybrid,Own Vehicle,21.76,62.0,29.0,62.0,73.0,8.0,4.0,Medium,2.0,30,10.0,2.5
EMP-0655,Meera Iyer,EMP-0260,Male,1974-05-21,Finance,Assistant Manager,West - Mumbai,Company Career Site,0.0,Experienced,2019-06-04,,240,217.0,7.0,7.0,9.0,9.0,Not Applicable(Active Employee),Active,Onsite,Company Cab,16.32,57.0,14.0,78.0,81.0,6.0,1.0,Medium,3.0,52,23.0,7.3
EMP-0656,Vijay Iyer,EMP-0180,Male,1975-07-18,Sales,Executive,South - Bangalore,Naukri,0.0,Fresher,2018-02-09,,240,210.0,14.0,9.0,7.0,8.0,Not Applicable(Active Employee),Active,Hybrid,Own Vehicle,6.63,78.0,26.0,82.0,88.0,8.0,1.0,High,2.0,51,30.0,8.6
EMP-0657,Pradeep Rao,EMP-0350,Male,1987-01-03,Operations,Senior Executive,South - Bangalore,LinkedIn,0.0,Experienced,2018-02-09,2023-07-11,240,229.0,4.0,7.0,0.0,2.0,Better Career Growth,Inactive,Hybrid,Company Cab,10.45,99.0,34.0,74.0,81.0,7.0,4.0,High,3.0,39,11.0,5.4
EMP-0658,Priya Reddy,EMP-0220,Male,1968-01-17,Marketing,Assistant Manager,South - Bangalore,Recruitment Agency,6250.0,Experienced,2024-05-01,,240,226.0,3.0,10.0,1.0,8.0,Not Applicable(Active Employee),Active,Hybrid,Own Vehicle,12.4,71.0,32.0,80.0,77.0,4.0,3.0,High,0.0,58,14.0,2.4
EMP-0659,Sneha Rao,EMP-0200,Male,1995-11-05,Sales,Assistant Manager,North - Delhi,Company Career Site,0.0,Experienced,2024-05-12,,240,225.0,3.0,10.0,2.0,5.0,Not Applicable(Active Employee),Active,Work From Home,Own Vehicle,23184.0,75.0,19.0,70.0,70.0,10.0,3.0,High,3.0,31,15.0,2.4
EMP-0660,Ramesh Nair,EMP-0300,Female,1975-07-05,Operations,Assistant Manager,South - Bangalore,LinkedIn,0.0,Experienced,2018-07-26,2019-11-10,240,232.0,2.0,5.0,1.0,2.0,Work-Life Balance / Burnout,Resigned,Hybrid,Company Cab,17.48,73.0,15.0,73.0,71.0,5.0,3.0,Low,4.0,51,8.0,1.3
EMP-0661,Sneha Patel,EMP-0075,Female,1989-08-18,Technology,Assistant Manager,West - Mumbai,Naukri,0.0,Experienced,2019-06-08,2021-02-27,240,215.0,5.0,5.0,7.0,14.0,Involuntary - Restructuring,Terminated,Hybrid,Own Vehicle,16.32,52.0,33.0,61.0,65.0,5.0,1.0,High,2.0,37,17.0,1.7
EMP-0662,Lakshmi Iyer,DIR-0001,Female,2005-08-28,Human Resources,Manager,South - Chennai,LinkedIn,0.0,Experienced,2023-09-20,2023-12-29,240,227.0,3.0,8.0,2.0,5.0,Involuntary - Performance,Resigned,Onsite,Own Vehicle,27.67,72.0,1.0,65.0,65.0,5.0,4.0,Low,4.0,21,13.0,0.3
EMP-0663,Ramesh Nair,EMP-0075,Male,2005-10-15,Technology,Team Lead,South - Bangalore,Recruitment Agency,6250.0,Experienced,2019-04-26,,240,226.0,5.0,7.0,2.0,5.0,Not Applicable(Active Employee),Active,Hybrid,Public Transport,18.34,82.0,34.0,72.0,79.0,7.0,3.0,High,3.0,21,14.0,7.4
EMP-0664,Suresh Rao,EMP-0050,Male,1990-11-22,Technology,Senior Executive,South - Chennai,Company Career Site,0.0,Experienced,2021-01-28,2021-04-17,240,212.0,10.0,6.0,12.0,22.0,Not Applicable(Active Employee),Inactive,Onsite,Own Vehicle,9.31,42.0,39.0,55.0,54.0,5.0,1.0,High,3.0,36,28.0,0.2
EMP-0665,Ramesh Sharma,EMP-0350,Male,2001-02-26,Operations,Executive,South - Bangalore,Recruitment Agency,6250.0,Experienced,2018-09-28,2021-08-29,240,215.0,13.0,7.0,5.0,20.0,Relocation / Personal Reasons,Inactive,Onsite,Own Vehicle,5.99,50.0,27.0,73.0,76.0,1.0,2.0,High,2.0,25,25.0,2.9
EMP-0666,Sneha Venkatesh,DIR-0001,Female,1981-06-26,Sales,Senior Executive,North - Delhi,Naukri,0.0,Experienced,2018-03-01,,240,223.0,5.0,10.0,2.0,4.0,Not Applicable(Active Employee),Active,Onsite,Own Vehicle,7.25,98.0,38.0,77.0,75.0,5.0,3.0,High,3.0,45,17.0,8.6
EMP-0667,Sanjay Iyer,EMP-0010,Male,1973-07-07,Human Resources,Senior Executive,South - Bangalore,LinkedIn,0.0,Fresher,2020-05-02,,240,227.0,4.0,6.0,3.0,7.0,Not Applicable(Active Employee),Active,Hybrid,Company Cab,16.32,57.0,5.0,67.0,76.0,9.0,5.0,Low,1.0,53,13.0,6.4
EMP-0668,Manoj Iyer,EMP-0050,Male,1980-07-14,Technology,Team Lead,West - Mumbai,Recruitment Agency,6250.0,Experienced,2018-03-16,,240,216.0,9.0,9.0,6.0,8.0,Not Applicable(Active Employee),Active,Work From Home,Own Vehicle,7.44,22.0,8.0,55.0,55.0,7.0,1.0,Medium,3.0,46,24.0,8.5
EMP-0669,Pradeep Joshi,EMP-0025,Male,1990-08-23,Human Resources,Executive,South - Bangalore,LinkedIn,0.0,Experienced,2021-04-09,,240,225.0,4.0,8.0,3.0,5.0,Not Applicable(Active Employee),Active,Work From Home,Own Vehicle,8.07,82.0,19.0,67.0,77.0,5.0,5.0,Medium,3.0,36,15.0,5.4
EMP-0670,Pradeep Patel,EMP-0010,Male,1983-05-15,Human Resources,Team Lead,West - Mumbai,Employee Referral,5000.0,Experienced,2019-04-01,,240,230.0,3.0,5.0,2.0,4.0,Not Applicable(Active Employee),Active,Hybrid,Company Cab,10.48,86.0,0.0,82.0,86.0,4.0,4.0,Low,2.0,43,10.0,7.5
EMP-0671,Ramesh Singh,EMP-0350,Male,1999-09-30,Operations,Senior Executive,South - Chennai,Company Career Site,0.0,Experienced,2024-05-30,,240,226.0,5.0,8.0,1.0,8.0,Not Applicable(Active Employee),Active,Hybrid,Own Vehicle,16.32,40.0,7.0,56.0,0.51,9.0,3.0,Medium,4.0,27,14.0,2.3
EMP-0672,Priya Singh,DIR-0001,Female,1997-09-15,Human Resources,Manager,South - Chennai,Recruitment Agency,6250.0,Experienced,2019-05-12,2019-08-27,240,223.0,6.0,9.0,2.0,5.0,Not Applicable(Active Employee),Inactive,Onsite,Own Vehicle,25.47,84.0,22.0,76.0,78.0,4.0,3.0,Low,4.0,29,17.0,0.3
EMP-0673,Vijay Joshi,EMP-0280,Male,1988-08-16,Finance,Executive,North - Delhi,Campus Drive,6250.0,Experienced,2022-04-24,2023-04-03,240,223.0,5.0,9.0,3.0,8.0,Involuntary - Performance,Inactive,Hybrid,Own Vehicle,16.32,77.0,2.0,62.0,66.0,4.0,4.0,Low,2.0,38,17.0,0.9
EMP-0674,Deepa Iyer,DIR-0001,Male,1999-01-13,Technology,Manager,East - Kolkata,Recruitment Agency,6250.0,Experienced,2020-04-05,,240,214.0,8.0,9.0,9.0,10.0,Not Applicable(Active Employee),Active,Onsite,Own Vehicle,16.35,13.0,3.0,51.0,56.0,2.0,1.0,High,2.0,27,26.0,6.5
EMP-0675,Ananya Sharma,EMP-0075,Female,1968-02-03,Technology,Team Lead,South - Bangalore,Naukri,0.0,Experienced,2024-06-22,,240,211.0,8.0,9.0,12.0,15.0,Not Applicable(Active Employee),Active,Hybrid,Company Cab,13.55,28.0,24.0,67.0,69.0,5.0,2.0,High,3.0,58,29.0,2.2
EMP-0676,Suresh Kumar,emp-0075,Male,1968-05-06,Technology,Senior Executive,South - Chennai,Naukri,0.0,Fresher,2018-02-06,,240,220.0,5.0,8.0,4.0,16.0,Not Applicable(Active Employee),Active,Onsite,Own Vehicle,16.32,-15.0,22.0,67.0,71.0,5.0,2.0,High,2.0,58,17.0,8.6
EMP-0677,Sanjay Patel,EMP-0220,Male,1999-03-30,Marketing,Team Lead,South - Chennai,Employee Referral,0.0,Experienced,2018-12-03,,240,219.0,6.0,10.0,5.0,21.0,Not Applicable(Active Employee),Active,Onsite,Own Vehicle,6.24,91.0,14.0,72.0,73.0,5.0,1.0,Medium,4.0,27,21.0,7.8
EMP-0678,Lakshmi Singh,EMP-0050,Female,1992-02-20,Technology,Team Lead,North - Delhi,LinkedIn,0.0,Experienced,2020-11-22,,240,228.0,2.0,10.0,0.0,7.0,Not Applicable(Active Employee),Active,Hybrid,Company Cab,13.25,22.0,20.0,68.0,68.0,5.0,3.0,Low,2.0,34,12.0,5.8
EMP-0679,Suresh Joshi,EMP-0100,Male,1997-02-11,Technology,Executive,South - Bangalore,Walk-In,0.0,Fresher,2023-11-10,,240,226.0,3.0,10.0,1.0,2.0,Not Applicable(Active Employee),Active,Onsite,Company Cab,16.32,32.0,34.0,56.0,53.0,8.0,4.0,High,3.0,29,14.0,2.9
EMP-0680,Pradeep Joshi,EMP-0260,Male,2005-04-28,Finance,Senior Executive,South - Chennai,LinkedIn,0.0,Fresher,2019-02-05,2019-12-16,240,221.0,8.0,4.0,7.0,16.0,Involuntary - Performance,Terminated,Hybrid,Own Vehicle,24.7,92.0,13.0,75.0,82.0,5.0,2.0,High,2.0,21,19.0,0.9
EMP-0681,Sneha Reddy,EMP-0160,Male,1983-11-01,Sales,Executive,South - Chennai,Company Career Site,0.0,Experienced,2023-11-14,,240,217.0,13.0,6.0,4.0,17.0,Not Applicable(Active Employee),Active,Onsite,Own Vehicle,16.32,84.0,35.0,68.0,70.0,8.0,2.0,High,3.0,43,23.0,2.9
EMP-0682,Pradeep Patel,EMP-0100,Male,1984-01-21,Technology,Senior Executive,South - Bangalore,Employee Referral,2500.0,Experienced,2024-03-24,,240,207.0,13.0,9.0,11.0,8.0,Not Applicable(Active Employee),Active,Work From Home,Company Cab,9.82,10.0,11.0,47.0,50.0,3.0,2.0,High,4.0,42,33.0,2.5
EMP-0683,Pradeep Sharma,EMP-0280,Male,2002-06-13,Finance,Senior Executive,West - Mumbai,Walk-In,0.0,Experienced,2019-08-03,,240,227.0,2.0,8.0,3.0,1.0,Not Applicable(Active Employee),Active,Hybrid,Company Cab,7.69,97.0,16.0,81.0,65.0,7.0,3.0,Medium,3.0,24,13.0,7.1
EMP-0684,Manoj Nair,DIR-0001,Male,1984-08-13,Technology,Manager,West - Mumbai,Company Career Site,0.0,Experienced,2018-03-16,2018-06-08,240,218.0,6.0,8.0,8.0,16.0,Work-Life Balance / Burnout,Inactive,Hybrid,Company Cab,19.88,63.0,38.0,82.0,85.0,4.0,2.0,High,1.0,42,22.0,0.2
EMP-0685,Manoj Venkatesh,EMP-0010,Male,1977-12-08,Human Resources,Assistant Manager,South - Bangalore,Naukri,0.0,Experienced,2022-01-26,,240,225.0,5.0,7.0,3.0,7.0,Not Applicable(Active Employee),Active,Onsite,Company Cab,16.32,80.0,8.0,0.66,65.0,3.0,3.0,Medium,1.0,49,15.0,4.6
EMP-0686,Arun Rao,EMP-0200,Female,1998-07-12,Sales,Executive,South - Chennai,Walk-In,0.0,Fresher,2022-01-26,,240,229.0,4.0,4.0,3.0,3.0,Not Applicable(Active Employee),Active,Hybrid,Company Cab,17.14,98.0,34.0,82.0,84.0,4.0,3.0,High,3.0,28,11.0,4.6
EMP-0687,Lakshmi Joshi,EMP-0050,Female,2004-08-12,Technology,Executive,North - Delhi,Employee Referral,2500.0,Fresher,2024-06-12,,240,233.0,2.0,4.0,1.0,4.0,Not Applicable(Active Employee),Active,Onsite,Company Cab,21000.0,94.0,12.0,71.0,75.0,7.0,4.0,Low,3.0,22,7.0,2.3
EMP-0688,Divya Patel,EMP-0025,Female,2004-06-04,Human Resources,Assistant Manager,South - Chennai,LinkedIn,0.0,Experienced,2021-01-24,,240,227.0,3.0,8.0,2.0,6.0,Not Applicable(Active Employee),Active,Onsite,Own Vehicle,10.36,24.0,14.0,56.0,53.0,4.0,4.0,Medium,1.0,22,13.0,5.7
EMP-0689,Rajesh Iyer,DIR-0001,Male,1990-02-24,Sales,Manager,South - Bangalore,Company Career Site,0.0,Experienced,2018-08-08,,240,210.0,10.0,10.0,10.0,9.0,Not Applicable(Active Employee),Active,Hybrid,Company Cab,22.35,74.0,17.0,80.0,79.0,9.0,2.0,High,3.0,36,30.0,8.1
EMP-0690,Ananya Venkatesh,EMP-0100,Female,1990-02-08,Technology,Executive,West - Mumbai,Naukri,0.0,Fresher,2018-03-07,2021-09-03,240,226.0,4.0,7.0,3.0,4.0,Better Compensation & Benefits,Resigned,Onsite,Own Vehicle,8.08,85.0,32.0,66.0,76.0,5.0,3.0,High,3.0,36,14.0,3.5
EMP-0691,Ramesh Reddy,EMP-0025,Male,1976-10-17,Human Resources,Executive,South - Bangalore,Walk-In,0.0,Fresher,2019-07-19,,240,231.0,5.0,6.0,0.0,1.0,Not Applicable(Active Employee),Active,Hybrid,Company Cab,16.32,52.0,5.0,48.0,0.5,5.0,3.0,Low,3.0,50,11.0,7.2
EMP-0692,Ananya Rao,EMP-0050,Male,1980-06-10,Technology,Assistant Manager,South - Bangalore,Company Career Site,0.0,Experienced,2021-03-29,2023-06-08,240,216.0,7.0,7.0,10.0,14.0,Involuntary - Restructuring,Terminated,Work From Home,Company Cab,13.92,24.0,26.0,59.0,59.0,5.0,2.0,High,3.0,46,24.0,2.2
EMP-0693,Anitha Singh,EMP-0100,Female,1975-08-25,Technology,Team Lead,East - Kolkata,Naukri,0.0,Experienced,2018-05-18,2021-04-29,240,215.0,14.0,7.0,4.0,18.0,Better Compensation & Benefits,Inactive,Work From Home,Company Cab,15.94,30.0,22.0,65.0,61.0,3.0,2.0,High,3.0,51,25.0,2.9
EMP-0694,Vijay Joshi,EMP-0200,Male,2001-02-20,Sales,Senior Executive,South - Bangalore,LinkedIn,0.0,Experienced,2021-08-23,,240,228.0,2.0,9.0,1.0,2.0,Not Applicable(Active Employee),Active,Hybrid,Company Cab,9.44,28.0,26.0,64.0,71.0,5.0,3.0,High,2.0,25,12.0,5.1
EMP-0695,Deepa Singh,EMP-0075,Female,1995-01-18,Technology,Team Lead,South - Bangalore,LinkedIn,0.0,Experienced,2022-08-01,,240,222.0,5.0,10.0,3.0,6.0,Not Applicable(Active Employee),Active,Onsite,Company Cab,6.31,69.0,33.0,70.0,68.0,5.0,3.0,High,4.0,31,18.0,4.1
EMP-0696,Karthik Singh,EMP-0010,Male,1994-05-20,Human Resources,Senior Executive,North - Delhi,Walk-In,0.0,Fresher,2019-10-17,,240,224.0,6.0,10.0,0.0,1.0,Not Applicable(Active Employee),Active,Onsite,Own Vehicle,18.46,98.0,37.0,73.0,76.0,5.0,3.0,High,3.0,32,16.0,6.9
EMP-0697,Sanjay Iyer,EMP-0320,Male,1973-09-18,Operations,Assistant Manager,South - Chennai,LinkedIn,0.0,Experienced,2019-10-17,,240,229.0,3.0,5.0,3.0,5.0,Not Applicable(Active Employee),Active,Hybrid,Company Cab,16.32,42.0,13.0,0.65,59.0,5.0,4.0,Medium,3.0,53,11.0,6.9
EMP-0698,Meera Singh,DIR-0001,Female,2006-05-17,Sales,Manager,South - Bangalore,Naukri,0.0,Experienced,2019-10-16,2023-01-17,240,232.0,2.0,4.0,2.0,1.0,Involuntary - Performance,Terminated,Hybrid,Own Vehicle,17.74,58.0,35.0,47.0,53.0,4.0,3.0,High,3.0,20,8.0,3.3
EMP-0699,Divya Nair,EMP-0010,Female,2000-09-11,Human Resources,Executive,South - Chennai,Naukri,0.0,Fresher,2019-03-16,2020-05-10,240,225.0,3.0,10.0,2.0,1.0,Involuntary - Restructuring,Resigned,Onsite,Own Vehicle,7.28,44.0,7.0,54.0,62.0,4.0,3.0,High,3.0,26,15.0,1.2
EMP-0700,Kavitha Kumar,EMP-0320,Female,1998-05-31,Operations,Team Lead,North - Delhi,Company Career Site,0.0,Experienced,2021-11-18,,240,217.0,9.0,8.0,6.0,20.0,Not Applicable(Active Employee),Active,Work From Home,Company Cab,15.29,53.0,34.0,63.0,68.0,3.0,2.0,High,3.0,28,23.0,4.8
EMP-0701,Pradeep Kumar,DIR-0001,Male,1999-01-31,Operations,Manager,South - Bangalore,Naukri,0.0,Experienced,2022-06-17,,240,216.0,12.0,4.0,8.0,10.0,Not Applicable(Active Employee),Active,Hybrid,Company Cab,16.32,52.0,22.0,62.0,60.0,8.0,1.0,High,1.0,27,24.0,4.3
EMP-0702,Pradeep Singh,EMP-0240,Male,1998-07-14,Marketing,Executive,West - Mumbai,Campus Drive,6250.0,Experienced,2019-12-10,,240,226.0,6.0,5.0,3.0,6.0,Not Applicable(Active Employee),Active,Hybrid,Company Cab,4.77,20.0,29.0,66.0,73.0,8.0,3.0,Medium,2.0,28,14.0,6.8
EMP-0703,Meera Venkatesh,EMP-0100,Male,1968-02-02,Technology,Team Lead,North - Delhi,LinkedIn,0.0,Experienced,2018-07-04,,240,212.0,12.0,10.0,6.0,7.0,Not Applicable(Active Employee),Active,Hybrid,Company Cab,16.32,81.0,13.0,65.0,64.0,5.0,2.0,High,2.0,58,28.0,8.2
EMP-0704,Suresh Sharma,EMP-0075,Male,1997-02-27,Technology,Senior Executive,North - Delhi,Company Career Site,0.0,Fresher,2023-11-10,,240,228.0,2.0,8.0,2.0,1.0,Not Applicable(Active Employee),Active,Onsite,Company Cab,6.79,87.0,19.0,83.0,81.0,5.0,3.0,Low,4.0,29,12.0,2.9
EMP-0705,Sneha Nair,EMP-0200,Female,1982-06-28,Sales,Senior Executive,South - Bangalore,Company Career Site,0.0,Experienced,2019-12-21,,240,230.0,2.0,7.0,1.0,2.0,Not Applicable(Active Employee),Active,Onsite,Company Cab,5.05,83.0,24.0,72.0,65.0,1.0,3.0,Medium,2.0,44,10.0,6.7
EMP-0706,Vijay Patel,DIR-0001,Male,1986-04-02,Operations,Manager,South - Bangalore,Company Career Site,0.0,Experienced,2022-10-16,,240,225.0,5.0,8.0,3.0,6.0,Not Applicable(Active Employee),Active,Work From Home,Own Vehicle,27.75,75.0,39.0,65.0,66.0,5.0,3.0,High,3.0,40,16.0,3.9
EMP-0707,Sneha Sharma,EMP-0300,Female,1991-04-01,Operations,Assistant Manager,West - Mumbai,Company Career Site,0.0,Experienced,2020-12-19,,240,227.0,2.0,9.0,2.0,8.0,Not Applicable(Active Employee),Active,Hybrid,Own Vehicle,11.4,55.0,23.0,71.0,72.0,6.0,3.0,Medium,4.0,35,13.0,5.8
EMP-0708,Pradeep Sharma,EMP-0025,Male,1991-03-15,Human Resources,Team Lead,North - Delhi,LinkedIn,0.0,Experienced,2022-10-25,,240,228.0,5.0,5.0,2.0,7.0,Not Applicable(Active Employee),Active,Onsite,Own Vehicle,23.34,18.0,13.0,53.0,53.0,4.0,5.0,Low,1.0,35,12.0,3.9
EMP-0709,Sanjay Singh,EMP-0100,Male,1978-01-26,Technology,Senior Executive,South - Bangalore,Company Career Site,0.0,Experienced,2020-11-25,2022-11-10,240,227.0,5.0,5.0,3.0,2.0,Not Applicable(Active Employee),Terminated,Hybrid,Company Cab,16.32,12.0,25.0,0.64,73.0,7.0,3.0,High,1.0,48,13.0,2.0
EMP-0710,Ramesh Sharma,EMP-0350,Male,1986-11-04,Operations,Assistant Manager,South - Bangalore,Walk-In,0.0,Experienced,2019-08-15,,240,227.0,6.0,6.0,1.0,2.0,Not Applicable(Active Employee),Active,Hybrid,Company Cab,20.2,94.0,37.0,70.0,83.0,6.0,3.0,High,1.0,40,13.0,7.1
EMP-0711,Pradeep Sharma,EMP-0320,Male,1968-03-25,Technology,Assistant Manager,South - Bangalore,Employee Referral,5000.0,Experienced,2021-05-13,,240,231.0,2.0,6.0,1.0,7.0,Not Applicable(Active Employee),Active,Hybrid,Own Vehicle,16.32,35.0,22.0,60.0,0.56,7.0,3.0,Medium,2.0,58,9.0,5.4
EMP-0712,Sneha Sharma,DIR-0001,Female,1971-09-02,Human Resources,Manager,South - Bangalore,Walk-In,0.0,Experienced,2018-12-27,,240,213.0,8.0,9.0,10.0,13.0,Not Applicable(Active Employee),Active,Onsite,Company Cab,18.09,81.0,21.0,79.0,79.0,6.0,2.0,High,2.0,55,27.0,7.7
EMP-0713,Kavitha Patel,EMP-0100,Male,2001-01-29,Technology,Assistant Manager,South - Bangalore,LinkedIn,0.0,Experienced,2020-04-19,,240,220.0,11.0,4.0,5.0,8.0,Not Applicable(Active Employee),Active,Hybrid,Own Vehicle,15.05,57.0,18.0,61.0,64.0,4.0,1.0,High,3.0,25,20.0,6.4
EMP-0714,Ananya Venkatesh,EMP-0025,Female,1987-01-04,Human Resources,Senior Executive,South - Bangalore,Campus Drive,6250.0,Experienced,2019-09-02,,240,227.0,4.0,7.0,2.0,5.0,Not Applicable(Active Employee),Active,Hybrid,Company Cab,13.59,75.0,2.0,66.0,67.0,8.0,3.0,Medium,5.0,39,13.0,7.0
EMP-0715,Manoj Venkatesh,EMP-0180,Male,1976-10-30,Sales,Executive,West - Mumbai,Naukri,0.0,Fresher,2022-09-24,,240,233.0,2.0,5.0,0.0,3.0,Not Applicable(Active Employee),Active,Hybrid,Own Vehicle,16.32,79.0,41.0,56.0,60.0,4.0,3.0,High,3.0,50,7.0,4.0
EMP-0716,Meera Venkatesh,DIR-0001,Female,1970-10-26,Technology,Manager,East - Kolkata,Walk-In,0.0,Experienced,2019-10-31,2020-09-13,240,225.0,5.0,7.0,3.0,2.0,Involuntary - Performance,Inactive,Onsite,Company Cab,26.27,37.0,22.0,71.0,79.0,4.0,3.0,Medium,3.0,56,15.0,0.9
EMP-0717,Meera Sharma,EMP-0300,Male,1968-05-09,Operations,Executive,West - Mumbai,Walk-In,0.0,Fresher,2020-01-21,,240,232.0,2.0,4.0,2.0,2.0,Not Applicable(Active Employee),Active,Hybrid,Company Cab,23.85,35.0,8.0,64.0,70.0,5.0,3.0,Medium,6.0,58,8.0,6.7
EMP-0718,Karthik Rao,DIR-0001,Male,1969-01-28,Operations,Manager,South - Bangalore,Naukri,0.0,Experienced,2022-09-10,2025-05-02,240,224.0,6.0,8.0,2.0,7.0,Work-Life Balance / Burnout,Resigned,Hybrid,Company Cab,27.14,34.0,27.0,79.0,85.0,5.0,4.0,Medium,2.0,57,16.0,2.6
EMP-0719,Anitha Nair,EMP-0140,Female,1982-12-30,Engineering,Senior Executive,South - Chennai,Employee Referral,2500.0,Experienced,2019-06-17,2022-02-06,240,218.0,6.0,6.0,10.0,14.0,Involuntary - Performance,Terminated,Hybrid,Own Vehicle,6.55,21.0,19.0,65.0,76.0,6.0,2.0,High,3.0,44,22.0,2.6
EMP-0720,Suresh Sharma,EMP-0010,Male,1989-03-30,Human Resources,Executive,South - Bangalore,Employee Referral,2500.0,Fresher,2024-02-14,2025-02-08,240,228.0,2.0,9.0,1.0,3.0,Better Career Growth,Inactive,Work From Home,Own Vehicle,21.41,14.0,44.0,42.0,50.0,4.0,3.0,High,3.0,37,12.0,1.0
EMP-0721,Priya Patel,emp-0075,Female,2005-05-05,Technology,Executive,West - Mumbai,LinkedIn,0.0,Experienced,2023-03-29,,240,229.0,5.0,5.0,1.0,7.0,Not Applicable(Active Employee),Active,Onsite,Company Cab,16.32,52.0,6.0,61.0,71.0,5.0,4.0,Low,0.0,21,11.0,3.5
EMP-0722,Vijay Patel,EMP-0200,Male,1991-04-24,Sales,Executive,North - Delhi,Walk-In,0.0,Experienced,2020-04-30,,240,227.0,4.0,6.0,3.0,3.0,Not Applicable(Active Employee),Active,Hybrid,Company Cab,7.94,46.0,13.0,56.0,56.0,5.0,3.0,Medium,3.0,35,13.0,6.4
EMP-0723,Pradeep Iyer,EMP-0200,Male,2002-10-18,Sales,Executive,West - Mumbai,Naukri,0.0,Experienced,2019-03-22,,240,225.0,5.0,7.0,3.0,7.0,Not Applicable(Active Employee),Active,Work From Home,Company Cab,5.13,88.0,8.0,79.0,86.0,7.0,2.0,High,3.0,24,15.0,7.5
EMP-0724,Pradeep Rao,EMP-0100,Male,2002-04-10,Technology,Executive,South - Bangalore,Walk-In,0.0,Fresher,2023-03-06,,240,218.0,7.0,5.0,10.0,12.0,Not Applicable(Active Employee),Active,Onsite,Company Cab,21.66,53.0,18.0,58.0,55.0,7.0,2.0,High,3.0,24,22.0,3.5
EMP-0725,Ramesh Nair,EMP-0320,Male,1993-12-20,Technology,Executive,West - Mumbai,Company Career Site,0.0,Fresher,2021-06-07,,240,211.0,12.0,6.0,11.0,20.0,Not Applicable(Active Employee),Active,Onsite,Company Cab,17.57,24.0,13.0,49.0,50.0,4.0,2.0,High,3.0,33,29.0,5.3
EMP-0726,Lakshmi Iyer,EMP-0180,Female,1970-09-21,Sales,Team Lead,South - Chennai,Naukri,0.0,Experienced,2021-06-12,,240,219.0,7.0,6.0,8.0,11.0,Not Applicable(Active Employee),Active,Hybrid,Own Vehicle,16.32,52.0,22.0,54.0,60.0,2.0,2.0,High,3.0,56,21.0,5.3
EMP-0727,Pradeep Sharma,EMP-0050,Male,2006-01-09,Technology,Senior Executive,South - Chennai,Employee Referral,2500.0,Experienced,2019-03-29,2021-10-30,240,226.0,5.0,8.0,1.0,8.0,Involuntary - Performance,Inactive,Onsite,Company Cab,16.32,57.0,35.0,61.0,65.0,5.0,3.0,High,3.0,20,14.0,2.6
EMP-0728,Arun Patel,DIR-0001,Male,1970-10-12,Human Resources,Manager,South - Bangalore,Company Career Site,0.0,Experienced,2021-12-30,,240,220.0,7.0,5.0,8.0,8.0,Not Applicable(Active Employee),Active,Hybrid,Own Vehicle,22.98,96.0,39.0,67.0,60.0,1.0,2.0,High,2.0,56,20.0,4.7
EMP-0729,Arun Iyer,EMP-0180,Male,1995-05-25,Sales,Team Lead,South - Chennai,LinkedIn,0.0,Experienced,2021-12-30,,240,226.0,5.0,6.0,3.0,6.0,Not Applicable(Active Employee),Active,Onsite,Company Cab,10128.0,79.0,16.0,62.0,71.0,3.0,3.0,Medium,1.0,31,14.0,4.7
EMP-0730,Anitha Iyer,EMP-0010,Female,1998-05-24,Human Resources,Senior Executive,South - Bangalore,Walk-In,0.0,Experienced,2021-02-06,2021-10-31,240,226.0,5.0,6.0,3.0,3.0,Work-Life Balance / Burnout,Inactive,Hybrid,Own Vehicle,7.51,55.0,29.0,78.0,88.0,4.0,4.0,Medium,3.0,28,14.0,0.7
EMP-0731,Suresh Sharma,EMP-0180,Male,1981-03-24,Sales,Senior Executive,North - Delhi,Naukri,0.0,Experienced,2020-03-12,,240,229.0,4.0,6.0,1.0,8.0,Not Applicable(Active Employee),Active,Onsite,Company Cab,16.32,52.0,8.0,64.0,0.68,5.0,3.0,Medium,3.0,45,11.0,6.5
EMP-0732,Sanjay Reddy,EMP-0050,Male,1995-09-09,Technology,Executive,North - Delhi,Company Career Site,0.0,Fresher,2023-03-14,,240,228.0,4.0,5.0,3.0,6.0,Not Applicable(Active Employee),Active,Hybrid,Company Cab,23.46,30.0,32.0,61.0,64.0,7.0,3.0,High,2.0,31,12.0,3.5
EMP-0733,Anitha Rao,EMP-0180,Female,1994-11-23,Sales,Executive,North - Delhi,Naukri,0.0,Fresher,2020-07-12,2023-01-07,240,210.0,10.0,9.0,11.0,17.0,Better Career Growth,Inactive,Onsite,Own Vehicle,16.32,32.0,24.0,0.72,71.0,1.0,2.0,High,2.0,32,30.0,2.5
EMP-0734,Anitha Reddy,EMP-0075,Female,1968-05-09,Technology,Team Lead,South - Bangalore,LinkedIn,0.0,Experienced,2018-09-23,,240,228.0,3.0,6.0,3.0,5.0,Not Applicable(Active Employee),Active,Onsite,Company Cab,16.32,89.0,13.0,73.0,80.0,5.0,4.0,Low,4.0,58,12.0,8.0
EMP-0735,Karthik Iyer,EMP-0025,Male,2003-09-01,Human Resources,Executive,West - Mumbai,LinkedIn,0.0,Fresher,2022-09-16,,240,217.0,12.0,6.0,5.0,22.0,Not Applicable(Active Employee),Active,Hybrid,Company Cab,12.29,56.0,10.0,58.0,62.0,4.0,1.0,High,3.0,23,23.0,4.0
EMP-0736,Lakshmi Rao,DIR-0001,Female,1995-10-11,Marketing,Team Lead,South - Chennai,Naukri,0.0,Experienced,2018-03-16,2018-12-08,240,228.0,5.0,5.0,1.0,1.0,Better Compensation & Benefits,Inactive,Hybrid,Public Transport,24.99,24.0,34.0,46.0,50.0,9.0,4.0,High,1.0,31,11.0,0.7
EMP-0737,Ananya Sharma,EMP-0180,Female,1998-04-24,Sales,Assistant Manager,South - Bangalore,Recruitment Agency,6250.0,Experienced,2019-01-09,,240,211.0,13.0,9.0,7.0,15.0,Not Applicable(Active Employee),Active,Hybrid,Own Vehicle,13.11,34.0,40.0,51.0,51.0,7.0,2.0,Medium,2.0,28,29.0,7.7
EMP-0738,Arun Venkatesh,DIR-0001,Female,1982-09-21,Engineering,Manager,South - Chennai,LinkedIn,0.0,Experienced,2021-02-16,,240,226.0,4.0,10.0,0.0,7.0,Not Applicable(Active Employee),Active,Hybrid,Company Cab,23.51,45.0,13.0,70.0,72.0,7.0,3.0,Medium,2.0,44,14.0,5.6
EMP-0739,Pooja Joshi,EMP-0025,Female,1972-08-09,Human Resources,Assistant Manager,North - Delhi,Walk-In,0.0,Experienced,2018-05-01,,240,228.0,5.0,5.0,2.0,7.0,Not Applicable(Active Employee),Active,Hybrid,Own Vehicle,16.32,84.0,29.0,66.0,67.0,6.0,3.0,Medium,2.0,54,12.0,8.4
EMP-0740,Ramesh Venkatesh,EMP-0100,Male,1971-01-11,Technology,Team Lead,North - Delhi,LinkedIn,0.0,Experienced,2023-03-12,,240,226.0,4.0,9.0,1.0,7.0,Not Applicable(Active Employee),Active,Hybrid,Own Vehicle,12.74,60.0,40.0,64.0,60.0,6.0,3.0,Medium,4.0,55,14.0,3.5
EMP-0741,Arun Nair,EMP-0160,Male,1976-09-07,Sales,Senior Executive,South - Bangalore,Company Career Site,0.0,Fresher,2019-02-16,,240,213.0,12.0,4.0,11.0,17.0,Not Applicable(Active Employee),Active,Onsite,Company Cab,16.32,24.0,3.0,58.0,64.0,5.0,1.0,High,2.0,50,27.0,7.6
EMP-0742,Pooja Sharma,EMP-0200,Male,1990-10-29,Sales,Executive,North - Delhi,Recruitment Agency,6250.0,Fresher,2018-08-28,,240,224.0,5.0,8.0,3.0,7.0,Not Applicable(Active Employee),Active,Hybrid,Company Cab,10.88,77.0,3.0,67.0,69.0,9.0,5.0,Low,3.0,36,16.0,8.1
EMP-0743,Pradeep Singh,EMP-0160,Male,1989-08-05,Sales,Executive,North - Delhi,Campus Drive,6250.0,Fresher,2020-04-05,,240,213.0,14.0,4.0,9.0,19.0,Not Applicable(Active Employee),Active,Onsite,Company Cab,26184.0,30.0,27.0,63.0,66.0,5.0,1.0,High,3.0,37,27.0,6.5
EMP-0744,Pradeep Rao,EMP-0010,Male,1978-11-27,Human Resources,Assistant Manager,South - Bangalore,Company Career Site,0.0,Experienced,2018-07-22,,240,226.0,6.0,8.0,0.0,2.0,Not Applicable(Active Employee),Active,Hybrid,Company Cab,15.82,22.0,7.0,57.0,56.0,3.0,5.0,Low,3.0,48,14.0,8.2
EMP-0745,Ananya Patel,EMP-0260,Female,1970-09-18,Finance,Team Lead,North - Delhi,Walk-In,0.0,Experienced,2018-02-24,2019-08-30,240,226.0,3.0,9.0,2.0,3.0,Better Compensation & Benefits,Inactive,Hybrid,Company Cab,16.32,95.0,1.0,0.71,76.0,5.0,3.0,Low,4.0,56,14.0,1.5
EMP-0746,Vikram Joshi,DIR-0001,Male,1987-07-20,Human Resources,Manager,South - Chennai,LinkedIn,0.0,Experienced,2023-07-27,2026-01-21,240,227.0,6.0,4.0,3.0,6.0,Work-Life Balance / Burnout,Inactive,Hybrid,Own Vehicle,25.54,28.0,40.0,64.0,68.0,4.0,3.0,High,0.0,39,13.0,2.5
EMP-0747,Arun Reddy,EMP-0280,Male,2001-11-02,Finance,Senior Executive,South - Chennai,Employee Referral,2500.0,Experienced,2019-03-06,2020-03-18,240,220.0,12.0,4.0,4.0,9.0,Work-Life Balance / Burnout,Inactive,Work From Home,Company Cab,12.91,43.0,21.0,57.0,65.0,6.0,2.0,High,2.0,25,20.0,1.0
EMP-0748,Kavitha Iyer,EMP-0010,Female,1992-10-04,Human Resources,Team Lead,South - Chennai,Naukri,0.0,Experienced,2018-07-28,,240,230.0,4.0,5.0,1.0,8.0,Not Applicable(Active Employee),Active,Hybrid,Company Cab,16.82,87.0,40.0,70.0,75.0,9.0,3.0,High,1.0,34,10.0,8.1
EMP-0749,Arun Joshi,EMP-0100,Male,1981-11-05,Technology,Executive,South - Chennai,Naukri,0.0,Fresher,2021-03-12,2023-03-15,240,211.0,11.0,7.0,11.0,20.0,Involuntary - Restructuring,Inactive,Work From Home,Own Vehicle,25.71,77.0,15.0,59.0,65.0,6.0,2.0,High,3.0,45,29.0,2.0
EMP-0750,Ramesh Reddy,DIR-0001,Male,1984-07-17,Sales,Manager,West - Mumbai,Walk-In,0.0,Experienced,2018-02-08,,240,212.0,14.0,5.0,9.0,8.0,Not Applicable(Active Employee),Active,Onsite,Own Vehicle,18.79,61.0,28.0,56.0,57.0,5.0,1.0,High,3.0,42,28.0,8.6
EMP-0751,Divya Sharma,DIR-0001,Female,1997-02-07,Technology,Manager,West - Mumbai,Walk-In,0.0,Experienced,2022-11-28,,240,215.0,5.0,4.0,8.0,14.0,Not Applicable(Active Employee),Active,Onsite,Company Cab,16.32,52.0,22.0,60.0,0.59,1.0,2.0,High,1.0,29,17.0,3.8
EMP-0752,Sanjay Kumar,DIR-0001,Male,1990-09-30,Operations,Manager,South - Bangalore,Walk-In,0.0,Experienced,2022-11-28,2022-06-19,240,233.0,2.0,4.0,1.0,6.0,Involuntary - Restructuring,Resigned,Onsite,Company Cab,26.53,38.0,11.0,62.0,69.0,6.0,3.0,Medium,2.0,36,7.0,0.0
EMP-0753,Sanjay Kumar,EMP-0050,Male,1986-12-07,Technology,Assistant Manager,South - Chennai,Recruitment Agency,6250.0,Experienced,2023-11-11,,240,213.0,10.0,6.0,11.0,20.0,Not Applicable(Active Employee),Active,Onsite,Company Cab,18.88,37.0,34.0,69.0,71.0,1.0,2.0,High,5.0,40,27.0,2.9
EMP-0754,Pradeep Patel,EMP-0260,Female,1976-12-26,Finance,Team Lead,West - Mumbai,Naukri,0.0,Experienced,2023-04-01,2026-01-13,240,226.0,3.0,8.0,3.0,6.0,Work-Life Balance / Burnout,Inactive,Hybrid,Company Cab,11.71,44.0,10.0,74.0,76.0,5.0,4.0,Medium,4.0,50,14.0,2.8
EMP-0755,Sneha Joshi,EMP-0180,Female,1983-04-27,Sales,Senior Executive,South - Bangalore,Naukri,0.0,Fresher,2022-08-29,,240,212.0,13.0,4.0,11.0,19.0,Not Applicable(Active Employee),Active,Onsite,Own Vehicle,6.91,17.0,20.0,65.0,67.0,4.0,1.0,High,2.0,43,28.0,4.1
EMP-0756,Ramesh Reddy,EMP-0220,Male,1999-03-02,Marketing,Assistant Manager,North - Delhi,Company Career Site,0.0,Experienced,2023-09-29,,240,229.0,5.0,6.0,0.0,5.0,Not Applicable(Active Employee),Active,Hybrid,Own Vehicle,22.95,25.0,20.0,63.0,64.0,5.0,3.0,Medium,4.0,27,11.0,3.0
EMP-0757,Lakshmi Reddy,EMP-0075,Female,1982-11-08,Technology,Assistant Manager,East - Kolkata,LinkedIn,0.0,Experienced,2019-09-26,,240,228.0,2.0,10.0,0.0,7.0,Not Applicable(Active Employee),Active,Hybrid,Company Cab,16.32,45.0,4.0,62.0,60.0,3.0,4.0,Low,4.0,44,12.0,7.0
EMP-0758,Lakshmi Singh,DIR-0001,Female,1983-01-21,Sales,Manager,South - Bangalore,LinkedIn,0.0,Experienced,2022-04-23,2025-06-22,240,227.0,4.0,9.0,0.0,3.0,Relocation / Personal Reasons,Inactive,Hybrid,Company Cab,16.57,39.0,19.0,53.0,65.0,1.0,3.0,Low,1.0,43,13.0,3.2
EMP-0693,Rajesh Kumar,EMP-0320,Male,1982-09-28,Operations,Assistant Manager,South - Chennai,Company Career Site,0.0,Experienced,2023-11-06,,240,217.0,9.0,8.0,6.0,16.0,Not Applicable(Active Employee),Active,Hybrid,Company Cab,25.4,27.0,36.0,55.0,52.0,3.0,1.0,High,1.0,44,23.0,2.9
EMP-0026,Vikram Joshi,EMP-0350,Male,2003-05-27,Operations,Assistant Manager,North - Delhi,LinkedIn,0.0,Experienced,2022-09-14,2022-11-27,240,228.0,3.0,6.0,3.0,8.0,Involuntary - Restructuring,Inactive,Work From Home,Company Cab,22.82,11.0,2.0,56.0,54.0,6.0,5.0,Low,3.0,23,12.0,0.2
EMP-0761,Ramesh Kumar,EMP-0025,Male,1968-01-03,Human Resources,Executive,South - Bangalore,Walk-In,0.0,Experienced,2021-03-20,,240,225.0,5.0,7.0,3.0,7.0,Not Applicable(Active Employee),Active,Onsite,Own Vehicle,16.32,58.0,43.0,65.0,75.0,1.0,4.0,High,1.0,58,15.0,5.5
EMP-0762,Sneha Reddy,EMP-0320,Female,1988-12-04,Technology,Executive,West - Mumbai,LinkedIn,0.0,Fresher,2021-12-12,,240,224.0,3.0,10.0,3.0,3.0,Not Applicable(Active Employee),Active,Onsite,Own Vehicle,11.14,86.0,32.0,65.0,66.0,5.0,4.0,High,3.0,38,16.0,4.8
EMP-0763,Deepa Kumar,EMP-0200,Female,1989-07-25,Sales,Team Lead,South - Bangalore,LinkedIn,0.0,Experienced,2019-11-27,,240,225.0,3.0,9.0,3.0,7.0,Not Applicable(Active Employee),Active,Hybrid,Company Cab,16.32,13.0,8.0,55.0,55.0,1.0,3.0,Low,2.0,37,15.0,6.8
EMP-0764,Sneha Kumar,EMP-0100,Male,1984-10-11,Technology,Executive,South - Bangalore,Walk-In,0.0,Fresher,2019-07-07,2020-08-02,240,228.0,2.0,9.0,1.0,8.0,Involuntary - Restructuring,Terminated,Hybrid,Own Vehicle,21.73,99.0,8.0,76.0,84.0,3.0,3.0,Medium,2.0,42,12.0,1.1
EMP-0765,Kavitha Singh,EMP-0025,Female,2005-01-20,Human Resources,Executive,South - Chennai,LinkedIn,0.0,Experienced,2022-05-20,,240,224.0,6.0,7.0,3.0,1.0,Not Applicable(Active Employee),Active,Hybrid,Own Vehicle,4.32,98.0,3.0,72.0,68.0,6.0,3.0,Medium,3.0,21,16.0,4.3
EMP-0766,Sanjay Venkatesh,emp-0180,Male,1971-04-23,Sales,Executive,South - Bangalore,Naukri,0.0,Fresher,2022-04-16,,240,218.0,5.0,5.0,8.0,20.0,Not Applicable(Active Employee),Active,Onsite,Own Vehicle,17.46,-15.0,34.0,60.0,67.0,4.0,2.0,High,3.0,55,18.0,4.4
EMP-0767,Manoj Rao,DIR-0001,Male,1973-02-03,Technology,Manager,West - Mumbai,Company Career Site,0.0,Experienced,2022-04-16,2025-06-16,240,220.0,7.0,8.0,5.0,20.0,Better Career Growth,Inactive,Work From Home,Company Cab,22.18,16.0,16.0,59.0,62.0,4.0,2.0,High,3.0,53,20.0,3.2
EMP-0768,Ananya Reddy,EMP-0200,Male,1976-09-20,Sales,Assistant Manager,South - Chennai,Naukri,0.0,Experienced,2022-11-25,,240,212.0,14.0,5.0,9.0,13.0,Not Applicable(Active Employee),Active,Onsite,Company Cab,24.98,83.0,33.0,75.0,81.0,8.0,2.0,High,4.0,50,28.0,3.8
EMP-0769,Kavitha Iyer,EMP-0025,Female,1984-02-22,Human Resources,Team Lead,West - Mumbai,Walk-In,0.0,Experienced,2022-02-02,,240,219.0,9.0,7.0,5.0,12.0,Not Applicable(Active Employee),Active,Hybrid,Company Cab,16.32,48.0,23.0,0.62,67.0,3.0,2.0,High,3.0,42,21.0,4.6
EMP-0770,Deepa Patel,EMP-0025,Female,1976-06-12,Human Resources,Executive,South - Chennai,Naukri,0.0,Fresher,2018-08-13,2019-08-05,240,225.0,5.0,8.0,2.0,7.0,Better Compensation & Benefits,Inactive,Hybrid,Company Cab,23.62,22.0,31.0,60.0,59.0,5.0,3.0,High,3.0,50,15.0,1.0
EMP-0771,Vikram Venkatesh,DIR-0001,Male,1977-10-27,Marketing,Team Lead,South - Chennai,Naukri,0.0,Experienced,2018-08-13,2020-03-13,240,227.0,6.0,7.0,0.0,6.0,Better Compensation & Benefits,Resigned,Hybrid,Company Cab,16.32,52.0,0.0,59.0,65.0,4.0,4.0,High,3.0,49,13.0,1.6
EMP-0772,Karthik Venkatesh,EMP-0025,Male,1983-03-30,Human Resources,Executive,West - Mumbai,Employee Referral,2500.0,Fresher,2022-01-30,2023-02-14,240,223.0,4.0,10.0,3.0,3.0,Relocation / Personal Reasons,Inactive,Hybrid,Company Cab,24.24,80.0,7.0,58.0,66.0,6.0,3.0,Medium,3.0,43,17.0,1.0
EMP-0773,Kavitha Iyer,EMP-0075,Female,1976-10-16,Technology,Senior Executive,South - Bangalore,Company Career Site,0.0,Experienced,2020-05-17,,240,228.0,4.0,8.0,0.0,3.0,Not Applicable(Active Employee),Active,Hybrid,Company Cab,6.62,72.0,44.0,60.0,60.0,6.0,3.0,High,2.0,50,12.0,6.3
EMP-0774,Meera Singh,EMP-0025,Female,1979-09-29,Human Resources,Senior Executive,South - Bangalore,LinkedIn,0.0,Experienced,2020-06-28,,240,218.0,11.0,4.0,7.0,12.0,Not Applicable(Active Employee),Active,Hybrid,Company Cab,13.23,65.0,22.0,60.0,65.0,4.0,2.0,High,1.0,47,22.0,6.2
EMP-0775,Divya Sharma,EMP-0025,Male,1968-05-09,Human Resources,Assistant Manager,North - Delhi,Naukri,0.0,Experienced,2021-04-14,,240,231.0,2.0,5.0,2.0,7.0,Not Applicable(Active Employee),Active,Hybrid,Own Vehicle,16.32,51.0,39.0,66.0,75.0,4.0,3.0,High,2.0,58,9.0,5.4
EMP-0776,Suresh Rao,DIR-0001,Male,1984-12-30,Sales,Manager,North - Delhi,LinkedIn,0.0,Experienced,2021-05-19,,240,224.0,6.0,7.0,3.0,3.0,Not Applicable(Active Employee),Active,Onsite,Own Vehicle,16.32,70.0,22.0,70.0,80.0,5.0,3.0,Medium,3.0,42,16.0,5.3
EMP-0777,Ramesh Venkatesh,EMP-0200,Male,1977-06-06,Sales,Team Lead,South - Chennai,Recruitment Agency,6250.0,Experienced,2018-11-02,2019-06-04,240,224.0,6.0,7.0,3.0,3.0,Not Applicable(Active Employee),Inactive,Onsite,Own Vehicle,9.12,51.0,11.0,60.0,61.0,8.0,5.0,Low,3.0,49,16.0,0.6
EMP-0778,Ramesh Iyer,EMP-0050,Male,1984-07-31,Technology,Team Lead,West - Mumbai,LinkedIn,0.0,Experienced,2019-02-18,,240,206.0,13.0,9.0,12.0,19.0,Not Applicable(Active Employee),Active,Onsite,Company Cab,21.2,65.0,14.0,75.0,81.0,7.0,1.0,High,3.0,42,34.0,7.6
EMP-0779,Divya Venkatesh,EMP-0180,Male,1991-08-21,Sales,Assistant Manager,South - Chennai,Naukri,0.0,Experienced,2022-02-02,,240,228.0,3.0,8.0,1.0,8.0,Not Applicable(Active Employee),Active,Hybrid,Company Cab,21.14,45.0,40.0,59.0,60.0,3.0,3.0,High,4.0,35,12.0,4.6
EMP-0780,Deepa Joshi,EMP-0260,Female,1999-11-22,Finance,Assistant Manager,South - Chennai,Naukri,0.0,Experienced,2021-06-04,,240,230.0,4.0,5.0,1.0,6.0,Not Applicable(Active Employee),Active,Onsite,Company Cab,19.21,93.0,18.0,66.0,81.0,7.0,3.0,Medium,4.0,27,10.0,5.3
EMP-0781,Pradeep Sharma,DIR-0001,Male,1973-12-11,Operations,Manager,West - Mumbai,Recruitment Agency,6250.0,Experienced,2021-09-13,,240,227.0,5.0,8.0,0.0,6.0,Not Applicable(Active Employee),Active,Work From Home,Company Cab,16.32,52.0,22.0,58.0,64.0,7.0,3.0,Medium,3.0,53,13.0,5.0
EMP-0782,Arun Kumar,EMP-0100,Male,1984-12-18,Technology,Senior Executive,West - Mumbai,Naukri,0.0,Fresher,2018-01-13,2019-09-30,240,230.0,2.0,7.0,1.0,4.0,Involuntary - Performance,Inactive,Onsite,Own Vehicle,16.8,16.0,28.0,67.0,70.0,3.0,3.0,Medium,2.0,42,10.0,1.7
EMP-0783,Vikram Iyer,EMP-0120,Male,1987-08-04,Engineering,Senior Executive,South - Chennai,Company Career Site,0.0,Experienced,2022-09-19,,240,224.0,5.0,8.0,3.0,7.0,Not Applicable(Active Employee),Active,Onsite,Company Cab,9.67,63.0,21.0,65.0,69.0,3.0,3.0,High,2.0,39,16.0,4.0
EMP-0784,Manoj Rao,EMP-0010,Male,2002-03-25,Human Resources,Executive,South - Chennai,Naukri,0.0,Fresher,2024-07-25,,240,209.0,13.0,7.0,11.0,15.0,Not Applicable(Active Employee),Active,Hybrid,Company Cab,11.97,10.0,39.0,52.0,56.0,6.0,1.0,High,4.0,24,31.0,2.2
EMP-0785,Arun Sharma,EMP-0050,Male,2006-04-30,Technology,Executive,West - Mumbai,Company Career Site,0.0,Fresher,2020-10-07,2021-07-21,240,233.0,3.0,4.0,0.0,4.0,Better Compensation & Benefits,Inactive,Onsite,Company Cab,9540.0,53.0,20.0,62.0,75.0,6.0,3.0,Medium,2.0,20,7.0,0.8
EMP-0786,Ananya Sharma,EMP-0280,Female,1974-08-31,Finance,Executive,South - Bangalore,Campus Drive,6250.0,Fresher,2024-02-15,2025-03-18,240,218.0,10.0,4.0,8.0,11.0,Work-Life Balance / Burnout,Resigned,Work From Home,Company Cab,25.76,54.0,37.0,66.0,68.0,4.0,2.0,Medium,3.0,52,22.0,1.1
EMP-0787,Arun Singh,EMP-0025,Male,1996-03-27,Human Resources,Team Lead,South - Bangalore,LinkedIn,0.0,Experienced,2019-07-03,2022-06-16,240,214.0,14.0,6.0,6.0,20.0,Better Compensation & Benefits,Inactive,Onsite,Company Cab,16.32,56.0,19.0,81.0,83.0,8.0,1.0,High,2.0,30,26.0,3.0
EMP-0788,Manoj Iyer,EMP-0350,Male,2006-03-13,Operations,Executive,North - Delhi,Recruitment Agency,6250.0,Fresher,2021-10-30,,240,224.0,5.0,8.0,3.0,2.0,Not Applicable(Active Employee),Active,Onsite,Company Cab,13.32,22.0,28.0,51.0,52.0,5.0,3.0,Low,3.0,20,16.0,4.9
EMP-0789,Priya Iyer,EMP-0025,Female,1989-07-12,Human Resources,Assistant Manager,South - Bangalore,Naukri,0.0,Experienced,2018-07-06,,240,228.0,6.0,4.0,2.0,6.0,Not Applicable(Active Employee),Active,Onsite,Company Cab,14.82,31.0,3.0,47.0,50.0,3.0,4.0,Low,3.0,37,12.0,8.2
EMP-0790,Ramesh Reddy,EMP-0300,Male,2003-03-13,Operations,Assistant Manager,South - Bangalore,Walk-In,0.0,Experienced,2020-07-19,,240,212.0,14.0,10.0,4.0,20.0,Not Applicable(Active Employee),Active,Hybrid,Company Cab,26.71,30.0,6.0,47.0,52.0,5.0,1.0,High,3.0,23,28.0,6.2
EMP-0791,Divya Singh,EMP-0010,Female,1995-08-01,Human Resources,Team Lead,South - Bangalore,Walk-In,0.0,Experienced,2021-04-13,2023-10-25,240,226.0,5.0,8.0,1.0,7.0,Better Compensation & Benefits,Inactive,Onsite,Own Vehicle,16.32,95.0,27.0,75.0,0.74,4.0,4.0,Medium,2.0,31,14.0,2.5
EMP-0792,Manoj Rao,EMP-0025,Male,1985-05-29,Human Resources,Senior Executive,South - Bangalore,Naukri,0.0,Fresher,2023-04-04,,240,228.0,2.0,9.0,1.0,5.0,Not Applicable(Active Employee),Active,Onsite,Own Vehicle,17.86,18.0,27.0,65.0,62.0,6.0,4.0,Low,3.0,41,12.0,3.5
EMP-0793,Deepa Iyer,EMP-0050,Male,1991-04-11,Technology,Assistant Manager,South - Bangalore,LinkedIn,0.0,Experienced,2023-04-04,,240,229.0,2.0,7.0,2.0,7.0,Not Applicable(Active Employee),Active,Onsite,Own Vehicle,16.32,35.0,3.0,0.48,65.0,8.0,3.0,High,3.0,35,11.0,3.5
EMP-0794,Karthik Patel,EMP-0180,Male,1999-12-17,Sales,Assistant Manager,South - Bangalore,Walk-In,0.0,Experienced,2023-08-11,,240,231.0,2.0,7.0,0.0,4.0,Not Applicable(Active Employee),Active,Onsite,Company Cab,18.48,18.0,21.0,64.0,67.0,5.0,4.0,Low,3.0,27,9.0,3.1
EMP-0795,Vijay Reddy,EMP-0010,Male,1989-09-05,Human Resources,Senior Executive,South - Chennai,Walk-In,0.0,Experienced,2020-12-15,,240,225.0,3.0,10.0,2.0,7.0,Not Applicable(Active Employee),Active,Onsite,Own Vehicle,3.94,24.0,11.0,55.0,57.0,3.0,3.0,Medium,1.0,37,15.0,5.8
EMP-0796,Vijay Nair,EMP-0025,Male,1994-01-26,Human Resources,Executive,South - Bangalore,Walk-In,0.0,Fresher,2020-07-30,,240,228.0,5.0,8.0,1.0,4.0,Not Applicable(Active Employee),Active,Hybrid,Own Vehicle,24.87,19.0,44.0,43.0,50.0,6.0,3.0,High,5.0,32,14.0,6.1
EMP-0797,Kavitha Rao,DIR-0001,Male,2003-06-19,Human Resources,Manager,North - Delhi,Employee Referral,0.0,Experienced,2023-06-17,,240,217.0,9.0,10.0,4.0,17.0,Not Applicable(Active Employee),Active,Onsite,Company Cab,26.34,97.0,2.0,59.0,59.0,3.0,1.0,High,4.0,23,23.0,3.3
EMP-0798,Divya Venkatesh,DIR-0001,Male,1977-04-17,Sales,Manager,South - Bangalore,Walk-In,0.0,Experienced,2020-01-31,2021-12-08,240,226.0,4.0,8.0,2.0,3.0,Better Career Growth,Inactive,Work From Home,Company Cab,17.35,51.0,21.0,56.0,56.0,2.0,3.0,Medium,4.0,49,14.0,1.9
EMP-0799,Lakshmi Reddy,DIR-0001,Female,1988-11-04,Technology,Manager,South - Bangalore,LinkedIn,0.0,Experienced,2023-02-24,,240,225.0,5.0,7.0,3.0,7.0,Not Applicable(Active Employee),Active,Hybrid,Company Cab,16.32,81.0,43.0,62.0,68.0,5.0,3.0,High,5.0,38,15.0,3.6
EMP-0800,Priya Singh,DIR-0001,Female,1981-09-22,Operations,Manager,South - Chennai,LinkedIn,0.0,Experienced,2024-04-23,2025-07-30,240,225.0,4.0,9.0,2.0,5.0,Involuntary - Restructuring,Inactive,Onsite,Own Vehicle,26.1,33.0,1.0,52.0,57.0,4.0,3.0,Medium,1.0,45,15.0,1.3
EMP-0801,Rajesh Sharma,EMP-0350,Male,1993-08-18,Operations,Executive,South - Bangalore,Campus Drive,6250.0,Experienced,2019-08-28,,240,228.0,6.0,6.0,0.0,3.0,Not Applicable(Active Employee),Active,Onsite,Company Cab,16.32,89.0,22.0,81.0,87.0,3.0,4.0,Medium,2.0,33,12.0,7.1
EMP-0802,Suresh Joshi,EMP-0075,Male,1984-10-12,Technology,Team Lead,South - Chennai,LinkedIn,0.0,Experienced,2021-05-14,,240,229.0,5.0,4.0,2.0,3.0,Not Applicable(Active Employee),Active,Hybrid,Own Vehicle,7.24,58.0,33.0,70.0,73.0,7.0,4.0,High,3.0,42,11.0,5.4
EMP-0803,Manoj Iyer,EMP-0200,Male,1974-01-09,Sales,Senior Executive,North - Delhi,Recruitment Agency,6250.0,Fresher,2020-10-23,,240,231.0,3.0,5.0,1.0,6.0,Not Applicable(Active Employee),Active,Work From Home,Own Vehicle,17.62,35.0,26.0,58.0,61.0,5.0,3.0,Medium,3.0,52,9.0,5.9
EMP-0804,Rajesh Reddy,EMP-0300,Male,1991-04-10,Operations,Assistant Manager,North - Delhi,Naukri,0.0,Experienced,2022-03-26,,240,211.0,9.0,10.0,10.0,15.0,Not Applicable(Active Employee),Active,Hybrid,Company Cab,18.36,46.0,40.0,61.0,65.0,4.0,1.0,High,4.0,35,29.0,4.5
EMP-0805,Lakshmi Kumar,EMP-0350,Female,1969-11-05,Operations,Senior Executive,West - Mumbai,Recruitment Agency,6250.0,Fresher,2018-04-10,2020-02-02,240,216.0,8.0,8.0,8.0,18.0,Better Career Growth,Resigned,Onsite,Own Vehicle,16.32,77.0,0.0,0.8,80.0,10.0,1.0,High,5.0,57,24.0,1.8
EMP-0806,Manoj Reddy,DIR-0001,Male,1983-02-02,Marketing,Senior Executive,South - Chennai,Naukri,0.0,Fresher,2023-04-05,,240,225.0,5.0,7.0,3.0,2.0,Not Applicable(Active Employee),Active,Onsite,Company Cab,21.54,59.0,7.0,73.0,84.0,4.0,5.0,High,4.0,43,15.0,3.5
EMP-0807,Ananya Singh,EMP-0240,Male,1987-05-27,Marketing,Executive,West - Mumbai,LinkedIn,0.0,Fresher,2019-05-29,,240,229.0,2.0,7.0,2.0,6.0,Not Applicable(Active Employee),Active,Work From Home,Company Cab,26.39,33.0,22.0,60.0,69.0,7.0,3.0,Medium,3.0,39,11.0,7.3
EMP-0808,Arun Reddy,EMP-0050,Male,1990-04-26,Technology,Assistant Manager,East - Kolkata,Employee Referral,5000.0,Experienced,2023-08-27,,240,226.0,5.0,7.0,2.0,1.0,Not Applicable(Active Employee),Active,Onsite,Own Vehicle,26.18,28.0,37.0,61.0,68.0,5.0,4.0,High,2.0,36,14.0,3.1
EMP-0809,Sanjay Singh,EMP-0050,Male,1969-08-02,Technology,Assistant Manager,South - Chennai,Campus Drive,6250.0,Experienced,2018-05-04,2021-06-08,240,226.0,2.0,9.0,3.0,6.0,Involuntary - Performance,Resigned,Work From Home,Company Cab,14.55,69.0,5.0,72.0,73.0,7.0,3.0,Medium,3.0,57,14.0,3.1
EMP-0810,Lakshmi Reddy,EMP-0100,Male,1979-11-30,Technology,Executive,North - Delhi,Naukri,0.0,Fresher,2020-08-15,2022-02-07,240,225.0,2.0,10.0,3.0,4.0,Not Applicable(Active Employee),Inactive,Hybrid,Own Vehicle,6.27,48.0,21.0,56.0,61.0,8.0,3.0,Medium,1.0,47,15.0,1.5
EMP-0811,Ananya Nair,emp-0075,Female,1971-09-12,Technology,Senior Executive,South - Chennai,Naukri,0.0,Fresher,2018-01-25,,240,224.0,5.0,10.0,1.0,7.0,Not Applicable(Active Employee),Active,Hybrid,Company Cab,16.32,52.0,24.0,61.0,0.68,6.0,3.0,Medium,1.0,55,16.0,8.7
EMP-0812,Rajesh Rao,EMP-0140,Female,1991-01-01,Engineering,Executive,North - Delhi,Employee Referral,2500.0,Fresher,2019-08-17,,240,216.0,10.0,6.0,8.0,13.0,Not Applicable(Active Employee),Active,Onsite,Own Vehicle,24.05,98.0,17.0,89.0,87.0,6.0,1.0,High,2.0,35,24.0,7.1
EMP-0813,Sanjay Nair,EMP-0075,Female,2003-04-02,Technology,Team Lead,North - Delhi,Recruitment Agency,6250.0,Experienced,2018-12-10,,240,225.0,6.0,8.0,1.0,8.0,Not Applicable(Active Employee),Active,Hybrid,Company Cab,7860.0,27.0,16.0,62.0,67.0,4.0,4.0,Medium,5.0,23,15.0,7.8
EMP-0814,Anitha Rao,EMP-0280,Female,1972-05-31,Finance,Assistant Manager,South - Bangalore,LinkedIn,0.0,Experienced,2023-01-15,2024-12-18,240,227.0,4.0,9.0,0.0,1.0,Relocation / Personal Reasons,Inactive,Onsite,Company Cab,26.06,28.0,11.0,40.0,50.0,2.0,3.0,Medium,4.0,54,13.0,1.9
EMP-0815,Divya Nair,DIR-0001,Female,1969-09-19,Technology,Manager,South - Bangalore,Walk-In,0.0,Experienced,2021-08-10,2024-07-29,240,226.0,2.0,9.0,3.0,1.0,Better Career Growth,Inactive,Work From Home,Company Cab,24.81,45.0,5.0,57.0,65.0,6.0,3.0,Medium,4.0,57,14.0,3.0
EMP-0816,Vijay Singh,EMP-0010,Male,1976-10-26,Human Resources,Assistant Manager,South - Bangalore,Recruitment Agency,6250.0,Experienced,2023-08-10,,240,217.0,7.0,10.0,6.0,15.0,Not Applicable(Active Employee),Active,Hybrid,Own Vehicle,16.21,83.0,25.0,82.0,89.0,9.0,1.0,High,3.0,50,23.0,3.1
EMP-0817,Sanjay Rao,EMP-0320,Male,2001-06-05,Technology,Assistant Manager,North - Delhi,LinkedIn,0.0,Experienced,2022-11-23,2023-03-19,240,228.0,5.0,4.0,3.0,4.0,Involuntary - Restructuring,Inactive,Onsite,Company Cab,16.32,64.0,26.0,0.7,80.0,4.0,3.0,High,3.0,25,12.0,0.3
EMP-0818,Manoj Venkatesh,EMP-0075,Male,1995-04-02,Technology,Assistant Manager,South - Bangalore,Campus Drive,6250.0,Experienced,2023-11-29,,240,226.0,3.0,9.0,2.0,3.0,Not Applicable(Active Employee),Active,Work From Home,Own Vehicle,13.28,78.0,7.0,71.0,73.0,5.0,3.0,Medium,4.0,31,14.0,2.8
EMP-0819,Divya Venkatesh,EMP-0050,Female,2001-10-01,Technology,Executive,South - Bangalore,Recruitment Agency,6250.0,Experienced,2022-07-07,,240,230.0,4.0,4.0,2.0,5.0,Not Applicable(Active Employee),Active,Work From Home,Company Cab,4.84,56.0,18.0,71.0,73.0,7.0,3.0,Medium,4.0,25,10.0,4.2
EMP-0820,Manoj Iyer,EMP-0010,Male,1968-05-19,Human Resources,Senior Executive,South - Bangalore,Employee Referral,2500.0,Fresher,2020-04-24,,240,231.0,2.0,6.0,1.0,1.0,Not Applicable(Active Employee),Active,Hybrid,Company Cab,11.71,58.0,41.0,59.0,65.0,4.0,3.0,High,4.0,58,9.0,6.4
EMP-0821,Manoj Nair,EMP-0075,Male,1983-07-20,Technology,Executive,South - Chennai,Recruitment Agency,6250.0,Fresher,2019-08-27,2022-06-03,240,211.0,12.0,9.0,8.0,19.0,Better Career Growth,Inactive,Onsite,Own Vehicle,16.32,42.0,0.0,58.0,70.0,5.0,2.0,High,3.0,43,29.0,2.8
EMP-0822,Pradeep Venkatesh,EMP-0075,Male,2004-11-12,Technology,Executive,South - Bangalore,LinkedIn,0.0,Experienced,2023-07-01,2024-04-04,240,230.0,3.0,7.0,0.0,2.0,Involuntary - Restructuring,Terminated,Work From Home,Company Cab,3.61,30.0,28.0,61.0,62.0,1.0,3.0,Low,3.0,22,10.0,0.8
EMP-0823,Vikram Nair,EMP-0260,Male,1968-07-13,Finance,Team Lead,South - Bangalore,LinkedIn,0.0,Experienced,2019-11-05,,240,230.0,2.0,5.0,3.0,2.0,Not Applicable(Active Employee),Active,Work From Home,Public Transport,16.32,90.0,44.0,69.0,68.0,7.0,3.0,High,4.0,58,10.0,6.9
EMP-0824,Karthik Nair,EMP-0120,Male,2002-02-21,Engineering,Assistant Manager,West - Mumbai,Company Career Site,0.0,Experienced,2024-02-03,,240,228.0,3.0,8.0,1.0,8.0,Not Applicable(Active Employee),Active,Hybrid,Company Cab,13.26,31.0,34.0,58.0,58.0,3.0,3.0,High,3.0,24,12.0,2.6
EMP-0825,Suresh Reddy,EMP-0260,Male,1978-03-17,Finance,Executive,South - Chennai,LinkedIn,0.0,Fresher,2024-03-12,,240,232.0,2.0,4.0,2.0,2.0,Not Applicable(Active Employee),Active,Onsite,Own Vehicle,16.67,57.0,39.0,62.0,57.0,3.0,3.0,High,3.0,48,8.0,2.5
EMP-0826,Ramesh Patel,EMP-0160,Male,1977-05-31,Sales,Executive,South - Bangalore,Company Career Site,0.0,Fresher,2022-03-16,2022-05-31,240,225.0,5.0,9.0,1.0,8.0,Work-Life Balance / Burnout,Inactive,Onsite,Own Vehicle,16.32,46.0,22.0,58.0,65.0,8.0,4.0,Medium,3.0,49,15.0,0.2
EMP-0827,Arun Iyer,EMP-0025,Male,1994-05-01,Human Resources,Assistant Manager,South - Chennai,Walk-In,0.0,Experienced,2024-07-22,,240,230.0,2.0,5.0,3.0,2.0,Not Applicable(Active Employee),Active,Onsite,Own Vehicle,14388.0,24.0,34.0,61.0,61.0,5.0,3.0,High,4.0,32,10.0,2.2
EMP-0828,Ananya Iyer,EMP-0300,Male,2000-05-29,Operations,Team Lead,North - Delhi,Company Career Site,0.0,Experienced,2020-01-09,2020-04-06,240,232.0,2.0,4.0,2.0,6.0,Involuntary - Restructuring,Inactive,Onsite,Own Vehicle,12.0,44.0,44.0,60.0,61.0,3.0,5.0,High,3.0,26,8.0,0.2
EMP-0829,Kavitha Joshi,DIR-0001,Male,1971-11-07,Sales,Manager,North - Delhi,Recruitment Agency,6250.0,Experienced,2020-12-26,,240,228.0,4.0,5.0,3.0,7.0,Not Applicable(Active Employee),Active,Onsite,Company Cab,16.32,80.0,19.0,0.64,71.0,5.0,4.0,High,3.0,55,12.0,5.7
EMP-0830,Pradeep Rao,EMP-0010,Male,1987-03-27,Human Resources,Executive,South - Chennai,Company Career Site,0.0,Fresher,2018-11-14,,240,216.0,8.0,4.0,12.0,17.0,Not Applicable(Active Employee),Active,Hybrid,Company Cab,14.58,41.0,12.0,57.0,57.0,5.0,1.0,Medium,3.0,39,24.0,7.8
EMP-0831,Pradeep Sharma,EMP-0140,Male,1988-03-08,Engineering,Team Lead,South - Bangalore,Recruitment Agency,6250.0,Experienced,2018-10-20,2019-06-01,240,229.0,2.0,8.0,1.0,8.0,Involuntary - Restructuring,Resigned,Hybrid,Own Vehicle,16.32,20.0,37.0,54.0,0.6,5.0,3.0,High,4.0,38,11.0,0.6
EMP-0832,Priya Nair,EMP-0350,Female,1974-03-26,Technology,Senior Executive,South - Bangalore,LinkedIn,0.0,Fresher,2020-03-05,2020-05-26,240,213.0,11.0,9.0,7.0,18.0,Involuntary - Performance,Inactive,Work From Home,Own Vehicle,14.58,19.0,7.0,49.0,50.0,3.0,1.0,High,2.0,52,27.0,0.2
EMP-0833,Karthik Nair,EMP-0100,Male,1981-09-15,Technology,Executive,South - Chennai,Company Career Site,0.0,Fresher,2021-07-04,,240,227.0,3.0,7.0,3.0,4.0,Not Applicable(Active Employee),Active,Onsite,Public Transport,6.95,82.0,42.0,70.0,78.0,2.0,3.0,High,0.0,45,13.0,5.2
EMP-0834,Ananya Sharma,EMP-0200,Female,1997-07-21,Sales,Senior Executive,South - Bangalore,Naukri,0.0,Experienced,2023-02-23,,240,233.0,2.0,4.0,1.0,2.0,Not Applicable(Active Employee),Active,Work From Home,Company Cab,7.82,87.0,19.0,73.0,78.0,4.0,3.0,Medium,2.0,29,7.0,3.6
EMP-0835,Lakshmi Rao,EMP-0160,Female,1986-10-20,Sales,Assistant Manager,North - Delhi,Walk-In,0.0,Experienced,2020-07-05,,240,222.0,6.0,9.0,3.0,6.0,Not Applicable(Active Employee),Active,Onsite,Company Cab,16.32,86.0,32.0,74.0,77.0,5.0,3.0,High,1.0,40,18.0,6.2
EMP-0836,Vijay Venkatesh,EMP-0100,Male,1986-02-03,Technology,Team Lead,North - Delhi,Campus Drive,6250.0,Experienced,2021-02-15,2024-05-27,240,216.0,12.0,6.0,6.0,11.0,Not Applicable(Active Employee),Terminated,Hybrid,Public Transport,13.76,66.0,25.0,69.0,73.0,5.0,1.0,High,1.0,40,24.0,3.3
EMP-0837,Arun Sharma,DIR-0001,Female,1994-04-30,Technology,Manager,South - Bangalore,Walk-In,0.0,Experienced,2024-01-21,,240,225.0,5.0,7.0,3.0,7.0,Not Applicable(Active Employee),Active,Onsite,Own Vehicle,25.91,34.0,38.0,45.0,65.0,7.0,3.0,High,4.0,32,15.0,2.7
EMP-0838,Vikram Iyer,EMP-0320,Male,1969-11-06,Operations,Team Lead,South - Chennai,Naukri,0.0,Experienced,2022-06-17,,240,216.0,10.0,9.0,5.0,11.0,Not Applicable(Active Employee),Active,Work From Home,Company Cab,12.38,11.0,20.0,43.0,50.0,7.0,1.0,High,3.0,57,24.0,4.3
EMP-0839,Divya Reddy,EMP-0140,Male,1982-10-24,Engineering,Assistant Manager,West - Mumbai,LinkedIn,0.0,Experienced,2019-10-03,2023-01-01,240,224.0,6.0,8.0,2.0,1.0,Better Career Growth,Inactive,Hybrid,Own Vehicle,17.72,73.0,41.0,68.0,71.0,7.0,4.0,High,2.0,44,16.0,3.2
EMP-0840,Vijay Rao,DIR-0001,Male,1995-01-18,Marketing,Manager,West - Mumbai,Company Career Site,0.0,Experienced,2019-03-22,2020-08-23,240,230.0,4.0,5.0,1.0,7.0,Work-Life Balance / Burnout,Inactive,Hybrid,Own Vehicle,18.99,44.0,42.0,59.0,61.0,7.0,4.0,High,4.0,31,10.0,1.4
EMP-0841,Arun Nair,DIR-0001,Male,1985-07-14,Technology,Executive,South - Chennai,Naukri,0.0,Fresher,2023-03-08,,240,227.0,5.0,9.0,0.0,4.0,Not Applicable(Active Employee),Active,Onsite,Company Cab,16.32,52.0,40.0,62.0,56.0,4.0,3.0,High,4.0,41,14.0,3.5
EMP-0842,Sneha Patel,EMP-0140,Female,1985-07-10,Engineering,Executive,South - Bangalore,Company Career Site,0.0,Fresher,2018-12-23,,240,215.0,13.0,7.0,5.0,11.0,Not Applicable(Active Employee),Active,Hybrid,Company Cab,19.76,94.0,8.0,72.0,72.0,3.0,1.0,High,3.0,41,25.0,7.7
EMP-0843,Karthik Kumar,EMP-0075,Male,1976-06-12,Technology,Senior Executive,South - Bangalore,Company Career Site,0.0,Experienced,2022-05-07,,240,213.0,13.0,9.0,5.0,16.0,Not Applicable(Active Employee),Active,Work From Home,Company Cab,7.86,27.0,23.0,62.0,64.0,7.0,2.0,High,3.0,50,27.0,4.4
EMP-0844,Suresh Sharma,DIR-0001,Male,1993-07-18,Technology,Manager,South - Chennai,Walk-In,0.0,Experienced,2024-04-25,,240,230.0,2.0,6.0,2.0,3.0,Not Applicable(Active Employee),Active,Hybrid,Own Vehicle,27.05,76.0,36.0,74.0,74.0,1.0,4.0,High,5.0,33,10.0,2.4
EMP-0845,Suresh Iyer,EMP-0050,Male,1981-08-31,Technology,Senior Executive,South - Bangalore,Naukri,0.0,Fresher,2022-10-30,,240,222.0,5.0,10.0,3.0,6.0,Not Applicable(Active Employee),Active,Onsite,Own Vehicle,7.14,51.0,40.0,62.0,53.0,4.0,3.0,High,3.0,45,18.0,3.9
EMP-0846,Divya Sharma,EMP-0350,Female,1998-04-10,Operations,Assistant Manager,South - Bangalore,Campus Drive,6250.0,Experienced,2021-09-18,2024-12-23,240,224.0,6.0,9.0,1.0,8.0,Relocation / Personal Reasons,Inactive,Onsite,Company Cab,13.66,48.0,22.0,69.0,77.0,3.0,3.0,Medium,1.0,28,16.0,3.3
EMP-0847,Ramesh Iyer,EMP-0120,Male,2005-01-26,Engineering,Senior Executive,North - Delhi,LinkedIn,0.0,Experienced,2021-12-28,,240,234.0,2.0,4.0,0.0,7.0,Not Applicable(Active Employee),Active,Hybrid,Own Vehicle,16.32,50.0,23.0,67.0,69.0,5.0,5.0,High,3.0,21,6.0,4.7
EMP-0848,Pradeep Kumar,DIR-0001,Male,1976-05-16,Sales,Manager,South - Chennai,Company Career Site,0.0,Experienced,2021-12-28,2025-03-10,240,221.0,10.0,5.0,4.0,22.0,Relocation / Personal Reasons,Inactive,Onsite,Company Cab,27.92,84.0,20.0,72.0,64.0,6.0,2.0,High,2.0,50,19.0,3.2
EMP-0849,Deepa Patel,EMP-0050,Female,1985-04-23,Technology,Team Lead,South - Bangalore,Campus Drive,6250.0,Experienced,2021-05-19,2023-08-01,240,225.0,2.0,10.0,3.0,5.0,Better Career Growth,Inactive,Hybrid,Company Cab,15.8,33.0,38.0,57.0,70.0,5.0,4.0,High,3.0,41,15.0,2.2
EMP-0850,Lakshmi Kumar,EMP-0100,Female,1981-01-21,Technology,Executive,South - Bangalore,LinkedIn,0.0,Fresher,2018-03-30,,240,221.0,6.0,10.0,3.0,7.0,Not Applicable(Active Employee),Active,Work From Home,Own Vehicle,18.09,69.0,40.0,59.0,68.0,1.0,3.0,High,3.0,45,19.0,8.5
EMP-0851,Karthik Nair,EMP-0050,Male,1970-07-30,Technology,Executive,South - Bangalore,LinkedIn,0.0,Fresher,2019-02-28,,240,230.0,5.0,4.0,1.0,5.0,Not Applicable(Active Employee),Active,Hybrid,Company Cab,16.32,55.0,22.0,62.0,0.63,6.0,3.0,Medium,3.0,56,10.0,7.6
EMP-0852,Sanjay Kumar,EMP-0140,Male,1975-09-16,Engineering,Executive,South - Bangalore,Employee Referral,2500.0,Fresher,2019-11-11,2021-09-13,240,232.0,2.0,6.0,0.0,4.0,Involuntary - Restructuring,Resigned,Hybrid,Own Vehicle,21.87,28.0,12.0,57.0,55.0,2.0,3.0,Medium,1.0,51,8.0,1.8
EMP-0853,Pooja Singh,EMP-0200,Female,1986-06-06,Sales,Team Lead,South - Bangalore,Naukri,0.0,Experienced,2018-05-14,,240,227.0,3.0,8.0,2.0,7.0,Not Applicable(Active Employee),Active,Onsite,Own Vehicle,16.32,77.0,10.0,0.69,74.0,6.0,3.0,Medium,3.0,40,13.0,8.4
EMP-0854,Divya Sharma,EMP-0300,Male,1972-12-19,Operations,Assistant Manager,North - Delhi,Walk-In,0.0,Experienced,2018-05-22,2020-03-07,240,217.0,7.0,6.0,10.0,19.0,Involuntary - Restructuring,Inactive,Onsite,Own Vehicle,25.5,99.0,18.0,76.0,80.0,2.0,1.0,High,1.0,54,23.0,1.8
EMP-0855,Sanjay Rao,EMP-0050,Male,1989-06-14,Technology,Team Lead,South - Chennai,Campus Drive,6250.0,Experienced,2020-10-09,2022-04-23,240,220.0,9.0,4.0,7.0,9.0,Involuntary - Performance,Terminated,Onsite,Own Vehicle,10236.0,51.0,10.0,53.0,58.0,8.0,1.0,High,3.0,37,20.0,1.5
EMP-0856,Pradeep Venkatesh,emp-0010,Male,2006-10-31,Human Resources,Executive,South - Bangalore,LinkedIn,0.0,Fresher,2018-10-03,2020-10-10,240,213.0,5.0,4.0,11.0,17.0,Better Career Growth,Resigned,Onsite,Public Transport,8.17,-15.0,12.0,63.0,61.0,4.0,1.0,High,1.0,20,20.0,2.0
EMP-0857,Vikram Venkatesh,EMP-0050,Male,1977-03-23,Technology,Executive,South - Chennai,Campus Drive,6250.0,Fresher,2018-01-09,,240,228.0,6.0,4.0,2.0,3.0,Not Applicable(Active Employee),Active,Work From Home,Company Cab,4.4,48.0,44.0,62.0,70.0,7.0,5.0,High,3.0,49,12.0,8.7
EMP-0858,Sneha Iyer,EMP-0350,Female,1999-11-01,Operations,Team Lead,South - Chennai,Company Career Site,0.0,Experienced,2021-03-07,,240,233.0,2.0,4.0,1.0,1.0,Not Applicable(Active Employee),Active,Hybrid,Company Cab,15.07,45.0,0.0,72.0,73.0,4.0,3.0,High,4.0,27,7.0,5.5
EMP-0859,Manoj Patel,EMP-0010,Male,1993-10-18,Human Resources,Assistant Manager,South - Chennai,Campus Drive,6250.0,Experienced,2022-07-17,2024-04-20,240,228.0,3.0,7.0,2.0,5.0,Relocation / Personal Reasons,Inactive,Onsite,Company Cab,16.32,45.0,39.0,61.0,65.0,6.0,3.0,High,4.0,33,12.0,1.8
EMP-0860,Karthik Iyer,EMP-0050,Male,1990-07-16,Technology,Senior Executive,South - Chennai,Company Career Site,0.0,Fresher,2020-04-03,,240,220.0,8.0,6.0,6.0,19.0,Not Applicable(Active Employee),Active,Onsite,Company Cab,5.11,12.0,43.0,49.0,54.0,4.0,2.0,High,5.0,36,20.0,6.5
EMP-0861,Divya Joshi,EMP-0050,Female,1968-01-05,Technology,Senior Executive,South - Bangalore,Employee Referral,0.0,Fresher,2019-10-27,,240,216.0,10.0,9.0,5.0,20.0,Not Applicable(Active Employee),Active,Hybrid,Company Cab,16.32,82.0,18.0,66.0,65.0,2.0,2.0,High,3.0,58,24.0,6.9
EMP-0862,Manoj Rao,EMP-0320,Male,2004-12-26,Operations,Team Lead,North - Delhi,Company Career Site,0.0,Experienced,2019-10-31,,240,229.0,2.0,6.0,3.0,5.0,Not Applicable(Active Employee),Active,Hybrid,Company Cab,14.61,17.0,11.0,62.0,78.0,7.0,5.0,Low,2.0,22,11.0,6.9
EMP-0863,Vijay Venkatesh,EMP-0025,Female,1979-01-27,Human Resources,Executive,West - Mumbai,Walk-In,0.0,Fresher,2019-10-31,,240,214.0,14.0,4.0,8.0,19.0,Not Applicable(Active Employee),Active,Hybrid,Own Vehicle,16.35,79.0,7.0,69.0,75.0,10.0,2.0,High,4.0,47,26.0,6.9
EMP-0864,Karthik Rao,EMP-0100,Male,1993-07-14,Technology,Executive,West - Mumbai,Walk-In,0.0,Fresher,2024-01-15,,240,225.0,6.0,9.0,0.0,8.0,Not Applicable(Active Employee),Active,Hybrid,Company Cab,14.3,50.0,7.0,61.0,78.0,4.0,3.0,Low,3.0,33,15.0,2.7
EMP-0865,Pooja Nair,EMP-0025,Female,1993-11-04,Human Resources,Executive,West - Mumbai,Recruitment Agency,6250.0,Fresher,2021-01-08,,240,210.0,13.0,8.0,9.0,7.0,Not Applicable(Active Employee),Active,Onsite,Company Cab,16.32,77.0,44.0,0.63,70.0,1.0,1.0,High,2.0,33,30.0,5.7
EMP-0866,Anitha Singh,DIR-0001,Female,1980-11-30,Engineering,Manager,West - Mumbai,LinkedIn,0.0,Experienced,2024-07-02,2025-10-07,240,224.0,5.0,10.0,1.0,6.0,Better Compensation & Benefits,Inactive,Hybrid,Own Vehicle,17.21,22.0,11.0,52.0,51.0,4.0,3.0,Medium,1.0,46,16.0,1.3
EMP-0867,Rajesh Patel,EMP-0220,Male,2005-10-18,Marketing,Executive,South - Chennai,LinkedIn,0.0,Fresher,2019-07-03,,240,231.0,3.0,6.0,0.0,2.0,Not Applicable(Active Employee),Active,Onsite,Company Cab,7.3,58.0,32.0,70.0,77.0,6.0,4.0,High,2.0,21,9.0,7.2
EMP-0868,Manoj Rao,EMP-0075,Male,2004-08-12,Technology,Team Lead,South - Chennai,Naukri,0.0,Experienced,2023-07-27,,240,210.0,9.0,9.0,12.0,8.0,Not Applicable(Active Employee),Active,Onsite,Company Cab,7.96,69.0,44.0,56.0,63.0,6.0,2.0,High,4.0,22,30.0,3.2
EMP-0869,Vijay Nair,EMP-0200,Male,1976-01-21,Sales,Assistant Manager,North - Delhi,Naukri,0.0,Experienced,2021-06-19,,240,220.0,6.0,10.0,4.0,11.0,Not Applicable(Active Employee),Active,Onsite,Own Vehicle,29532.0,11.0,25.0,62.0,72.0,3.0,2.0,High,3.0,50,20.0,5.3
EMP-0870,Pradeep Patel,EMP-0180,Male,1988-07-15,Sales,Team Lead,South - Chennai,Naukri,0.0,Experienced,2018-03-02,2019-11-01,240,218.0,6.0,7.0,9.0,14.0,Involuntary - Performance,Inactive,Hybrid,Company Cab,26.68,69.0,38.0,74.0,80.0,8.0,2.0,High,5.0,38,22.0,1.7
EMP-0871,Ramesh Patel,EMP-0200,Male,1976-03-24,Sales,Team Lead,South - Chennai,Employee Referral,5000.0,Experienced,2024-05-08,,240,223.0,5.0,5.0,4.0,16.0,Not Applicable(Active Employee),Active,Onsite,Own Vehicle,16.32,52.0,27.0,61.0,0.67,9.0,2.0,High,2.0,50,14.0,2.4
EMP-0872,Deepa Sharma,EMP-0180,Female,1999-05-04,Sales,Senior Executive,South - Chennai,LinkedIn,0.0,Experienced,2019-05-02,,240,214.0,12.0,5.0,9.0,11.0,Not Applicable(Active Employee),Active,Onsite,Company Cab,10.13,53.0,4.0,54.0,51.0,7.0,1.0,High,3.0,27,26.0,7.4
EMP-0873,Suresh Singh,DIR-0001,Male,1975-01-31,Technology,Manager,South - Bangalore,Employee Referral,0.0,Experienced,2018-11-08,,240,210.0,12.0,9.0,9.0,12.0,Not Applicable(Active Employee),Active,Onsite,Company Cab,19.28,36.0,7.0,44.0,50.0,5.0,2.0,High,5.0,51,30.0,7.9
EMP-0874,Anitha Rao,EMP-0050,Female,1992-02-14,Technology,Assistant Manager,South - Chennai,Recruitment Agency,6250.0,Experienced,2020-08-08,2022-04-21,240,228.0,2.0,8.0,2.0,2.0,Relocation / Personal Reasons,Resigned,Hybrid,Own Vehicle,13.51,41.0,24.0,57.0,55.0,4.0,3.0,Medium,2.0,34,12.0,1.7
EMP-0875,Pradeep Reddy,EMP-0180,Female,1970-12-29,Sales,Executive,South - Chennai,LinkedIn,0.0,Experienced,2021-07-28,,240,225.0,5.0,7.0,3.0,7.0,Not Applicable(Active Employee),Active,Hybrid,Company Cab,4.12,30.0,26.0,66.0,69.0,8.0,2.0,High,3.0,56,15.0,5.1
EMP-0876,Pooja Nair,DIR-0001,Female,1986-06-13,Sales,Executive,South - Chennai,Naukri,0.0,Fresher,2022-06-21,2023-06-06,240,213.0,14.0,9.0,4.0,10.0,Involuntary - Performance,Inactive,Hybrid,Company Cab,16.32,17.0,22.0,57.0,58.0,10.0,1.0,High,6.0,40,27.0,1.0
EMP-0877,Karthik Patel,DIR-0001,Male,1984-07-16,Technology,Manager,North - Delhi,Walk-In,0.0,Experienced,2022-10-10,,240,227.0,3.0,10.0,0.0,7.0,Not Applicable(Active Employee),Active,Hybrid,Company Cab,16.32,81.0,29.0,0.76,74.0,10.0,5.0,Medium,3.0,42,13.0,3.9
EMP-0878,Sanjay Rao,DIR-0001,Male,1990-08-17,Technology,Manager,North - Delhi,LinkedIn,0.0,Experienced,2024-05-28,2025-06-14,240,229.0,2.0,7.0,2.0,5.0,Involuntary - Performance,Resigned,Work From Home,Company Cab,19.64,59.0,44.0,49.0,55.0,4.0,5.0,High,4.0,36,11.0,1.0
EMP-0879,Vikram Reddy,EMP-0010,Male,1975-05-24,Human Resources,Executive,South - Bangalore,LinkedIn,0.0,Fresher,2021-12-01,2021-07-19,240,213.0,11.0,4.0,12.0,15.0,Better Compensation & Benefits,Inactive,Hybrid,Company Cab,4.16,76.0,22.0,70.0,74.0,7.0,2.0,Medium,3.0,51,27.0,0.0
EMP-0880,Arun Singh,EMP-0320,Male,1970-01-01,Operations,Executive,West - Mumbai,LinkedIn,0.0,Fresher,2020-08-01,,240,231.0,2.0,6.0,1.0,5.0,Not Applicable(Active Employee),Active,Hybrid,Own Vehicle,8.94,53.0,19.0,74.0,78.0,8.0,4.0,High,2.0,56,9.0,6.1
EMP-0881,Meera Patel,EMP-0050,Female,1968-05-09,Technology,Executive,South - Chennai,Naukri,0.0,Experienced,2019-01-21,,240,222.0,6.0,10.0,2.0,4.0,Not Applicable(Active Employee),Active,Work From Home,Own Vehicle,16.32,67.0,17.0,67.0,65.0,5.0,4.0,Medium,2.0,58,18.0,7.7
EMP-0882,Pooja Iyer,EMP-0350,Male,1998-04-22,Operations,Team Lead,South - Bangalore,Company Career Site,0.0,Experienced,2019-03-07,,240,226.0,5.0,6.0,3.0,4.0,Not Applicable(Active Employee),Active,Hybrid,Company Cab,19.96,12.0,17.0,47.0,50.0,6.0,3.0,Medium,4.0,28,14.0,7.5
EMP-0883,Vikram Nair,EMP-0300,Male,2001-06-17,Operations,Senior Executive,East - Kolkata,Walk-In,0.0,Experienced,2022-12-14,,240,209.0,14.0,10.0,7.0,7.0,Not Applicable(Active Employee),Active,Onsite,Own Vehicle,16.32,95.0,1.0,68.0,69.0,10.0,2.0,Medium,5.0,25,31.0,3.8
EMP-0884,Ananya Singh,EMP-0010,Female,1985-10-17,Human Resources,Executive,East - Kolkata,Employee Referral,2500.0,Fresher,2019-07-27,2021-10-30,240,231.0,2.0,7.0,0.0,4.0,Involuntary - Performance,Terminated,Onsite,Company Cab,6.05,79.0,3.0,61.0,59.0,4.0,3.0,Medium,2.0,41,9.0,2.3
EMP-0885,Ananya Patel,EMP-0075,Female,1968-05-09,Technology,Assistant Manager,North - Delhi,Company Career Site,0.0,Experienced,2019-06-22,,240,216.0,14.0,6.0,4.0,13.0,Not Applicable(Active Employee),Active,Onsite,Company Cab,23.1,11.0,29.0,57.0,64.0,4.0,1.0,High,3.0,58,24.0,7.2
EMP-0886,Priya Iyer,EMP-0050,Female,1974-02-14,Technology,Executive,South - Bangalore,Naukri,0.0,Fresher,2020-08-25,,240,225.0,5.0,10.0,3.0,5.0,Not Applicable(Active Employee),Active,Work From Home,Company Cab,7.87,96.0,32.0,75.0,75.0,9.0,3.0,High,3.0,52,18.0,6.1
EMP-0887,Manoj Reddy,EMP-0160,Male,1988-10-28,Sales,Executive,North - Delhi,Campus Drive,6250.0,Fresher,2021-08-09,2022-10-12,240,232.0,2.0,5.0,1.0,7.0,Involuntary - Restructuring,Inactive,Work From Home,Company Cab,19.49,53.0,35.0,66.0,70.0,6.0,3.0,High,5.0,38,8.0,1.2
EMP-0888,Vikram Patel,EMP-0160,Male,1971-09-14,Sales,Executive,North - Delhi,Employee Referral,2500.0,Fresher,2021-05-24,,240,230.0,5.0,4.0,1.0,5.0,Not Applicable(Active Employee),Active,Onsite,Company Cab,9.34,11.0,17.0,47.0,57.0,6.0,4.0,Medium,3.0,55,10.0,5.3
EMP-0889,Arun Singh,EMP-0010,Male,2000-01-04,Human Resources,Executive,South - Chennai,Company Career Site,0.0,Experienced,2022-11-03,2024-12-02,240,233.0,2.0,4.0,1.0,7.0,Involuntary - Restructuring,Inactive,Hybrid,Company Cab,16.32,90.0,36.0,0.69,70.0,2.0,3.0,High,1.0,26,7.0,2.1
EMP-0890,Manoj Kumar,EMP-0025,Male,2004-10-19,Human Resources,Executive,South - Chennai,Employee Referral,2500.0,Fresher,2020-08-18,,240,217.0,11.0,7.0,5.0,17.0,Not Applicable(Active Employee),Active,Onsite,Own Vehicle,9.46,44.0,18.0,69.0,77.0,5.0,2.0,High,5.0,22,23.0,6.1
EMP-0891,Lakshmi Patel,DIR-0001,Male,1975-08-26,Technology,Manager,West - Mumbai,Walk-In,0.0,Experienced,2024-04-05,,240,229.0,2.0,8.0,1.0,7.0,Not Applicable(Active Employee),Active,Hybrid,Own Vehicle,16.32,96.0,27.0,69.0,0.75,8.0,5.0,Medium,2.0,51,11.0,2.5
EMP-0892,Anitha Nair,DIR-0001,Female,1975-12-13,Sales,Manager,West - Mumbai,Employee Referral,6250.0,Experienced,2018-08-23,2020-06-06,240,230.0,2.0,8.0,0.0,7.0,Involuntary - Performance,Inactive,Hybrid,Company Cab,24.46,39.0,39.0,51.0,55.0,5.0,3.0,High,2.0,51,10.0,1.8
EMP-0893,Meera Singh,DIR-0001,Female,2001-04-04,Sales,Manager,South - Chennai,Naukri,0.0,Experienced,2021-01-31,,240,219.0,8.0,5.0,8.0,12.0,Not Applicable(Active Employee),Active,Work From Home,Company Cab,23.84,17.0,19.0,58.0,63.0,5.0,2.0,High,2.0,25,21.0,5.6
EMP-0894,Lakshmi Sharma,EMP-0140,Female,1998-02-12,Engineering,Senior Executive,North - Delhi,Company Career Site,0.0,Fresher,2023-08-25,2025-04-19,240,209.0,11.0,10.0,10.0,19.0,Involuntary - Restructuring,Inactive,Work From Home,Own Vehicle,13.23,31.0,32.0,60.0,62.0,8.0,2.0,High,3.0,28,31.0,1.7
EMP-0895,Pooja Rao,DIR-0001,Female,1974-11-19,Operations,Manager,South - Chennai,Naukri,0.0,Experienced,2024-01-27,,240,227.0,4.0,6.0,3.0,5.0,Not Applicable(Active Employee),Active,Onsite,Own Vehicle,16.32,53.0,11.0,59.0,62.0,3.0,3.0,Medium,3.0,52,13.0,2.6
EMP-0896,Sneha Singh,EMP-0140,Female,1977-09-19,Engineering,Executive,South - Bangalore,Employee Referral,2500.0,Experienced,2023-12-05,,240,232.0,3.0,4.0,1.0,3.0,Not Applicable(Active Employee),Active,Hybrid,Company Cab,8.52,67.0,14.0,65.0,65.0,3.0,3.0,Low,2.0,49,8.0,2.8
EMP-0897,Divya Nair,EMP-0025,Male,1991-11-17,Human Resources,Executive,North - Delhi,Walk-In,0.0,Fresher,2023-09-12,,240,223.0,7.0,5.0,5.0,10.0,Not Applicable(Active Employee),Active,Onsite,Own Vehicle,12816.0,45.0,40.0,62.0,64.0,7.0,1.0,High,2.0,35,17.0,3.0
EMP-0898,Divya Reddy,EMP-0180,Male,1970-02-21,Sales,Team Lead,South - Chennai,Naukri,0.0,Experienced,2024-07-22,,240,226.0,5.0,7.0,2.0,7.0,Not Applicable(Active Employee),Active,Onsite,Company Cab,25.46,78.0,38.0,73.0,73.0,3.0,3.0,High,3.0,56,14.0,2.2
EMP-0899,Arun Rao,EMP-0280,Male,2000-02-19,Finance,Executive,North - Delhi,Recruitment Agency,6250.0,Fresher,2020-06-06,2021-01-16,240,216.0,7.0,8.0,9.0,20.0,Work-Life Balance / Burnout,Inactive,Hybrid,Own Vehicle,3.82,86.0,1.0,60.0,68.0,4.0,1.0,High,0.0,26,24.0,0.6
EMP-0900,Ananya Kumar,EMP-0025,Female,1981-10-30,Human Resources,Executive,South - Bangalore,Recruitment Agency,6250.0,Experienced,2019-11-23,,240,228.0,3.0,7.0,2.0,8.0,Not Applicable(Active Employee),Active,Hybrid,Company Cab,5.59,40.0,28.0,65.0,59.0,5.0,3.0,High,1.0,45,12.0,6.8
EMP-0901,Divya Iyer,emp-0010,Male,1968-03-17,Human Resources,Assistant Manager,North - Delhi,Naukri,0.0,Experienced,2019-11-23,,240,226.0,5.0,10.0,0.0,7.0,Not Applicable(Active Employee),Active,Onsite,Company Cab,16.32,52.0,22.0,70.0,75.0,7.0,3.0,Medium,4.0,58,15.0,6.8
EMP-0902,Priya Rao,EMP-0260,Male,2002-05-30,Finance,Executive,South - Chennai,LinkedIn,0.0,Experienced,2020-01-22,,240,214.0,8.0,10.0,8.0,21.0,Not Applicable(Active Employee),Active,Hybrid,Company Cab,4.15,64.0,9.0,63.0,67.0,5.0,2.0,High,1.0,24,26.0,6.7
EMP-0903,Meera Joshi,EMP-0025,Female,1984-10-21,Human Resources,Team Lead,West - Mumbai,LinkedIn,0.0,Experienced,2021-05-13,,240,229.0,6.0,4.0,1.0,6.0,Not Applicable(Active Employee),Active,Hybrid,Company Cab,7.95,89.0,1.0,61.0,65.0,5.0,3.0,Medium,2.0,42,11.0,5.4
EMP-0904,Pooja Patel,EMP-0100,Female,1968-09-19,Technology,Executive,North - Delhi,Recruitment Agency,6250.0,Fresher,2020-10-28,,240,232.0,3.0,4.0,1.0,6.0,Not Applicable(Active Employee),Active,Onsite,Company Cab,17.78,71.0,10.0,59.0,63.0,6.0,3.0,Medium,4.0,58,8.0,5.9
EMP-0905,Suresh Sharma,EMP-0075,Male,1968-05-09,Technology,Executive,South - Bangalore,LinkedIn,0.0,Fresher,2019-11-26,2020-07-21,240,216.0,12.0,8.0,4.0,18.0,Better Compensation & Benefits,Resigned,Hybrid,Company Cab,13.82,39.0,12.0,58.0,66.0,2.0,2.0,High,3.0,58,24.0,0.7
EMP-0906,Suresh Joshi,DIR-0001,Male,1968-05-09,Technology,Manager,North - Delhi,Campus Drive,6250.0,Experienced,2024-05-22,,240,229.0,4.0,6.0,1.0,1.0,Not Applicable(Active Employee),Active,Onsite,Own Vehicle,25.37,64.0,9.0,70.0,72.0,7.0,4.0,Medium,2.0,58,11.0,2.3
EMP-0907,Sneha Reddy,DIR-0001,Female,1998-07-02,Sales,Manager,South - Bangalore,Naukri,0.0,Experienced,2018-02-25,,240,207.0,12.0,10.0,11.0,16.0,Not Applicable(Active Employee),Active,Onsite,Company Cab,16.32,25.0,13.0,56.0,60.0,4.0,2.0,High,1.0,28,33.0,8.6
EMP-0908,Suresh Iyer,EMP-0010,Male,1972-01-05,Human Resources,Assistant Manager,North - Delhi,Naukri,0.0,Experienced,2022-12-22,,240,229.0,6.0,5.0,0.0,8.0,Not Applicable(Active Employee),Active,Onsite,Company Cab,11.87,21.0,17.0,58.0,52.0,1.0,3.0,High,3.0,54,11.0,3.7
EMP-0909,Divya Rao,EMP-0010,Female,1969-12-22,Human Resources,Executive,South - Bangalore,Walk-In,0.0,Fresher,2020-12-10,2021-05-26,240,227.0,2.0,10.0,1.0,2.0,Involuntary - Restructuring,Inactive,Hybrid,Own Vehicle,9.86,26.0,8.0,48.0,50.0,4.0,3.0,Low,1.0,57,13.0,0.5
EMP-0910,Sneha Singh,EMP-0100,Female,2004-08-02,Technology,Assistant Manager,West - Mumbai,Naukri,0.0,Experienced,2022-10-29,,240,233.0,2.0,4.0,1.0,3.0,Not Applicable(Active Employee),Active,Hybrid,Own Vehicle,12.8,25.0,38.0,60.0,67.0,4.0,4.0,High,3.0,22,7.0,3.9
EMP-0911,Pradeep Reddy,DIR-0001,Male,1996-12-02,Human Resources,Manager,South - Bangalore,Naukri,0.0,Experienced,2021-03-13,2021-10-12,240,224.0,3.0,10.0,3.0,6.0,Better Career Growth,Inactive,Onsite,Own Vehicle,16.32,52.0,22.0,54.0,0.5,8.0,3.0,High,5.0,30,16.0,0.6
EMP-0912,Pooja Patel,EMP-0320,Female,1992-04-19,Operations,Team Lead,South - Bangalore,Employee Referral,5000.0,Experienced,2018-12-12,,240,217.0,7.0,8.0,8.0,22.0,Not Applicable(Active Employee),Active,Onsite,Own Vehicle,10.07,17.0,2.0,47.0,50.0,5.0,2.0,High,2.0,34,23.0,7.8
EMP-0913,Rajesh Venkatesh,DIR-0001,Male,1973-02-06,Technology,Manager,South - Chennai,Recruitment Agency,0.0,Experienced,2020-02-04,,240,225.0,5.0,7.0,3.0,7.0,Not Applicable(Active Employee),Active,Hybrid,Company Cab,16.32,93.0,19.0,0.79,79.0,7.0,1.0,High,3.0,53,15.0,6.6
EMP-0914,Anitha Rao,EMP-0160,Female,1983-12-30,Sales,Assistant Manager,East - Kolkata,Employee Referral,5000.0,Experienced,2021-05-05,,240,234.0,2.0,4.0,0.0,4.0,Not Applicable(Active Employee),Active,Onsite,Company Cab,13.53,12.0,5.0,40.0,50.0,6.0,3.0,Low,1.0,43,6.0,5.4
EMP-0915,Ramesh Venkatesh,EMP-0025,Male,1986-01-14,Human Resources,Executive,South - Chennai,Walk-In,0.0,Fresher,2020-06-29,,240,211.0,13.0,10.0,6.0,9.0,Not Applicable(Active Employee),Active,Work From Home,Own Vehicle,17.03,25.0,26.0,61.0,60.0,4.0,2.0,High,1.0,40,29.0,6.2
EMP-0916,Kavitha Venkatesh,EMP-0140,Female,1968-05-09,Engineering,Team Lead,West - Mumbai,Campus Drive,6250.0,Experienced,2022-09-16,,240,232.0,5.0,4.0,0.0,8.0,Not Applicable(Active Employee),Active,Hybrid,Company Cab,14.19,39.0,1.0,48.0,50.0,8.0,5.0,Low,3.0,58,9.0,4.0
EMP-0917,Arun Singh,EMP-0280,Male,1977-11-15,Finance,Team Lead,South - Bangalore,Company Career Site,0.0,Experienced,2023-06-14,,240,230.0,2.0,5.0,3.0,7.0,Not Applicable(Active Employee),Active,Onsite,Company Cab,10.71,32.0,28.0,61.0,65.0,5.0,4.0,Medium,3.0,49,10.0,3.3
EMP-0918,Rajesh Rao,EMP-0010,Male,1980-06-28,Human Resources,Assistant Manager,South - Chennai,Recruitment Agency,6250.0,Experienced,2022-06-28,2022-12-17,240,213.0,13.0,4.0,10.0,18.0,Relocation / Personal Reasons,Inactive,Onsite,Company Cab,26.74,14.0,37.0,50.0,52.0,9.0,1.0,High,3.0,46,27.0,0.5
EMP-0919,Sneha Venkatesh,DIR-0001,Female,1971-08-01,Human Resources,Manager,South - Chennai,Recruitment Agency,6250.0,Experienced,2022-11-21,,240,228.0,5.0,5.0,2.0,7.0,Not Applicable(Active Employee),Active,Work From Home,Own Vehicle,16.32,93.0,2.0,81.0,88.0,2.0,3.0,Medium,3.0,55,12.0,3.8
EMP-0920,Anitha Iyer,EMP-0025,Female,2002-06-06,Human Resources,Team Lead,North - Delhi,Naukri,0.0,Experienced,2023-11-24,,240,218.0,8.0,6.0,8.0,15.0,Not Applicable(Active Employee),Active,Hybrid,Own Vehicle,6.93,74.0,15.0,67.0,74.0,1.0,2.0,High,1.0,24,22.0,2.8
EMP-0921,Priya Kumar,EMP-0140,Male,1972-07-26,Engineering,Executive,South - Chennai,Campus Drive,6250.0,Experienced,2024-06-02,,240,232.0,3.0,4.0,1.0,5.0,Not Applicable(Active Employee),Active,Work From Home,Company Cab,16.32,39.0,29.0,73.0,82.0,6.0,5.0,Medium,3.0,54,8.0,2.3
EMP-0922,Priya Nair,EMP-0050,Female,2006-02-24,Technology,Team Lead,West - Mumbai,Recruitment Agency,6250.0,Experienced,2021-01-16,2022-11-01,240,225.0,5.0,7.0,3.0,1.0,Work-Life Balance / Burnout,Inactive,Hybrid,Own Vehicle,15.44,30.0,39.0,59.0,62.0,3.0,4.0,High,3.0,20,15.0,1.8
EMP-0923,Arun Reddy,EMP-0075,Male,1972-04-01,Technology,Senior Executive,North - Delhi,Recruitment Agency,6250.0,Fresher,2019-01-04,2020-01-20,240,217.0,7.0,6.0,10.0,10.0,Involuntary - Performance,Inactive,Hybrid,Company Cab,25.42,93.0,1.0,63.0,72.0,5.0,1.0,High,3.0,54,23.0,1.0
EMP-0924,Divya Venkatesh,EMP-0075,Female,1996-04-19,Technology,Executive,South - Chennai,Naukri,0.0,Fresher,2020-11-26,2022-09-30,240,211.0,12.0,5.0,12.0,11.0,Involuntary - Performance,Terminated,Hybrid,Company Cab,23.1,79.0,16.0,73.0,71.0,5.0,2.0,High,2.0,30,29.0,1.8
EMP-0925,Pooja Rao,EMP-0075,Male,2002-08-08,Technology,Assistant Manager,South - Bangalore,Naukri,0.0,Experienced,2020-03-30,,240,224.0,6.0,10.0,0.0,7.0,Not Applicable(Active Employee),Active,Onsite,Public Transport,16.32,31.0,40.0,62.0,65.0,3.0,3.0,High,1.0,24,16.0,6.5
EMP-0926,Karthik Kumar,EMP-0075,Male,1996-07-01,Technology,Assistant Manager,West - Mumbai,Recruitment Agency,6250.0,Experienced,2021-03-24,,240,226.0,4.0,7.0,3.0,6.0,Not Applicable(Active Employee),Active,Hybrid,Own Vehicle,16.32,91.0,22.0,75.0,83.0,6.0,3.0,Medium,3.0,30,14.0,5.5
EMP-0927,Deepa Joshi,EMP-0075,Female,1997-11-21,Technology,Assistant Manager,South - Chennai,LinkedIn,0.0,Experienced,2023-03-16,,240,210.0,14.0,6.0,10.0,12.0,Not Applicable(Active Employee),Active,Onsite,Company Cab,10.08,81.0,34.0,66.0,71.0,4.0,2.0,Medium,0.0,29,30.0,3.5
EMP-0928,Ananya Nair,EMP-0350,Female,1968-10-16,Operations,Assistant Manager,South - Bangalore,Recruitment Agency,6250.0,Experienced,2023-05-07,,240,231.0,3.0,4.0,2.0,4.0,Not Applicable(Active Employee),Active,Work From Home,Own Vehicle,16.77,41.0,42.0,66.0,70.0,5.0,4.0,Medium,3.0,58,9.0,3.4
EMP-0929,Meera Venkatesh,EMP-0050,Male,1988-02-19,Technology,Executive,North - Delhi,Recruitment Agency,6250.0,Fresher,2020-05-03,,240,226.0,2.0,10.0,2.0,1.0,Not Applicable(Active Employee),Active,Onsite,Company Cab,19.02,42.0,0.0,67.0,72.0,6.0,4.0,Low,3.0,38,14.0,6.4
EMP-0930,Vikram Reddy,EMP-0050,Male,2001-10-04,Technology,Senior Executive,South - Chennai,LinkedIn,0.0,Experienced,2018-07-04,2021-04-28,240,225.0,5.0,8.0,2.0,4.0,Relocation / Personal Reasons,Inactive,Hybrid,Own Vehicle,9.82,25.0,44.0,51.0,50.0,3.0,3.0,High,4.0,25,15.0,2.8
EMP-0931,Arun Rao,EMP-0320,Male,1999-08-10,Operations,Executive,South - Chennai,Company Career Site,0.0,Experienced,2021-10-25,,240,221.0,5.0,4.0,7.0,18.0,Not Applicable(Active Employee),Active,Onsite,Company Cab,16.32,52.0,14.0,70.0,0.67,6.0,1.0,High,3.0,27,16.0,4.9
EMP-0932,Ramesh Kumar,DIR-0001,Male,1995-08-25,Technology,Manager,South - Bangalore,Walk-In,0.0,Experienced,2018-12-21,,240,231.0,3.0,6.0,0.0,4.0,Not Applicable(Active Employee),Active,Hybrid,Own Vehicle,23.96,47.0,25.0,67.0,78.0,5.0,3.0,Medium,3.0,31,9.0,7.7
EMP-0933,Pooja Rao,EMP-0075,Male,2001-02-05,Technology,Executive,South - Chennai,LinkedIn,0.0,Fresher,2024-05-01,,240,221.0,6.0,10.0,3.0,6.0,Not Applicable(Active Employee),Active,Work From Home,Own Vehicle,27.62,23.0,36.0,61.0,63.0,3.0,4.0,High,3.0,25,19.0,2.4
EMP-0934,Karthik Kumar,EMP-0075,Male,1995-10-20,Technology,Executive,South - Chennai,Naukri,0.0,Fresher,2018-06-18,,240,220.0,8.0,5.0,7.0,17.0,Not Applicable(Active Employee),Active,Onsite,Company Cab,16.38,45.0,20.0,64.0,66.0,9.0,2.0,High,3.0,31,20.0,8.3
EMP-0935,Vijay Singh,EMP-0200,Male,1984-10-19,Sales,Senior Executive,West - Mumbai,Walk-In,0.0,Experienced,2022-12-29,,240,224.0,4.0,10.0,2.0,1.0,Not Applicable(Active Employee),Active,Work From Home,Company Cab,7.71,32.0,30.0,62.0,59.0,10.0,3.0,Medium,2.0,42,16.0,3.7
EMP-0936,Sanjay Patel,EMP-0320,Male,1974-10-20,Operations,Team Lead,North - Delhi,Company Career Site,0.0,Experienced,2023-07-26,,240,227.0,4.0,8.0,1.0,4.0,Not Applicable(Active Employee),Active,Onsite,Own Vehicle,10.17,75.0,24.0,72.0,68.0,8.0,3.0,High,2.0,52,13.0,3.2
EMP-0937,Vikram Kumar,EMP-0200,Male,1969-09-13,Sales,Senior Executive,South - Chennai,Naukri,0.0,Experienced,2021-10-05,2023-05-11,240,211.0,13.0,8.0,8.0,7.0,Involuntary - Restructuring,Inactive,Onsite,Company Cab,16.32,94.0,22.0,0.77,80.0,9.0,1.0,High,1.0,57,29.0,1.6
EMP-0938,Sneha Joshi,EMP-0120,Female,1994-10-29,Engineering,Assistant Manager,South - Chennai,Naukri,0.0,Experienced,2024-05-24,,240,218.0,13.0,4.0,5.0,8.0,Not Applicable(Active Employee),Active,Hybrid,Company Cab,25.9,11.0,23.0,57.0,58.0,4.0,2.0,High,1.0,32,22.0,2.3
EMP-0939,Vijay Sharma,EMP-0075,Male,1982-09-29,Technology,Senior Executive,South - Chennai,Employee Referral,2500.0,Fresher,2021-04-16,2023-07-30,240,228.0,3.0,8.0,1.0,1.0,Involuntary - Performance,Inactive,Work From Home,Company Cab,7656.0,82.0,37.0,65.0,68.0,3.0,3.0,High,3.0,44,12.0,2.3
EMP-0940,Sneha Sharma,DIR-0001,Female,1996-11-13,Sales,Manager,South - Bangalore,Naukri,0.0,Experienced,2022-09-09,,240,227.0,6.0,7.0,0.0,6.0,Not Applicable(Active Employee),Active,Onsite,Own Vehicle,17.62,74.0,27.0,70.0,73.0,3.0,3.0,Medium,3.0,30,13.0,4.0
EMP-0941,Manoj Reddy,EMP-0320,Male,1986-08-11,Operations,Team Lead,West - Mumbai,Recruitment Agency,6250.0,Experienced,2023-03-31,,240,215.0,9.0,10.0,6.0,13.0,Not Applicable(Active Employee),Active,Hybrid,Own Vehicle,16.32,84.0,20.0,72.0,88.0,5.0,1.0,Medium,2.0,40,25.0,3.5
EMP-0942,Ramesh Iyer,DIR-0001,Male,1978-04-10,Human Resources,Manager,South - Chennai,Employee Referral,6250.0,Experienced,2020-12-26,2021-03-02,240,225.0,3.0,10.0,2.0,1.0,Involuntary - Performance,Terminated,Work From Home,Own Vehicle,17.08,76.0,42.0,66.0,67.0,6.0,5.0,High,3.0,48,15.0,0.2
EMP-0943,Arun Joshi,EMP-0320,Male,1977-03-26,Operations,Assistant Manager,North - Delhi,Recruitment Agency,6250.0,Experienced,2020-07-19,,240,232.0,2.0,5.0,1.0,2.0,Not Applicable(Active Employee),Active,Onsite,Company Cab,16.32,61.0,17.0,66.0,77.0,2.0,4.0,High,5.0,49,8.0,6.2
EMP-0944,Pradeep Nair,DIR-0001,Male,1997-10-30,Human Resources,Manager,South - Bangalore,Campus Drive,6250.0,Experienced,2021-07-05,,240,222.0,6.0,10.0,2.0,2.0,Not Applicable(Active Employee),Active,Hybrid,Company Cab,23.83,71.0,35.0,74.0,85.0,2.0,4.0,High,3.0,29,18.0,5.2
EMP-0945,Arun Sharma,EMP-0050,Male,1999-03-26,Technology,Team Lead,North - Delhi,Naukri,0.0,Experienced,2022-05-20,,240,224.0,4.0,9.0,3.0,2.0,Not Applicable(Active Employee),Active,Onsite,Company Cab,8.56,32.0,34.0,63.0,69.0,5.0,3.0,High,3.0,27,16.0,4.3
EMP-0946,Ananya Sharma,DIR-0001,Female,1985-02-10,Technology,Senior Executive,West - Mumbai,Naukri,0.0,Fresher,2018-03-07,,240,228.0,5.0,6.0,2.0,3.0,Not Applicable(Active Employee),Active,Hybrid,Company Cab,3.77,-15.0,44.0,54.0,55.0,4.0,3.0,High,4.0,41,13.0,8.5
EMP-0947,Suresh Reddy,EMP-0140,Male,1987-11-04,Engineering,Team Lead,South - Bangalore,Company Career Site,0.0,Experienced,2020-06-21,,240,213.0,8.0,9.0,10.0,20.0,Not Applicable(Active Employee),Active,Work From Home,Own Vehicle,6.85,77.0,8.0,75.0,65.0,6.0,1.0,High,3.0,39,27.0,6.2
EMP-0948,Divya Singh,EMP-0025,Male,1990-01-20,Human Resources,Senior Executive,East - Kolkata,Campus Drive,6250.0,Fresher,2022-10-17,2025-04-04,240,209.0,13.0,9.0,9.0,10.0,Relocation / Personal Reasons,Inactive,Onsite,Own Vehicle,25.55,91.0,37.0,82.0,79.0,3.0,2.0,High,5.0,36,31.0,2.5
EMP-0949,Rajesh Kumar,EMP-0160,Male,1970-03-05,Sales,Executive,North - Delhi,Recruitment Agency,6250.0,Fresher,2021-04-17,2024-05-21,240,223.0,6.0,9.0,2.0,4.0,Involuntary - Performance,Terminated,Hybrid,Own Vehicle,16.32,64.0,29.0,0.56,61.0,6.0,3.0,Low,4.0,56,17.0,3.1
EMP-0950,Kavitha Iyer,EMP-0050,Male,1973-08-19,Technology,Senior Executive,South - Bangalore,Walk-In,0.0,Fresher,2021-02-03,,240,217.0,8.0,7.0,8.0,19.0,Not Applicable(Active Employee),Active,Onsite,Company Cab,18.14,15.0,43.0,55.0,62.0,4.0,2.0,High,2.0,53,23.0,5.6
EMP-0951,Arun Kumar,EMP-0025,Male,1992-08-14,Human Resources,Assistant Manager,North - Delhi,Company Career Site,0.0,Experienced,2022-03-17,2024-05-04,240,225.0,5.0,7.0,3.0,7.0,Work-Life Balance / Burnout,Inactive,Work From Home,Own Vehicle,16.32,44.0,22.0,57.0,0.68,6.0,4.0,Medium,3.0,34,15.0,2.1
EMP-0952,Ramesh Nair,DIR-0001,Male,1971-07-04,Technology,Manager,West - Mumbai,Recruitment Agency,6250.0,Experienced,2020-11-16,,240,230.0,4.0,5.0,1.0,1.0,Not Applicable(Active Employee),Active,Onsite,Company Cab,19.79,31.0,31.0,64.0,62.0,2.0,3.0,High,3.0,55,10.0,5.8
EMP-0953,Sneha Nair,EMP-0140,Female,1981-12-21,Engineering,Senior Executive,North - Delhi,Recruitment Agency,6250.0,Fresher,2022-05-08,,240,214.0,12.0,10.0,4.0,10.0,Not Applicable(Active Employee),Active,Onsite,Company Cab,9360.0,52.0,2.0,62.0,68.0,4.0,2.0,High,3.0,45,26.0,4.4
EMP-0954,Karthik Iyer,EMP-0025,Male,1978-12-26,Human Resources,Assistant Manager,North - Delhi,Naukri,0.0,Experienced,2018-10-03,2019-05-29,240,227.0,6.0,6.0,1.0,2.0,Relocation / Personal Reasons,Inactive,Onsite,Company Cab,25.9,24.0,2.0,46.0,50.0,4.0,3.0,Low,2.0,48,13.0,0.7
EMP-0955,Divya Iyer,EMP-0050,Female,1979-03-03,Technology,Executive,East - Kolkata,Employee Referral,2500.0,Fresher,2023-10-21,,240,213.0,13.0,5.0,9.0,7.0,Not Applicable(Active Employee),Active,Onsite,Company Cab,16.32,95.0,27.0,66.0,66.0,5.0,1.0,High,2.0,47,27.0,2.9
EMP-0956,Ananya Sharma,EMP-0010,Male,1988-09-02,Human Resources,Executive,South - Bangalore,Campus Drive,6250.0,Fresher,2018-09-02,2019-10-08,240,231.0,2.0,5.0,2.0,6.0,Relocation / Personal Reasons,Resigned,Onsite,Public Transport,12.89,69.0,43.0,68.0,74.0,7.0,3.0,High,3.0,38,9.0,1.1
EMP-0957,Rajesh Sharma,EMP-0075,Male,2003-01-17,Technology,Team Lead,North - Delhi,Company Career Site,0.0,Experienced,2018-02-15,,240,228.0,3.0,9.0,0.0,6.0,Not Applicable(Active Employee),Active,Onsite,Own Vehicle,16.21,21.0,14.0,56.0,55.0,3.0,3.0,Medium,1.0,23,12.0,8.6
EMP-0958,Lakshmi Singh,EMP-0010,Female,1984-02-17,Human Resources,Senior Executive,South - Bangalore,Campus Drive,6250.0,Fresher,2023-02-05,,240,229.0,5.0,4.0,2.0,4.0,Not Applicable(Active Employee),Active,Hybrid,Company Cab,4.65,58.0,40.0,51.0,50.0,1.0,3.0,High,3.0,42,11.0,3.6
EMP-0959,Kavitha Rao,EMP-0025,Male,1989-02-11,Human Resources,Executive,South - Bangalore,Employee Referral,2500.0,Experienced,2021-04-03,,240,228.0,3.0,9.0,0.0,6.0,Not Applicable(Active Employee),Active,Onsite,Own Vehicle,7.57,51.0,22.0,81.0,89.0,3.0,4.0,High,2.0,37,12.0,5.5
EMP-0960,Pradeep Singh,DIR-0001,Male,1995-05-03,Technology,Manager,West - Mumbai,Naukri,0.0,Experienced,2022-10-21,,240,226.0,4.0,10.0,0.0,1.0,Not Applicable(Active Employee),Active,Work From Home,Own Vehicle,21.58,47.0,39.0,63.0,68.0,5.0,3.0,High,4.0,31,14.0,3.9
EMP-0961,Deepa Kumar,EMP-0200,Female,2004-10-06,Sales,Executive,South - Bangalore,Campus Drive,6250.0,Experienced,2020-10-12,,240,228.0,5.0,7.0,3.0,7.0,Not Applicable(Active Employee),Active,Hybrid,Company Cab,16.32,52.0,10.0,63.0,67.0,5.0,4.0,Low,3.0,22,15.0,5.9
EMP-0962,Kavitha Kumar,EMP-0075,Female,1968-05-09,Technology,Executive,South - Bangalore,Company Career Site,0.0,Fresher,2020-10-03,,240,227.0,3.0,7.0,3.0,7.0,Not Applicable(Active Employee),Active,Onsite,Own Vehicle,18.28,54.0,31.0,73.0,73.0,1.0,4.0,High,3.0,58,13.0,6.0
EMP-0963,Pooja Joshi,EMP-0050,Male,2006-04-23,Technology,Executive,South - Bangalore,Employee Referral,2500.0,Fresher,2022-12-08,2025-09-27,240,225.0,4.0,8.0,3.0,2.0,Work-Life Balance / Burnout,Inactive,Hybrid,Own Vehicle,9.51,44.0,35.0,57.0,66.0,6.0,4.0,High,4.0,20,15.0,2.8
EMP-0964,Meera Singh,EMP-0300,Male,1981-06-19,Operations,Executive,South - Bangalore,Employee Referral,2500.0,Fresher,2024-02-23,2025-06-27,240,210.0,13.0,10.0,7.0,10.0,Work-Life Balance / Burnout,Inactive,Onsite,Public Transport,13.04,39.0,32.0,62.0,65.0,4.0,1.0,High,4.0,45,30.0,1.3
EMP-0965,Ananya Joshi,EMP-0010,Female,1992-10-18,Human Resources,Senior Executive,North - Delhi,LinkedIn,0.0,Experienced,2023-05-02,2023-08-03,240,219.0,13.0,4.0,4.0,12.0,Involuntary - Restructuring,Inactive,Onsite,Company Cab,10.57,97.0,23.0,70.0,85.0,6.0,1.0,High,3.0,34,21.0,0.3
EMP-0966,Rajesh Joshi,EMP-0100,Male,1988-10-18,Technology,Executive,South - Chennai,Naukri,0.0,Fresher,2023-09-13,,240,220.0,6.0,6.0,8.0,9.0,Not Applicable(Active Employee),Active,Onsite,Company Cab,12.21,39.0,38.0,54.0,57.0,6.0,2.0,High,2.0,38,20.0,3.0
EMP-0967,Ananya Sharma,EMP-0120,Male,1984-10-29,Engineering,Senior Executive,South - Chennai,Campus Drive,6250.0,Fresher,2023-08-20,2023-12-05,240,231.0,2.0,6.0,1.0,7.0,Better Compensation & Benefits,Inactive,Onsite,Company Cab,16.32,87.0,33.0,75.0,67.0,7.0,3.0,High,1.0,42,9.0,0.3
EMP-0968,Meera Nair,EMP-0025,Female,1971-03-24,Human Resources,Team Lead,North - Delhi,Campus Drive,6250.0,Experienced,2023-04-13,,240,218.0,8.0,9.0,5.0,16.0,Not Applicable(Active Employee),Active,Onsite,Company Cab,10.78,15.0,27.0,47.0,50.0,5.0,2.0,High,5.0,55,22.0,3.4
EMP-0969,Sanjay Reddy,EMP-0260,Male,1989-01-18,Finance,Assistant Manager,South - Bangalore,LinkedIn,0.0,Experienced,2021-01-06,,240,216.0,7.0,6.0,11.0,19.0,Not Applicable(Active Employee),Active,Onsite,Company Cab,17.38,76.0,36.0,64.0,65.0,3.0,1.0,High,2.0,37,24.0,5.7
EMP-0970,Meera Sharma,EMP-0100,Female,1976-07-03,Technology,Assistant Manager,West - Mumbai,Recruitment Agency,6250.0,Experienced,2023-08-26,,240,221.0,6.0,7.0,6.0,17.0,Not Applicable(Active Employee),Active,Work From Home,Own Vehicle,15.16,89.0,6.0,64.0,70.0,4.0,1.0,High,2.0,50,19.0,3.1
EMP-0971,Lakshmi Singh,DIR-0001,Female,1968-05-09,Marketing,Manager,South - Bangalore,Company Career Site,0.0,Experienced,2021-07-13,2023-05-23,240,230.0,5.0,5.0,0.0,2.0,Involuntary - Restructuring,Inactive,Onsite,Own Vehicle,16.32,16.0,3.0,51.0,0.6,4.0,4.0,Low,5.0,58,10.0,1.9
EMP-0972,Deepa Nair,EMP-0160,Female,2000-07-15,Sales,Assistant Manager,North - Delhi,LinkedIn,0.0,Experienced,2019-07-24,,240,217.0,11.0,5.0,7.0,14.0,Not Applicable(Active Employee),Active,Onsite,Own Vehicle,26.45,61.0,36.0,68.0,67.0,1.0,1.0,High,4.0,26,23.0,7.2
EMP-0973,Priya Sharma,DIR-0001,Male,1986-08-26,Technology,Manager,West - Mumbai,Employee Referral,0.0,Experienced,2024-04-16,,240,205.0,14.0,9.0,12.0,7.0,Not Applicable(Active Employee),Active,Onsite,Own Vehicle,16.32,23.0,0.0,0.61,74.0,5.0,2.0,High,3.0,40,35.0,2.4
EMP-0974,Priya Joshi,EMP-0260,Male,1984-09-26,Finance,Senior Executive,South - Bangalore,LinkedIn,0.0,Experienced,2022-07-03,,240,217.0,10.0,6.0,7.0,9.0,Not Applicable(Active Employee),Active,Onsite,Company Cab,8.77,82.0,0.0,77.0,89.0,1.0,2.0,Medium,3.0,42,23.0,4.2
EMP-0975,Manoj Rao,EMP-0025,Male,1996-10-02,Human Resources,Executive,West - Mumbai,Recruitment Agency,6250.0,Experienced,2022-05-20,2024-10-19,240,228.0,2.0,7.0,3.0,3.0,Better Career Growth,Inactive,Work From Home,Company Cab,4.26,24.0,19.0,66.0,70.0,7.0,3.0,Medium,3.0,30,12.0,2.4
EMP-0976,Pradeep Nair,EMP-0010,Male,1969-09-28,Human Resources,Executive,South - Bangalore,LinkedIn,0.0,Fresher,2024-06-24,,240,232.0,5.0,6.0,0.0,7.0,Not Applicable(Active Employee),Active,Onsite,Company Cab,16.32,30.0,22.0,62.0,67.0,5.0,3.0,Low,2.0,57,11.0,2.2
EMP-0977,Vikram Singh,EMP-0120,Male,1993-05-15,Engineering,Assistant Manager,South - Chennai,Employee Referral,0.0,Experienced,2024-07-04,2024-11-23,240,229.0,2.0,6.0,3.0,4.0,Better Career Growth,Inactive,Hybrid,Company Cab,18.08,44.0,28.0,75.0,83.0,8.0,4.0,Medium,2.0,33,11.0,0.4
EMP-0978,Kavitha Singh,EMP-0180,Female,1987-07-28,Sales,Executive,North - Delhi,Naukri,0.0,Experienced,2023-03-07,,240,233.0,2.0,4.0,1.0,3.0,Not Applicable(Active Employee),Active,Hybrid,Company Cab,4.76,75.0,9.0,68.0,80.0,4.0,3.0,Medium,3.0,39,7.0,3.5
EMP-0979,Vikram Kumar,EMP-0025,Male,2001-09-17,Human Resources,Team Lead,South - Bangalore,LinkedIn,0.0,Experienced,2021-08-15,2023-02-03,240,215.0,10.0,4.0,11.0,21.0,Better Compensation & Benefits,Inactive,Onsite,Company Cab,16.32,11.0,17.0,53.0,59.0,5.0,2.0,High,3.0,25,25.0,1.5
EMP-0980,Divya Joshi,DIR-0001,Female,1989-12-01,Sales,Manager,West - Mumbai,Recruitment Agency,6250.0,Experienced,2019-01-06,,240,217.0,7.0,6.0,10.0,15.0,Not Applicable(Active Employee),Active,Onsite,Own Vehicle,18.12,44.0,27.0,68.0,72.0,6.0,1.0,High,3.0,37,23.0,7.7
EMP-0981,Arun Venkatesh,DIR-0001,Male,1997-03-13,Sales,Assistant Manager,West - Mumbai,Naukri,0.0,Experienced,2021-06-15,,240,210.0,13.0,9.0,8.0,9.0,Not Applicable(Active Employee),Active,Hybrid,Company Cab,16.32,52.0,34.0,62.0,65.0,8.0,1.0,High,3.0,29,30.0,5.3
EMP-0982,Vijay Sharma,EMP-0075,Male,2000-12-31,Technology,Executive,North - Delhi,Campus Drive,6250.0,Fresher,2021-10-04,2024-09-06,240,213.0,14.0,7.0,6.0,13.0,Involuntary - Restructuring,Inactive,Onsite,Own Vehicle,22.39,87.0,42.0,79.0,85.0,7.0,2.0,High,3.0,26,27.0,2.9
EMP-0983,Vikram Sharma,EMP-0025,Male,1969-07-19,Human Resources,Executive,South - Bangalore,Company Career Site,0.0,Experienced,2018-12-23,2020-11-01,240,216.0,12.0,6.0,6.0,15.0,Involuntary - Restructuring,Terminated,Onsite,Company Cab,6.11,29.0,30.0,66.0,73.0,4.0,1.0,High,3.0,57,24.0,1.9
EMP-0984,Pradeep Reddy,EMP-0075,Male,1998-05-05,Technology,Executive,West - Mumbai,Naukri,0.0,Fresher,2019-04-08,,240,229.0,2.0,6.0,3.0,8.0,Not Applicable(Active Employee),Active,Hybrid,Company Cab,5.34,91.0,26.0,81.0,77.0,4.0,3.0,Medium,5.0,28,11.0,7.5
EMP-0985,Vijay Kumar,DIR-0001,Male,1996-12-12,Marketing,Manager,South - Chennai,Recruitment Agency,6250.0,Experienced,2022-09-11,,240,217.0,10.0,5.0,8.0,17.0,Not Applicable(Active Employee),Active,Hybrid,Own Vehicle,16.32,19.0,10.0,0.54,58.0,2.0,1.0,High,2.0,30,23.0,4.0
EMP-0986,Deepa Rao,EMP-0010,Male,1988-06-06,Human Resources,Team Lead,South - Bangalore,LinkedIn,0.0,Experienced,2018-09-18,,240,233.0,2.0,5.0,0.0,2.0,Not Applicable(Active Employee),Active,Onsite,Company Cab,15.64,34.0,37.0,55.0,60.0,6.0,4.0,High,3.0,38,7.0,8.0
EMP-0987,Priya Joshi,EMP-0280,Female,1995-01-04,Finance,Executive,South - Bangalore,Campus Drive,6250.0,Fresher,2018-01-09,,240,223.0,4.0,10.0,3.0,4.0,Not Applicable(Active Employee),Active,Work From Home,Company Cab,20.37,75.0,4.0,69.0,72.0,5.0,5.0,Low,3.0,31,17.0,8.7
EMP-0988,Lakshmi Singh,EMP-0350,Male,2005-09-30,Operations,Executive,West - Mumbai,LinkedIn,0.0,Fresher,2021-01-17,2022-08-10,240,227.0,6.0,4.0,3.0,7.0,Involuntary - Performance,Inactive,Onsite,Company Cab,14.15,34.0,7.0,49.0,55.0,5.0,3.0,Medium,3.0,21,13.0,1.6
EMP-0989,Rajesh Sharma,EMP-0120,Male,1968-05-09,Engineering,Executive,West - Mumbai,Recruitment Agency,0.0,Fresher,2018-08-11,,240,225.0,5.0,7.0,3.0,7.0,Not Applicable(Active Employee),Active,Hybrid,Company Cab,9.54,63.0,33.0,75.0,88.0,5.0,5.0,Medium,4.0,58,15.0,8.1
EMP-0990,Pooja Iyer,DIR-0001,Female,1996-11-26,Finance,Manager,South - Chennai,Walk-In,0.0,Experienced,2024-01-16,,240,222.0,6.0,9.0,3.0,4.0,Not Applicable(Active Employee),Active,Onsite,Company Cab,23.57,42.0,11.0,58.0,61.0,4.0,3.0,High,3.0,30,18.0,2.7
EMP-0991,Suresh Iyer,emp-0200,Male,1994-04-17,Sales,Assistant Manager,West - Mumbai,Company Career Site,0.0,Experienced,2018-01-23,2019-09-30,240,229.0,5.0,6.0,0.0,7.0,Involuntary - Restructuring,Terminated,Hybrid,Company Cab,16.32,52.0,37.0,60.0,65.0,7.0,3.0,High,3.0,32,11.0,1.7
EMP-0992,Deepa Venkatesh,EMP-0260,Female,1976-06-20,Finance,Assistant Manager,South - Chennai,Company Career Site,0.0,Experienced,2019-04-12,,240,214.0,6.0,8.0,12.0,20.0,Not Applicable(Active Employee),Active,Onsite,Own Vehicle,20.52,23.0,0.0,51.0,57.0,4.0,2.0,High,5.0,50,26.0,7.4
EMP-0993,Lakshmi Joshi,EMP-0300,Female,1987-02-23,Operations,Team Lead,South - Chennai,Naukri,0.0,Experienced,2018-08-01,2019-07-17,240,224.0,6.0,9.0,1.0,2.0,Relocation / Personal Reasons,Inactive,Onsite,Company Cab,10.17,74.0,30.0,75.0,86.0,6.0,4.0,Medium,4.0,39,16.0,1.0
EMP-0994,Pooja Reddy,DIR-0001,Male,1990-06-16,Human Resources,Manager,South - Bangalore,Recruitment Agency,6250.0,Experienced,2018-08-01,2022-02-08,240,216.0,13.0,5.0,6.0,11.0,Relocation / Personal Reasons,Resigned,Hybrid,Company Cab,17.96,89.0,3.0,65.0,69.0,7.0,2.0,High,4.0,36,24.0,3.5
EMP-0995,Manoj Patel,EMP-0025,Male,1985-03-03,Human Resources,Team Lead,South - Chennai,Walk-In,0.0,Experienced,2023-05-04,2025-10-24,240,232.0,3.0,5.0,0.0,7.0,Involuntary - Restructuring,Terminated,Onsite,Company Cab,14808.0,63.0,44.0,65.0,63.0,4.0,3.0,High,3.0,41,8.0,2.5
EMP-0996,Rajesh Joshi,EMP-0075,Male,1986-06-18,Technology,Executive,South - Chennai,Walk-In,0.0,Experienced,2018-06-24,,240,226.0,2.0,9.0,3.0,4.0,Not Applicable(Active Employee),Active,Work From Home,Company Cab,5.74,61.0,4.0,66.0,72.0,5.0,4.0,Low,3.0,40,14.0,8.2
EMP-0997,Ramesh Joshi,EMP-0240,Male,1993-09-07,Marketing,Team Lead,South - Bangalore,LinkedIn,0.0,Experienced,2023-10-03,,240,225.0,3.0,10.0,2.0,6.0,Not Applicable(Active Employee),Active,Hybrid,Own Vehicle,16.32,12.0,29.0,0.52,50.0,6.0,3.0,Medium,3.0,33,15.0,3.0
EMP-0998,Pooja Patel,EMP-0300,Female,1980-01-25,Operations,Team Lead,South - Chennai,Naukri,0.0,Experienced,2018-09-26,,240,231.0,2.0,4.0,3.0,7.0,Not Applicable(Active Employee),Active,Onsite,Company Cab,6.85,50.0,23.0,59.0,50.0,6.0,4.0,Low,2.0,46,9.0,8.0
EMP-0999,Sanjay Sharma,DIR-0001,Male,1985-11-07,Human Resources,Manager,West - Mumbai,Campus Drive,6250.0,Experienced,2019-11-10,,240,212.0,14.0,6.0,8.0,16.0,Not Applicable(Active Employee),Active,Onsite,Own Vehicle,26.78,15.0,2.0,58.0,62.0,4.0,2.0,High,3.0,41,28.0,6.9
EMP-1000,Ananya Kumar,EMP-0025,Female,1968-05-09,Human Resources,Assistant Manager,West - Mumbai,Recruitment Agency,6250.0,Experienced,2021-04-27,,240,225.0,5.0,10.0,0.0,7.0,Not Applicable(Active Employee),Active,Onsite,Own Vehicle,14.43,34.0,10.0,56.0,50.0,2.0,3.0,Medium,6.0,58,15.0,5.4
