Employee_ID,Employee_Name,Manager_Employee_ID,Gender,Date_Of_Birth,Mail_ID,Department,Designation,Region_Location,Source_Of_Hiring,Cost_Per_Hire,Experience_Type,Date_Of_Joining,Last_Working_Date,Total_Working_Days,Days_Present,Sick_Leaves_Taken,Casual_Leaves_Taken,Unplanned_Absences,Late_Arrival_Count,Reason_For_Leaving,Employment_Status,Work_Mode,Transportation_Type,Annual_CTC,Training_Hours,Overtime_Hours,Productivity_Score,KPI_Achievement_Rate,Engagement_Score,Satisfaction_Score,Flight_Risk_Indicator,Performance_Rating
EMP-0001,  Sanjay   Reddy ,,M,06/02/1996,,Technology,,BENGALURU,,,Fresher,2022-04-04,,240,,,,,,,Active,Hybrid,OWN VEHICLE,,,,,,2,4,,3.0
EMP-0002,pradeep rao,EMP-0100,male,1976-09-08,pradeep_rao@company.com,Technology,Executive,West - Mumbai,COMPANY CAREER SITE,0,FRESHER,05 Apr 2024,2024-10-06,240,221.0,7,4.0,8.0,11,Involuntary - Restructuring,Inactive,Hybrid,Own Vehicle,26.79,21,33,47,50,6,1,High,3.0
EMP-0003,rajesh iyer,DIR-0001,Male,27 Sep 1998,rajesh.iyer@gmail.com,Sales,MANAGER,chennai,naukri,0,EXPERIENCED,02-22-2024,,240,232.0,3,5.0,0.0,2,,Active,WFH,Own Vehicle,21.43,71,7,60,65,4,4,LOW,3.0
EMP-0004,ananya reddy,EMP-0350,female,1975-03-02,ananya_reddy@gmail.com,Operations,Assistant Manager,West - Mumbai,Naukri,0,Experienced,04-21-2022,,240,227.0,6,7.0,0.0,1,,Active,ONSITE,Company Cab,18.17,89,20,72,69,8,3,Low,4.0
EMP-0005,Karthik Iyer,EMP-0320,Male,05-02-1984,  karthik94@outlook.com ,,Senior Executive,East - Kolkata,LinkedIn,0,Experienced,08-21-2020,2022-03-03,240,221.0,7,5.0,7.0,16,Relocation / Personal Reasons,Resigned,Work From Home,Public Transport,7.32,97,33,68,73%,6,1,High,2.0
EMP-0006,kavitha rao,EMP-0010,,04-11-1979,KAVITHA.RAO@OUTLOOK.COM,Human Resources,Senior Executive,South - Bangalore,Employee Referral,2500,Experienced,22 Sep 2023,,240,219.0,6,8.0,7.0,19,,Active,Onsite,Own Vehicle,7.32,92,3,68%,71,9,1,High,3.0
EMP-0007,Pradeep Joshi,EMP-0050,M,07 Jan 2002,  pradeep24@company.com ,IT,EXECUTIVE,,LinkedIn,0,Experienced,04/03/2024,,240,212.0,14,7.0,7.0,15,,Active,ONSITE,Company Cab,4.92 LPA,17,24,56,55,3,2,High,4.0
EMP-0008,sneha joshi,EMP-0160,,2001-03-18,SNEHA.JOSHI@COMPANY.COM,Sales,Executive,BENGALURU,Naukri,0,Fresher,2022/08/01,,240,228.0,6,6.0,0.0,3,,Active,Hybrid,Company Cab,24.72,30,14,64,61,7,3,High,2.0
EMP-0009,Lakshmi Reddy,,female,21/11/1975,LAKSHMI.REDDY@OUTLOOK.COM,Sales,  Manager ,CHENNAI,LINKEDIN,0,Experienced,05/02/2019,10 May 2019,240,214.0,12,6.0,8.0,10,Involuntary - Performance,Inactive,Onsite,Own Vehicle,18.23,90,3,65,71%,4,1,high,2.0
EMP-0010,Vikram Patel,EMP-0010,Male,1989/10/04,vikram_patel@gmail.com,HR,assistant manager,South - Bangalore,Naukri,0,Experienced,2022-07-14,,240,212.0,9,10.0,9.0,9,,Active,Onsite,Company Cab,20.85,96,44,55,63,5,2,High,3.0
EMP-0011,karthik iyer,EMP-0350,,22 Jul 1978,KARTHIK.IYER@COMPANY.COM,Ops,Senior Executive,North - Delhi,Recruitment Agency,78465,Experienced,2021/02/16,,240,221.0,7,7.0,5.0,13,,Active,Hybrid,own vehicle,"INR 400,000",89,11,72%,0.76,6,1,High,2.0
EMP-0012,kavitha venkatesh,DIR-0001,female,15 Aug 1982,kavitha.venkatesh@company.com,Technology,MANAGER,North - Delhi,Naukri,0,Experienced,2018-11-02,,240,226.0,4,8.0,2.0,1,,Active,Hybrid,Public Transport,27.26,79,31,71,67,8,4,High,3.0
EMP-0013,Meera Patel,EMP-0160,Female,05-12-1998,MEERA.PATEL@COMPANY.COM,Sales & Mktg,executive,BENGALURU,Recruitment Agency,78005,Fresher,2022-05-17,,240,214.0,13,8.0,5.0,22,,Active,onsite,Own Vehicle,23.89 LPA,81,31,0.67,65%,9,1,High,4.0
EMP-0014,SANJAY REDDY,EMP-0260,female,12-09-1972,sanjay_reddy@yahoo.com,Finance,SENIOR EXECUTIVE,South - Bangalore,Company Career Site,0,Experienced,05-29-2022,28/01/2023,240,212.0,12,4.0,12.0,12,Work-Life Balance / Burnout,INACTIVE,Onsite,own vehicle,8.7,34,27,63,63,6,2,High,3.0
EMP-0015,ANITHA PATEL,EMP-0300,,20 Aug 1978,anitha.patel@outlook.com,Operations,team lead,,Employee Referral,5000,Experienced,,,240,222.0,6,10.0,2.0,4,,Active,ONSITE,Company Cab,"$9,540",91,12,66,77,7,3,medium,3.0
EMP-0016,Priya Reddy,EMP-0300,female,04/11/1984,priya.reddy@company.com,Operations,  Executive ,chennai,Recruitment Agency,83249,Experienced,2021/08/19,21 Apr 2023,240,222.0,7 days,4.0,7.0,20,Better Career Growth,Inactive,onsite,Own Vehicle,7.99,98,30,78%,80,1,1,HIGH,1.0
EMP-0017,Anitha Patel,EMP-0100,F,31 Mar 1994,anitha.patel@yahoo.com,IT,executive,South - Bangalore,Company Career Site,0,FRESHER,2018-06-21,,240,219.0,10,4.0,7.0,21,,Active,Onsite,company cab,10.95,21,13,71,72%,9,2,High,5.0
EMP-0018,MANOJ NAIR,EMP-0100,M,21/07/1987,manoj.nair@outlook.com,Technology,Executive,West - Mumbai,LinkedIn,0,Fresher,19 Apr 2024,,240,218.0,7,7.0,8.0,15,,Active,hybrid,Company Cab,16.36,24,19,47,50,Low,1,High,4.0
EMP-0019,ANITHA SINGH,EMP-0050,F,03 May 1995,anitha.singh@yahoo.com,IT,Assistant Manager,DELHI,Company Career Site,0,Experienced,08/04/2020,,240,215.0,11,5.0,9.0,13 times,,Active,ONSITE,own vehicle,14.08 LPA,68,17,65,64,7,1,High,
EMP-0020,ananya reddy,EMP-0120,Female,02/10/1984,ananya.reddy@yahoo.com,Engineering,  Assistant Manager ,BENGALURU,EMPLOYEE REFERRAL,5000,Experienced,13 May 2024,,240,226.0,3,9.0,2.0,2,,Active,Onsite,Company Cab,10.64,35,28,58,54,5,3,medium,2.0
EMP-0021,lakshmi iyer,EMP-0350,F,09-16-1976,lakshmi_iyer@company.com,Operations,team lead,South - Chennai,Campus Drive,16022,Experienced,2023/02/24,,240,224.0,6,9.0,1.0,4,,Active,ONSITE,Company Cab,"INR 1,848,999",35,5,53%,50%,8,3,Medium,3.0
EMP-0022,  Rajesh   Joshi ,EMP-0100,Male,01-26-1977,rajesh.joshi@outlook.com,Technology,team lead,West - Mumbai,Company Career Site,0,Experienced,2022/11/11,09 Sep 2023,240,227.0,3,7.0,3.0,5,Relocation / Personal Reasons,INACTIVE,onsite,company cab,6.92,56,31,72,76,5,3,High,3.0
EMP-0023,ARUN SHARMA,EMP-0350,,1999/01/19,arun.sharma@gmail.com,Operations,Team Lead,DELHI,LINKEDIN,0,Experienced,08 Dec 2023,04-20-2024,240,212.0,14,5.0,9.0,21,Better Compensation & Benefits,Inactive,Onsite,Company Cab,10.66,41,28,67,,8,2,High,2.0
EMP-0024,Vijay Rao,EMP-0100,male,1974-02-14,vijay.rao@yahoo.com,Technology,SENIOR EXECUTIVE,CHENNAI,Naukri,0,Experienced,2018/05/06,,240,225.0,6,5.0,4.0,20,,Active,Onsite,Company Cab,12.48,19,42,56,56,4,1,High,4.0
EMP-0025,  Anitha   Rao ,EMP-0140,female,27 Jul 1988,anitha.rao@gmail.com,Engineering,Senior Executive,DELHI,Employee Referral,"INR 2,500",Fresher,2022-01-26,,240,227.0,4,7.0,2.0,2,,Active,Hybrid,Company Cab,14.67 LPA,25,1,0.51,62%,6,3,Medium,3.0
EMP-0026,Pooja Kumar,DIR-0001,,31/05/1983,pooja.kumar@company.com,Human Resources,Manager,South - Bangalore,LinkedIn,0,Experienced,,,240,214.0,9,8.0,9.0,11,,Active,WFH,Company Cab,,80,,63%,71,5,2,HIGH,0.0
EMP-0027,kavitha sharma,EMP-0100,F,28/01/1995,  kavitha63@outlook.com ,Technology,  Senior Executive ,South - Chennai,LinkedIn,0,Experienced,,,240,225.0,5,7.0,3.0,3,,Active,Onsite,Company Cab,8.39,26,18,52,51,4,4,Low,3.0
EMP-0028,Ananya Singh,DIR-0001,male,1996/08/13,  ananya78@outlook.com ,IT,manager,BENGALURU,LinkedIn,0,Experienced,11-03-2022,,240,230.0,4,5.0,1.0,5,,Active,Hybrid,Own Vehicle,16.1,32,30,64,62,6,5,Low,2.0
EMP-0029,Pooja Venkatesh,EMP-0300,female,1993/12/06,  pooja48@outlook.com ,Ops,assistant manager,South - Chennai,LinkedIn,0,Experienced,09/11/2023,,240,224.0,6,7.0,3.0,6,,Active,Onsite,Company Cab,"$21,612",35,4,,65%,5,3,MEDIUM,2.0
EMP-0030,POOJA RAO,EMP-0050,female,17 Nov 1971,  pooja31@yahoo.com ,IT,executive,East - Kolkata,Walk-In,0,Fresher,2021/05/24,16/08/2023,240,229.0,3,5.0,3.0,2,Involuntary - Performance,INACTIVE,Onsite,Own Vehicle,4.64,94,18,83,95,2,3,Medium,2.0
EMP-0031,Ramesh Venkatesh,DIR-0001,female,11/12/1989,ramesh_venkatesh@yahoo.com,HR,Manager,West - Mumbai,naukri,0,Experienced,10-26-2018,,240,228.0,2 days,10.0,0.0,3,,Active,Hybrid,Company Cab,18.38 LPA,,33,62%,0.54,5,4,High,3.0
EMP-0032,Deepa Kumar,EMP-0320,F,18 Jul 2005,deepa.kumar@outlook.com,Operations,SENIOR EXECUTIVE,South - Chennai,Naukri,0,Experienced,2021-07-11,,240,224.0,3,10.0,3.0,2,,Active,Onsite,Own Vehicle,7.68,16,9,45,50,6,3,Medium,4.0
EMP-0433,Divya Reddy,EMP-0280,F,29 Sep 2000,  divya13@yahoo.com ,Finance,EXECUTIVE,North - Delhi,Walk-In,0,FRESHER,2023-02-15,,240,210.0,12,7.0,11.0,16,,active,WFH,Company Cab,5.09,23,24,57,58%,10,2,HIGH,1.0
EMP-0034,Manoj Sharma,EMP-0120,,24/01/1979,manoj_sharma@gmail.com,Engineering,  Executive ,South - Chennai,Naukri,0,Fresher,20 Jul 2019,,240,228.0,4,8.0,0.0,2,,ACTIVE,Hybrid,Company Cab,26.75,88,1,70,76,Medium,4,Low,2.0
EMP-0035,SNEHA JOSHI,EMP-0050,F,28/12/1993,SNEHA.JOSHI@OUTLOOK.COM,Technology,EXECUTIVE,South - Bangalore,Walk-In,0,Fresher,2018/11/02,,240,208.0,14,10.0,8.0,20,,Active,Hybrid,Company Cab,27.16,16,10,57,69,3,2,High,3.0
EMP-0036,PRADEEP JOSHI,,male,18/07/1994,,Engineering,Manager,BENGALURU,,,Experienced,2019/01/12,,240,230.0,4,4.0,2.0,7,,Active,wfh,Own Vehicle,23.31,18,30,62%,62,4,3,,5.0
EMP-0037,  Pooja   Rao ,EMP-0025,female,24 Mar 1968,pooja.rao@gmail.com,Human Resources,Team Lead,Bengaluru,Naukri,0,Experienced,19/07/2019,,240,230.0,3,7.0,0.0,5 times,,Active,Onsite,company cab,10.96 LPA,57,14,0.58,50%,5,3,Low,2.0
EMP-0038,sanjay reddy,EMP-0160,,18 Oct 1969,SANJAY.REDDY@YAHOO.COM,Sales & Mktg,  Senior Executive ,mumbai,Campus Drive,10434,Fresher,2023/05/10,,240,210.0,14,10.0,6.0,16,,Active,Hybrid,Own Vehicle,5.89,81,8,61,66,7,1,Medium,3.0
EMP-0039,  Kavitha   Singh ,EMP-0260,Female,1990-08-14,kavitha_singh@yahoo.com,Finance,ASSISTANT MANAGER,East - Kolkata,Campus Drive,,Experienced,08-07-2018,10-25-2020,240,,,,,,,Inactive,Hybrid,Own Vehicle,20.26,68,22,69,79,3,Low,Medium,4.0
EMP-0040,Vikram Reddy,EMP-0025,male,08 Sep 1985,vikram_reddy@outlook.com,HR,assistant manager,East - Kolkata,Recruitment Agency,69264,Experienced,2019/06/25,,240,226.0,2,10.0,2.0,4,,Active,Onsite,Company Cab,14.28,96,18,84,86,2,3,Medium,4.0
EMP-0041,PRIYA RAO,EMP-0050,F,1999-04-01,priya.rao@company.com,Technology,,chennai,Recruitment Agency,75296,Fresher,2021-04-17,,240,220.0,8,6.0,6.0,16,,Active,Onsite,Company Cab,"INR 649,000",91,8,66%,65%,6,2,high,4.0
EMP-0042,Arun Sharma,EMP-0075,male,1978-10-15,arun.sharma@yahoo.com,IT,  Team Lead ,West - Mumbai,Naukri,0,Experienced,2023/09/03,,240,228.0,6,4.0,2.0,8,,Active,Hybrid,OWN VEHICLE,15.63,48,34,65,66,7,3,High,4.0
EMP-0043,karthik kumar,EMP-0240,Male,22 Jul 1968,karthik.kumar@yahoo.com,Marketing,  Executive ,West - Mumbai,Employee Referral,2500,Fresher,2022-02-12,2022-05-19,240,221.0,6,4.0,9.0,22,Involuntary - Restructuring,Inactive,Onsite,Company Cab,4.34 LPA,27,20,62,69,4,1,High,0.0
EMP-0044,sanjay reddy,EMP-0350,male,12-14-1973,sanjay_reddy@yahoo.com,Ops,ASSISTANT MANAGER,BENGALURU,Company Career Site,0,Experienced,17/09/2018,16 Oct 2020,240,231.0,4,5.0,0.0,4,Involuntary - Performance,Resigned,Hybrid,Company Cab,25.78,68,8,69,70,7,4,Low,3.0
EMP-0045,MEERA JOSHI,EMP-0025,male,1997-01-18,meera_joshi@company.com,HR,senior executive,South - Chennai,Recruitment Agency,71741,Experienced,31 Jan 2021,,240,230.0,6,4.0,0.0,8,,Active,HYBRID,Company Cab,9.84,26,27,70,,5,3,Low,
EMP-0046,  Meera   Singh ,,,,meera.singh@outlook.com,Finance,  Manager ,North - Delhi,LinkedIn,0,Experienced,12 Jul 2019,,240,211.0,7 days,10.0,12.0,20,,,Hybrid,Company Cab,19.73,-15,6,66%,70,5,2,high,2.0
EMP-0047,  Karthik   Sharma ,EMP-0100,male,04 Apr 1975,karthik_sharma@yahoo.com,Technology,  Assistant Manager ,DELHI,Naukri,0,Experienced,2023/08/23,,240,229.0,3,5.0,3.0,3,,ACTIVE,ONSITE,company cab,11.14,40,15,57,59,7,3,MEDIUM,2.0
EMP-0048,  Anitha   Iyer ,EMP-0180,F,2001/07/09,anitha.iyer@outlook.com,Sales,ASSISTANT MANAGER,chennai,Campus Drive,13654,Experienced,,,240,225.0,4,8.0,3.0,4,,Active,Hybrid,COMPANY CAB,16.24,33,15,46,50,1,3,Medium,5.0
EMP-0049,  Karthik   Kumar ,DIR-0001,Male,,  karthik78@outlook.com ,Technology,Manager,North - Delhi,Naukri,0,Experienced,2023/11/01,,240,209.0,14,10.0,7.0,19,,Active,Hybrid,Company Cab,16.89 LPA,69,32,0.64,70%,3,1,High,3.0
EMP-0050,SNEHA REDDY,EMP-0320,F,15/08/2002,SNEHA.REDDY@COMPANY.COM,Ops,Senior Executive,BENGALURU,LinkedIn,0,Fresher,08/12/2020,,240,214.0,10,7.0,9.0,15,,Active,Onsite,Company Cab,8.03,54,3,60,60,6,1,High,3.0
EMP-0051,SANJAY SINGH,EMP-0010,Male,08/03/1986,SANJAY.SINGH@GMAIL.COM,HR,ASSISTANT MANAGER,DELHI,LinkedIn,0,Experienced,2022/09/16,2024-12-18,240,214.0,14,7.0,5.0,11,Relocation / Personal Reasons,Resigned,Onsite,Own Vehicle,,12,,51%,0.51,6,1,High,2.0
EMP-0052,  Ananya   Patel ,EMP-0350,F,12 Aug 1984,ananya.patel@outlook.com,Operations,  Senior Executive ,Bengaluru,LinkedIn,0,FRESHER,05-27-2023,2023-11-23,240,218.0,9,4.0,9.0,8,Better Career Growth,Resigned,Hybrid,Own Vehicle,22.49,46,38,71,78,8,2,High,3.0
EMP-0053,Karthik Singh,DIR-0001,M,1968-01-23,karthik_singh@yahoo.com,IT,  Manager ,BENGALURU,Company Career Site,0,Experienced,2019-04-21,,240,225.0,6,8.0,1.0,4,,ACTIVE,Onsite,Own Vehicle,26.52,52,39,61,59%,7,4,HIGH,3.0
EMP-0054,Sanjay Kumar,EMP-0025,,12-26-1998,sanjay_kumar@company.com,HR,  Executive ,South - Chennai,Naukri,0,Fresher,2023-03-15,,240,234.0,2,4.0,0.0,4,,,ONSITE,Company Cab,25.42,49,16,67,65,8,4,Low,3.0
EMP-0055,  Rajesh   Iyer ,DIR-0001,M,21 Apr 1981,rajesh_iyer@gmail.com,IT,Manager,BENGALURU,Company Career Site,0,Experienced,19 Dec 2018,,240,232.0,2,4.0,2.0,2 times,,Active,Onsite,Own Vehicle,18.15 LPA,99,36,75,72,5,Low,HIGH,4.0
EMP-0056,Meera Iyer,EMP-0100,,1999/04/24,MEERA.IYER@COMPANY.COM,IT,Executive,BENGALURU,Naukri,0,Fresher,28/06/2018,2021-02-14,240,227.0,6,5.0,2.0,8,Relocation / Personal Reasons,Resigned,Hybrid,Own Vehicle,26.09,64,38,62%,69,1,Very High,High,3.0
EMP-0057,  Vijay   Kumar ,EMP-0050,Male,21/08/2003,VIJAY.KUMAR@COMPANY.COM,Technology,executive,North - Delhi,Recruitment Agency,61786,EXPERIENCED,2024-05-21,,240,228.0,3,8.0,1.0,8,,Active,onsite,Public Transport,"$6,804",96,28,,67%,2,3,MEDIUM,1.0
EMP-0058,  Deepa   Patel ,EMP-0050,F,1971/08/19,deepa.patel@gmail.com,IT,senior executive,,Walk-In,0,Fresher,2018/10/18,,240,224.0,3,10.0,3.0,7,,Active,Onsite,Company Cab,8.3,48,35,61,57,3,3,High,3.0
EMP-0059,ananya reddy,EMP-0200,male,2001-01-01,ananya.reddy@outlook.com,Sales,  Executive ,chennai,Walk-In,0,Experienced,,,240,222.0,9,4.0,5.0,18,,Active,Work From Home,Company Cab,4.61,24,37,74,81,7,2,HIGH,2.0
EMP-0060,Arun Rao,EMP-0120,Female,04-06-1998,  arun50@company.com ,Engineering,Team Lead,chennai,Company Career Site,0,Experienced,2018/12/21,12-20-2020,240,226.0,5,6.0,3.0,7,Better Compensation & Benefits,Inactive,Onsite,Company Cab,11.47,13,38,44,50,3,3,High,3.0
EMP-0061,  Priya   Kumar ,EMP-0180,male,23 Dec 1972,PRIYA.KUMAR@YAHOO.COM,Sales,assistant manager,North - Delhi,walk-in,0,Experienced,18/07/2020,20 Aug 2023,240,225.0,5 days,10.0,0.0,2,Involuntary - Performance,Inactive,hybrid,Company Cab,13.02 LPA,,36,48%,50%,8,4,Medium,1.0
EMP-0062,Arun Joshi,EMP-0010,M,1995-10-09,arun_joshi@yahoo.com,HR,ASSISTANT MANAGER,North - Delhi,Walk-In,0,Experienced,2022/08/20,,240,229.0,2,7.0,2.0,2,,Active,Hybrid,Company Cab,10.15,34,34,70,72,8,4,High,4.0
EMP-0063,Karthik Rao,,,1975/11/11,KARTHIK.RAO@GMAIL.COM,Marketing,Manager,West - Mumbai,Company Career Site,0,Experienced,2022/08/16,,240,231.0,3,5.0,1.0,8,,Active,Onsite,Company Cab,23.8,22,6,57,67,8,3,Medium,4.0
EMP-0064,VIJAY SHARMA,EMP-0300,,25/02/1993,vijay.sharma@outlook.com,Ops,assistant manager,chennai,Employee Referral,5000,Experienced,19 Apr 2023,15/12/2023,240,229.0,3,7.0,1.0,5,Better Compensation & Benefits,Inactive,Onsite,company cab,12.24,91,26,78,79,7,4,Low,2.0
EMP-0065,  Manoj   Sharma ,EMP-0320,Male,09/01/1983,MANOJ.SHARMA@YAHOO.COM,Operations,ASSISTANT MANAGER,mumbai,LINKEDIN,0,experienced,04-27-2023,12/12/2023,240,217.0,13,5.0,5.0,15,Better Compensation & Benefits,Inactive,hybrid,COMPANY CAB,10.38,42,27,72,78%,5,2,High,3.0
EMP-0066,divya reddy,EMP-0240,Female,10 Feb 1997,  divya49@gmail.com ,Marketing,ASSISTANT MANAGER,North - Delhi,LinkedIn,0,Experienced,10-17-2018,,240,218.0,14,4.0,4.0,18,,Active,wfh,Own Vehicle,16.8,25,21 hrs,52%,58,5,2,High,4.0
EMP-0067,SURESH IYER,EMP-0075,Male,2001/09/29,suresh_iyer@outlook.com,Technology,Executive,BENGALURU,Walk-In,0,Fresher,2021/12/11,,240,224.0,6,10.0,0.0,2,,Active,Hybrid,own vehicle,6.95 LPA,51,13,62,,4,3,Low,3.0
EMP-0068,Deepa Nair,EMP-0280,Female,12/07/1999,DEEPA.NAIR@COMPANY.COM,Finance,  Executive ,East - Kolkata,Naukri,0,Fresher,01-21-2020,,240,229.0,3,5.0,3.0,8,,Active,Onsite,Company Cab,23.15,75,6,71,76,5,3,Medium,3.0
EMP-0069,Pradeep Rao,EMP-0050,Male,17/02/2002,pradeep.rao@yahoo.com,Technology,executive,South - Bangalore,Campus Drive,17042,Fresher,2022/01/14,07-23-2023,240,212.0,13,5.0,10.0,22,Involuntary - Restructuring,Inactive,Onsite,Own Vehicle,5.33,64,36,78,88%,4,1,High,4.0
EMP-0070,sanjay reddy,DIR-0001,Male,1979/12/29,sanjay.reddy@yahoo.com,Marketing,manager,chennai,Naukri,0,Experienced,2019-09-13,,240,219.0,6,5.0,10.0,8,,Active,Hybrid,Company Cab,27.68,51,21,59,58,High,1,Medium,3.0
EMP-0071,RAMESH SHARMA,,male,1980-06-06,,Technology,EXECUTIVE,South - Chennai,,,Fresher,23 Jan 2021,,240,226.0,5,6.0,3.0,5,,Active,Work From Home,company cab,"INR 2,242,000",43 Hours,4,64%,0.61,5,4,,2.0
EMP-0072,  Divya   Venkatesh ,EMP-0010,female,27 Jun 1983,divya.venkatesh@gmail.com,HR,Senior Executive,East - Kolkata,WALK-IN,0,Fresher,2022/10/25,,240,223.0,5,9.0,3.0,3,,Active,Onsite,Company Cab,8.37,39,1,57,54,4,4,Low,0.0
EMP-0073,Lakshmi Joshi,EMP-0200,,1991-08-17,LAKSHMI.JOSHI@YAHOO.COM,Sales & Mktg,  Executive ,South - Bangalore,LinkedIn,0,Experienced,2020/10/26,,240,230.0,3,6.0,1.0,1 times,,Active,Onsite,Own Vehicle,3.64 LPA,22,26,0.60,62%,7,3,High,3.0
EMP-0074,sneha venkatesh,EMP-0180,Female,1991/11/10,  sneha17@gmail.com ,Sales,SENIOR EXECUTIVE,South - Bangalore,Walk-In,0,FRESHER,20/02/2024,,240,225.0,6,9.0,0.0,6,,Active,Onsite,Own Vehicle,23.48,22,20,58,56,5,4,Medium,4.0
EMP-0075,KARTHIK JOSHI,EMP-0350,M,1988/04/10,karthik_joshi@yahoo.com,Operations,  Executive ,BENGALURU,Company Career Site,0,Fresher,07-22-2020,,240,219.0,6,4.0,11.0,16,,Active,Hybrid,Company Cab,20.82,27,37,47,50,5,2,High,3.0
EMP-0076,DIVYA RAO,,,1998-03-15,  divya8@gmail.com ,Finance,MANAGER,South - Bangalore,LinkedIn,0,Experienced,07-19-2019,,240,217.0,14 days,5.0,4.0,16,,Active,Onsite,Company Cab,,41,,67%,70,6,2,High,1.0
EMP-0077,  Meera   Patel ,EMP-0350,female,1988-07-15,meera_patel@company.com,Operations,  Assistant Manager ,BENGALURU,Walk-In,,Experienced,12-30-2022,05-13-2025,240,,,,,,Better Career Growth,Inactive,Onsite,Company Cab,22.4,48,20,60,68%,1,3,Medium,2.0
EMP-0078,  Priya   Sharma ,EMP-0220,F,01-08-1976,  priya99@outlook.com ,Marketing,SENIOR EXECUTIVE,South - Bangalore,Walk-In,0,Experienced,01-14-2023,,240,227.0,2,10.0,1.0,2,,Active,Hybrid,company cab,5.31,55,9,55,59,7,3,Low,3.0
EMP-0079,priya kumar,EMP-0260,female,1971-06-14,PRIYA.KUMAR@YAHOO.COM,Finance,  Assistant Manager ,North - Delhi,Campus Drive,16903,experienced,2022/06/15,,240,217.0,7,9.0,7.0,14,,Active,Hybrid,Company Cab,12.28 LPA,38,22,68,69,3,1,High,3.0
EMP-0080,  Suresh   Venkatesh ,EMP-0120,Male,09/01/1973,suresh.venkatesh@company.com,Engineering,senior executive,CHENNAI,Company Career Site,0,fresher,2018/02/09,2020-02-03,240,229.0,2,8.0,1.0,1,Relocation / Personal Reasons,Resigned,Hybrid,Own Vehicle,6.34,71,38,70,75,Low,3,Medium,2.0
EMP-0081,Pooja Kumar,EMP-0300,F,1977/02/28,pooja.kumar@outlook.com,Ops,,South - Chennai,Naukri,0,Experienced,06-24-2018,19/03/2019,240,214.0,7,7.0,12.0,13,Work-Life Balance / Burnout,Inactive,Onsite,Own Vehicle,"INR 2,465,000",71,4,64%,62%,5,2,High,4.0
EMP-0082,Rajesh Joshi,EMP-0320,Male,01-06-1969,  rajesh19@outlook.com ,Operations,  Assistant Manager ,North - Delhi,Company Career Site,0,Experienced,2019-02-13,,240,229.0,4,5.0,2.0,4,,Active,ONSITE,Company Cab,18.77,66,0,73,76,5,4,Low,3.0
EMP-0083,LAKSHMI JOSHI,EMP-0075,,1998/08/11,LAKSHMI.JOSHI@YAHOO.COM,Technology,EXECUTIVE,North - Delhi,Company Career Site,0,Fresher,2023-09-10,,240,228.0,4,7.0,1.0,5,,ACTIVE,Onsite,OWN VEHICLE,11.61,25,12,64,68,7,3,Medium,6.0
EMP-0084,ananya kumar,EMP-0320,Female,04-04-1989,ananya_kumar@outlook.com,,Executive,chennai,LinkedIn,0,Fresher,03-20-2018,15 Nov 2020,240,229.0,5,6.0,0.0,1,Better Career Growth,Inactive,WFH,Own Vehicle,5.06,65,20,77,81,6,3,Medium,3.0
EMP-0085,PRIYA NAIR,EMP-0120,female,2001-02-02,  priya19@company.com ,Engineering,TEAM LEAD,North - Delhi,LinkedIn,0,Experienced,10/08/2018,,240,227.0,5,8.0,0.0,2,,Active,hybrid,Own Vehicle,11.12 LPA,19,25,,60%,6,3,Low,
EMP-0086,  Karthik   Nair ,EMP-0100,M,1970-10-28,  karthik40@gmail.com ,IT,Team Lead,Bengaluru,LinkedIn,0,Experienced,2018/04/08,,240,209.0,14,5.0,12.0,12,,Active,HYBRID,Company Cab,11.47,39,44,61%,60,5,2,High,6.0
EMP-0087,VIKRAM VENKATESH,EMP-0180,M,1978/06/03,  vikram91@gmail.com ,Sales & Mktg,Team Lead,South - Chennai,Company Career Site,0,Experienced,08-15-2020,,240,231.0,3,6.0,0.0,4,,active,ONSITE,Own Vehicle,21.38,34,20,62,70,8,3,medium,3.0
EMP-0088,priya venkatesh,EMP-0220,female,1986/06/20,PRIYA.VENKATESH@OUTLOOK.COM,Marketing,Assistant Manager,DELHI,WALK-IN,0,Experienced,2018-12-07,08/11/2019,240,229.0,4,6.0,1.0,8,Involuntary - Performance,INACTIVE,onsite,Company Cab,19.12,93,17,85,98,6,3,MEDIUM,4.0
EMP-0089,MEERA PATEL,EMP-0050,F,12-23-1996,  meera91@outlook.com ,Technology,Senior Executive,South - Chennai,Recruitment Agency,64720,Fresher,2022/11/28,,240,209.0,14,9.0,8.0,17,,Active,WFH,own vehicle,25.24,14,36,52,,4,1,Medium,3.0
EMP-0090,  Vijay   Kumar ,EMP-0300,Male,1997/11/13,vijay.kumar@outlook.com,Ops,team lead,BENGALURU,Walk-In,0,Experienced,,2019-02-11,240,228.0,6,4.0,2.0,2,Involuntary - Restructuring,INACTIVE,Hybrid,Company Cab,15.07,74,44,61,56,9,4,High,4.0
EMP-0091,vikram singh,emp-0075,,22 Dec 1987,VIKRAM.SINGH@YAHOO.COM,IT,EXECUTIVE,chennai,Campus Drive,15460,Fresher,01/08/2021,10-09-2022,240,231.0,3 days,6.0,0.0,2 times,Work-Life Balance / Burnout,INACTIVE,Hybrid,Own Vehicle,6.43 LPA,,31,58%,0.54,8,3,HIGH,0.0
EMP-0092,Meera Reddy,DIR-0001,Female,12-01-1973,MEERA.REDDY@COMPANY.COM,,  Manager ,East - Kolkata,Company Career Site,0,experienced,2020/11/29,,240,227.0,6,5.0,2.0,5,,Active,Onsite,Company Cab,20.97,12,35,54,56,8,3,High,3.0
EMP-0093,vijay nair,EMP-0050,Male,30/08/1979,VIJAY.NAIR@GMAIL.COM,Technology,  Assistant Manager ,East - Kolkata,Naukri,0,Experienced,30 Nov 2022,,240,213.0,9,9.0,9.0,11,,Active,Hybrid,Company Cab,22.14,54,16,67,69%,6,1,High,3.0
EMP-0094,  Suresh   Nair ,DIR-0001,M,1980-12-03,suresh_nair@outlook.com,Operations,MANAGER,East - Kolkata,Recruitment Agency,61088,Experienced,20/12/2022,,240,225.0,4,8.0,3.0,5,,Active,Hybrid,Company Cab,17.25,23,34,59,71,1,3,High,3.0
EMP-0095,priya sharma,EMP-0100,,03 Oct 1980,PRIYA.SHARMA@YAHOO.COM,Technology,  Executive ,South - Bangalore,LinkedIn,0,Fresher,03-05-2024,12-29-2025,240,231.0,2,4.0,3.0,5,Involuntary - Performance,Inactive,Onsite,Company Cab,22.39,39,10,60,64,Medium,3,Medium,3.0
EMP-0031,Manoj Patel,EMP-0200,male,01/10/1995,manoj_patel@gmail.com,Sales,  Team Lead ,chennai,LinkedIn,0,Experienced,2018-04-25,,240,232.0,2,4.0,2.0,3,,Active,onsite,Public Transport,15.6,77,20,76%,86,9,3,Medium,3.0
EMP-0097,manoj iyer,EMP-0075,M,17/10/1980,manoj_iyer@yahoo.com,Technology,Assistant Manager,South - Bangalore,Walk-In,0,experienced,2022/05/28,,240,214.0,10,5.0,11.0,16,,Active,Onsite,COMPANY CAB,16.31 LPA,27,25,0.60,52%,4,1,High,1.0
EMP-0098,Anitha Rao,EMP-0300,Female,25/08/2005,  anitha97@outlook.com ,,Assistant Manager,Bengaluru,Naukri,0,experienced,2021-05-30,,240,227.0,5,8.0,0.0,2,,Active,Work From Home,Company Cab,13.97,71,3,58,64,7,3,Medium,3.0
EMP-0099,lakshmi reddy,EMP-0240,female,1973-03-30,lakshmi_reddy@outlook.com,Marketing,executive,chennai,Naukri,0,Fresher,06-29-2024,,240,228.0,2,9.0,1.0,1,,Active,onsite,Own Vehicle,"$4,944",46,33,56,55,2,4,HIGH,0.0
EMP-0100,VIJAY KUMAR,EMP-0075,male,09/10/1993,  vijay37@gmail.com ,Technology,Senior Executive,South - Bangalore,LinkedIn,0,Fresher,09 May 2018,,240,227.0,4,8.0,1.0,7,,Active,hybrid,own vehicle,6.14,34,17,66,65,8,Very High,Low,2.0
EMP-0101,anitha sharma,EMP-0200,female,31/07/1984,anitha_sharma@company.com,Sales,ASSISTANT MANAGER,chennai,Walk-In,0,experienced,2021/03/10,,240,231.0,3,4.0,2.0,6,,Active,hybrid,own vehicle,,57,,68%,70%,3,3,Medium,2.0
EMP-0102,sneha patel,DIR-0001,F,1999-09-20,SNEHA.PATEL@GMAIL.COM,HR,MANAGER,mumbai,Company Career Site,0,Experienced,01-20-2019,03-11-2020,240,221.0,6,6.0,7.0,18,Relocation / Personal Reasons,INACTIVE,Onsite,Company Cab,19.09,74,34,57,52,6,2,High,1.0
EMP-0103,kavitha iyer,EMP-0075,female,04/06/1983,kavitha.iyer@yahoo.com,Technology,team lead,South - Chennai,Company Career Site,0,Experienced,18/11/2021,15/12/2023,240,217.0,9,9.0,5.0,13,Better Compensation & Benefits,Resigned,onsite,Company Cab,11.2 LPA,62,40,69,74,7,1,High,3.0
EMP-0104,  Vikram   Iyer ,EMP-0050,,20/03/1992,vikram_iyer@yahoo.com,Technology,Team Lead,South - Bangalore,Recruitment Agency,52363,Experienced,2018-07-07,,240,221.0,6,10.0,3.0,3,,Active,onsite,Own Vehicle,15.96,88,28,86,91,2,3,Medium,5.0
EMP-0755,manoj rao,EMP-0050,male,1973-06-13,MANOJ.RAO@COMPANY.COM,Technology,Executive,North - Delhi,Recruitment Agency,85711,Fresher,2022/07/28,2022-10-22,240,215.0,9,10.0,6.0,20,Involuntary - Restructuring,Resigned,Onsite,Company Cab,25.74,82,28,69,73%,6,2,High,1.0
EMP-0106,pooja kumar,,F,27/05/1990,,Sales,Executive,Bengaluru,,,Fresher,2022/06/18,,240,221.0,8 days,7.0,4.0,10,,Active,WFH,Own Vehicle,9.61,24,37,57%,64,4,1,,0.0
EMP-0107,meera iyer,EMP-0240,,13/05/1982,meera_iyer@outlook.com,Marketing,SENIOR EXECUTIVE,North - Delhi,Company Career Site,0,Fresher,18 Feb 2024,,240,223.0,4,10.0,3.0,4,,Active,Onsite,Company Cab,13.55,58,41,58,68,1,3,High,5.0
EMP-0108,DEEPA SINGH,EMP-0025,female,,DEEPA.SINGH@YAHOO.COM,HR,  Executive ,chennai,Recruitment Agency,55650,Fresher,30/06/2018,,240,231.0,4,5.0,0.0,7,,,onsite,Own Vehicle,22.01,97,20,81,83,6,5,Low,3.0
EMP-0109,ananya sharma,EMP-0100,female,10-05-1990,ANANYA.SHARMA@COMPANY.COM,Technology,  Executive ,South - Chennai,Naukri,0,Fresher,14/08/2023,18/06/2026,240,225.0,2,10.0,3.0,4 times,Involuntary - Restructuring,Inactive,WFH,Company Cab,9.11 LPA,77,41,0.59,64%,8,3,High,0.0
EMP-0110,sneha reddy,EMP-0180,,04 Apr 1981,sneha.reddy@company.com,Sales,SENIOR EXECUTIVE,CHENNAI,Campus Drive,17368,Experienced,03-04-2020,,240,210.0,9,10.0,11.0,13,,Active,Onsite,COMPANY CAB,5.39,21,12,54,58,1,2,High,5.0
EMP-0111,Vikram Venkatesh,EMP-0280,male,2001/10/30,vikram.venkatesh@yahoo.com,Finance,  Team Lead ,South - Bangalore,Naukri,0,Experienced,2022-03-16,,240,225.0,4,10.0,1.0,4,,Active,Onsite,Company Cab,"INR 1,060,000",68,40,70%,,3,,High,0.0
EMP-0112,Vikram Singh,EMP-0260,Male,2003/11/13,vikram_singh@company.com,Finance,  Executive ,North - Delhi,Campus Drive,14274,fresher,04/07/2023,,240,218.0,6,9.0,7.0,14,,Active,HYBRID,Company Cab,7.45,46,16,70,75,4,2,HIGH,4.0
EMP-0113,ANITHA RAO,EMP-0050,Female,10-31-1987,ANITHA.RAO@OUTLOOK.COM,IT,  Assistant Manager ,BENGALURU,LinkedIn,0,Experienced,02-02-2018,30 Aug 2018,240,218.0,11,6.0,5.0,20,Better Career Growth,Inactive,Onsite,Company Cab,"$31,536",70,8,,73%,5,1,High,3.0
EMP-0114,DEEPA IYER,EMP-0025,F,26 Oct 2000,deepa.iyer@gmail.com,HR,assistant manager,BENGALURU,Recruitment Agency,55306,Experienced,05-20-2020,,240,227.0,4,6.0,3.0,6,,Active,Hybrid,Own Vehicle,23.3,52,40,58,68,5,3,high,3.0
EMP-0655,  Arun   Sharma ,EMP-0010,M,1974/04/03,arun_sharma@yahoo.com,HR,Assistant Manager,DELHI,Recruitment Agency,,Experienced,2022-05-22,,240,,,,,,,Active,Onsite,Own Vehicle,19.02 LPA,79,0,61,61,7,Very High,medium,3.0
EMP-0116,  Rajesh   Joshi ,,Male,10 Feb 1969,rajesh.joshi@company.com,HR,Manager,Bengaluru,Employee Referral,10000,Experienced,2020-11-09,,240,232.0,2,4.0,2.0,3,,ACTIVE,ONSITE,Company Cab,24.85,48,1,52%,50,5,4,Medium,3.0
EMP-0117,Sanjay Reddy,EMP-0050,Male,19 Nov 1977,  sanjay76@gmail.com ,Technology,Executive,chennai,Company Career Site,0,Fresher,03/06/2024,,240,221.0,10,4.0,5.0,17,,Active,Onsite,,23.19,65,28,66,65%,6,2,High,3.0
EMP-0118,ananya singh,EMP-0160,Female,1982-08-22,ANANYA.SINGH@OUTLOOK.COM,Sales,  Executive ,South - Bangalore,Naukri,0,Experienced,2020-06-25,,240,227.0,5,6.0,2.0,7,,Active,Onsite,COMPANY CAB,8.07,72,32,65,72,7,3,High,5.0
EMP-0119,  Lakshmi   Joshi ,DIR-0001,,1976/10/02,LAKSHMI.JOSHI@OUTLOOK.COM,Engineering,MANAGER,West - Mumbai,Walk-In,0,Experienced,11 May 2018,10-13-2018,240,212.0,14,4.0,10.0,22,Involuntary - Restructuring,Inactive,onsite,OWN VEHICLE,25.37,55,9,62,65,2,1,High,3.0
EMP-0120,  Ananya   Singh ,EMP-0100,F,01-17-2003,ananya.singh@gmail.com,IT,Team Lead,BENGALURU,LINKEDIN,0,Experienced,,08 Dec 2023,240,221.0,9,6.0,4.0,19,Better Career Growth,Inactive,Hybrid,Company Cab,16.71,97,39,70,71,8,2,High,2.0
EMP-0121,  Meera   Patel ,EMP-0180,female,1971/10/01,meera_patel@company.com,Sales,,North - Delhi,Campus Drive,14730,Fresher,2023-09-22,,240,230.0,5 days,4.0,1.0,6,,Active,Hybrid,Own Vehicle,23.28 LPA,,20,64%,61%,4,3,Medium,4.0
EMP-0122,Suresh Singh,EMP-0010,,1998-05-16,  suresh89@outlook.com ,HR,Senior Executive,chennai,Company Career Site,0,FRESHER,23 Apr 2019,,240,229.0,5,4.0,2.0,6,,Active,Onsite,Company Cab,25.45,71,27,78,83,5,3,Medium,1.0
EMP-0123,meera patel,EMP-0320,F,10/09/1985,meera_patel@company.com,Operations,EXECUTIVE,West - Mumbai,Walk-In,0,Fresher,2019-07-12,,240,227.0,2,9.0,2.0,5,,Active,Hybrid,Company Cab,11.29,86,10,68,74,5,3,Medium,4.0
EMP-0124,POOJA SHARMA,EMP-0140,F,1995/01/21,pooja_sharma@gmail.com,Engineering,SENIOR EXECUTIVE,DELHI,LinkedIn,0,Experienced,02 Oct 2021,,240,212.0,12,6.0,10.0,19,,Active,Onsite,Company Cab,6.2,34,33,51,55,6,2,High,4.0
EMP-0125,VIKRAM IYER,EMP-0350,male,07-07-1970,  vikram81@outlook.com ,Ops,Executive,North - Delhi,linkedin,0,Fresher,2024/04/23,,240,216.0,10,8.0,6.0,11,,Active,onsite,Company Cab,9.08,80,7,63,64%,7,2,High,3.0
EMP-0126,  Karthik   Iyer ,,Male,12 Feb 2000,  karthik2@outlook.com ,IT,  Manager ,West - Mumbai,Company Career Site,0,Experienced,2024-05-05,,240,209.0,12,9.0,10.0,18,,Active,Onsite,,,61,,69%,73,1,2,high,4.0
EMP-0127,  Pooja   Singh ,EMP-0100,Female,1984-09-21,pooja.singh@gmail.com,Technology,executive,mumbai,Walk-In,0,Fresher,01 Oct 2022,,240,227.0,3,8.0,2.0,7 times,,Active,onsite,Company Cab,23.54 LPA,13,7,55,58,4,3,Medium,2.0
EMP-0128,  Vikram   Iyer ,DIR-0001,M,10-05-1983,vikram.iyer@gmail.com,Finance,MANAGER,South - Chennai,Company Career Site,0,EXPERIENCED,11/09/2020,26 Aug 2021,240,212.0,14,10.0,4.0,12,Better Compensation & Benefits,Inactive,Onsite,Public Transport,24.59,68,14,70,74,2,1,High,4.0
EMP-0129,  Manoj   Iyer ,EMP-0100,M,1993-03-01,MANOJ.IYER@OUTLOOK.COM,Technology,executive,West - Mumbai,Company Career Site,0,Experienced,24/02/2022,,240,228.0,4,5.0,3.0,6,,Active,Onsite,Company Cab,3.67,81,16,79,77%,4,3,MEDIUM,3.0
EMP-0130,  Ramesh   Patel ,EMP-0120,M,05 Dec 1987,ramesh_patel@gmail.com,Engineering,  Executive ,CHENNAI,Naukri,0,Fresher,2023-03-08,,240,225.0,5,7.0,3.0,4,,active,Onsite,Own Vehicle,16.01,29,22,59,62,4,4,High,3.0
EMP-0131,POOJA JOSHI,EMP-0100,F,11/12/1980,pooja.joshi@yahoo.com,Technology,executive,North - Delhi,Recruitment Agency,42860,Fresher,,,240,226.0,6,7.0,1.0,2,,Active,Onsite,Company Cab,"INR 1,373,000",72,23 hrs,81%,0.82,2,3,Medium,3.0
EMP-0132,  Meera   Patel ,EMP-0010,,05 Jan 1987,meera_patel@company.com,H.R.,Executive,South - Bangalore,Walk-In,0,Fresher,08/01/2019,,240,213.0,10,8.0,9.0,9,,Active,Onsite,Company Cab,8.94,63,44,66,74,5,2,high,3.0
EMP-0133,priya iyer,EMP-0350,Female,1994/05/04,priya_iyer@outlook.com,Operations,Executive,chennai,Walk-In,0,experienced,,,240,226.0,3,9.0,2.0,4,,Active,Onsite,Own Vehicle,6.44 LPA,83,18,0.57,,8,3,Medium,3.0
EMP-0134,ANANYA SINGH,EMP-0200,,04-27-1977,ANANYA.SINGH@YAHOO.COM,Sales,SENIOR EXECUTIVE,North - Delhi,Walk-In,0,Experienced,2019/11/21,2021-01-04,240,232.0,3,5.0,0.0,1,Better Career Growth,Inactive,onsite,Company Cab,11.77,66,4,73,77,4,3,medium,2.0
EMP-0135,Vijay Rao,,male,07-25-1991,  vijay9@gmail.com ,Technology,MANAGER,West - Mumbai,naukri,0,Experienced,2021/12/15,17 Jan 2025,240,219.0,9,7.0,5.0,15,Relocation / Personal Reasons,Inactive,Onsite,Own Vehicle,26.6,99,31,72,79,6,2,Medium,4.0
EMP-0136,  Vijay   Venkatesh ,emp-0200,Male,30 Jun 1994,vijay_venkatesh@company.com,Sales,Assistant Manager,BENGALURU,Company Career Site,0,Experienced,2018/01/18,,240,212.0,12 days,9.0,7.0,19,,Active,Hybrid,Own Vehicle,11.42,-15,43,49%,50,8,2,High,3.0
EMP-0137,  Arun   Patel ,EMP-0025,male,05-14-1986,arun_patel@gmail.com,H.R.,senior executive,CHENNAI,LinkedIn,0,Fresher,2019/03/12,,240,225.0,5,7.0,3.0,4,,Active,Work From Home,Company Cab,16.21,12,0,57,58%,3,3,Low,3.0
EMP-0138,meera singh,EMP-0120,,06 Dec 1992,meera.singh@outlook.com,Engineering,  Assistant Manager ,BENGALURU,Company Career Site,0,Experienced,2024/01/03,,240,228.0,3,9.0,0.0,2,,Active,Hybrid,Company Cab,20.72,15,22,47,56,6,,Medium,3.0
EMP-0139,  Anitha   Patel ,EMP-0075,Female,16/11/2001,ANITHA.PATEL@GMAIL.COM,IT,assistant manager,South - Chennai,Recruitment Agency,60852,Experienced,05 Jul 2021,,240,229.0,5,5.0,1.0,8,,active,ONSITE,Own Vehicle,12.41 LPA,14,36,48,52,3,4,High,1.0
EMP-0140,Sneha Singh,EMP-0075,female,02 May 2005,SNEHA.SINGH@GMAIL.COM,Technology,Executive,North - Delhi,Company Career Site,0,Fresher,2023-04-11,,240,219.0,6,8.0,7.0,22,,Active,Onsite,Company Cab,27.31,14,7,60,59,5,2,Medium,1.0
EMP-0141,Ramesh Reddy,,male,1990-01-02,,Engineering,executive,East - Kolkata,,,Fresher,2023-10-18,02-15-2026,240,230.0,2,7.0,1.0,8,Better Compensation & Benefits,Inactive,hybrid,Company Cab,"INR 2,708,000",63 Hours,12,,70%,4,Very High,,1.0
EMP-0142,ARUN REDDY,EMP-0050,male,1981/07/18,arun.reddy@company.com,Technology,Team Lead,West - Mumbai,Company Career Site,0,Experienced,2020/08/26,11 Mar 2021,240,209.0,14,8.0,9.0,20,Work-Life Balance / Burnout,INACTIVE,Hybrid,Company Cab,9.67,56,7,66,66,4,2,High,3.0
EMP-0229,MANOJ VENKATESH,EMP-0320,M,01 Feb 1993,  manoj16@outlook.com ,Ops,ASSISTANT MANAGER,chennai,LinkedIn,0,,2019/09/26,,240,207.0,13,8.0,12.0,14,,Active,wfh,Company Cab,15.68,96,22,73,77,4,1,High,3.0
EMP-0144,PRADEEP SHARMA,EMP-0300,,2003-06-29,PRADEEP.SHARMA@GMAIL.COM,,Team Lead,West - Mumbai,Walk-In,0,Experienced,12-08-2019,,240,213.0,14,7.0,6.0,19,,Active,Hybrid,Company Cab,10.87,58,42,51,62,5,2,Medium,3.0
EMP-0145,DIVYA NAIR,EMP-0350,Female,18 Jun 1981,DIVYA.NAIR@COMPANY.COM,Ops,ASSISTANT MANAGER,BENGALURU,NAUKRI,0,experienced,2021-06-27,,240,212.0,13,7.0,8.0,20 times,,,Onsite,Company Cab,10.48 LPA,18,0,0.59,54%,3,2,high,2.0
EMP-0146,Rajesh Patel,EMP-0025,,11-14-1997,  rajesh97@gmail.com ,HR,EXECUTIVE,North - Delhi,Campus Drive,15749,Experienced,20 Jul 2019,,240,225.0,3,10.0,2.0,8,,Active,Hybrid,Company Cab,4.4,29,44,58%,60,6,3,High,1.0
EMP-0147,  Suresh   Rao ,,M,24/01/1990,suresh.rao@gmail.com,Finance,MANAGER,South - Bangalore,Company Career Site,0,EXPERIENCED,10/08/2018,,240,228.0,3,6.0,3.0,2,,ACTIVE,Onsite,Company Cab,18.43,70,23,77,82,1,3,Medium,3.0
EMP-0148,MEERA SHARMA,EMP-0260,female,,  meera47@gmail.com ,Finance,assistant manager,South - Chennai,Recruitment Agency,86217,Experienced,08/01/2024,,240,229.0,4,5.0,2.0,6,,Active,WFH,Public Transport,15.82,44,34,62,68,9,3,High,3.0
EMP-0149,Suresh Rao,EMP-0120,male,1990-02-12,suresh_rao@company.com,Engineering,executive,South - Chennai,Employee Referral,"INR 2,500",Experienced,2019-09-29,,240,228.0,4,8.0,0.0,3,,Active,Onsite,Own Vehicle,4.76,59,23,63,59%,5,Very High,Low,3.0
EMP-0150,  Ramesh   Joshi ,EMP-0025,,1984/03/24,RAMESH.JOSHI@GMAIL.COM,HR,Assistant Manager,DELHI,Employee Referral,5000,EXPERIENCED,19/06/2023,2026-07-27,240,229.0,3,5.0,3.0,3,Relocation / Personal Reasons,Inactive,Hybrid,Company Cab,10.33,91,16,88,84,4,Very High,Medium,1.0
EMP-0151,sneha joshi,EMP-0100,Female,07-24-1987,sneha.joshi@yahoo.com,Technology,  Executive ,West - Mumbai,Employee Referral,2500,Fresher,09-28-2018,,240,217.0,9 days,4.0,10.0,14,,Active,Hybrid,Own Vehicle,,,,63%,0.71,4,2,High,3.0
EMP-0152,Vijay Singh,EMP-0010,M,1989-05-09,vijay_singh@yahoo.com,Human Resources,Team Lead,North - Delhi,LINKEDIN,0,Experienced,14/03/2020,08/06/2020,240,225.0,4,8.0,3.0,7,Involuntary - Restructuring,Inactive,Hybrid,Company Cab,9.37,26,19,58,57,3,3,High,3.0
EMP-0153,KAVITHA SINGH,EMP-0120,F,2000/11/16,kavitha_singh@company.com,Engineering,EXECUTIVE,mumbai,LinkedIn,,Experienced,2018-05-28,,240,,,,,,,Active,ONSITE,Own Vehicle,7.05,97,20,76,75%,8,4,Medium,2.0
EMP-0154,ananya joshi,EMP-0025,male,,  ananya78@yahoo.com ,Human Resources,executive,North - Delhi,LinkedIn,0,Fresher,04/09/2019,,240,219.0,6,5.0,10.0,14,,Active,Work From Home,COMPANY CAB,15.49,12,39,51,61,5,2,High,5.0
EMP-0155,deepa iyer,EMP-0010,F,1994-02-02,deepa.iyer@company.com,HR,  Executive ,South - Bangalore,Naukri,0,Fresher,03/12/2022,,240,214.0,6,10.0,10.0,15,,active,WFH,Company Cab,"$33,180",41,30,69,,4,1,High,1.0
EMP-0156,meera sharma,EMP-0100,Female,05/09/1988,MEERA.SHARMA@GMAIL.COM,Technology,  Executive ,North - Delhi,Walk-In,0,FRESHER,27/02/2019,,240,230.0,2,6.0,2.0,7,,Active,hybrid,Company Cab,9.43,22,35,56%,59,2,3,High,2.0
EMP-0157,  Meera   Singh ,,,05-16-1970,MEERA.SINGH@GMAIL.COM,Sales,Manager,CHENNAI,Recruitment Agency,64984,Experienced,20 Jun 2019,,240,226.0,5,8.0,1.0,8,,Active,onsite,Company Cab,19.97 LPA,98,10,0.78,82%,9,3,High,3.0
EMP-0158,priya singh,EMP-0260,Female,07-16-1996,  priya28@company.com ,Finance,EXECUTIVE,South - Bangalore,Naukri,0,Fresher,12 Jul 2018,,240,228.0,3,6.0,3.0,8,,Active,Onsite,Own Vehicle,22.16,82,14,72,74,1,3,Low,2.0
EMP-0159,pradeep reddy,EMP-0200,,1981/01/30,PRADEEP.REDDY@COMPANY.COM,Sales,senior executive,South - Chennai,Walk-In,0,Experienced,2018/08/24,,240,229.0,2,7.0,2.0,7,,Active,Onsite,Company Cab,9.32,77,18,70,67,8,3,medium,4.0
EMP-0160,kavitha patel,DIR-0001,F,1971/06/12,  kavitha17@yahoo.com ,HR,MANAGER,North - Delhi,LinkedIn,0,Experienced,12-08-2022,,240,224.0,3,10.0,3.0,3,,Active,WFH,Own Vehicle,21.34,23,6,56,62,7,3,Medium,1.0
EMP-0161,Sanjay Reddy,EMP-0050,,03/03/1996,sanjay.reddy@outlook.com,IT,,BENGALURU,Walk-In,0,Fresher,2024/07/22,,240,212.0,14,4.0,10.0,17,,Active,Hybrid,Own Vehicle,"INR 1,251,000",20,27,62%,67%,6,2,High,4.0
EMP-0162,VIJAY SINGH,EMP-0050,Female,10/11/1994,  vijay49@yahoo.com ,Technology,Assistant Manager,Bengaluru,Recruitment Agency,65302,experienced,18/10/2018,,240,225.0,6,9.0,0.0,2,,,Onsite,COMPANY CAB,18.99,65,42,61,64,5,4,High,2.0
EMP-0163,Deepa Singh,EMP-0025,F,03-08-1982,deepa_singh@company.com,HR,Assistant Manager,chennai,WALK-IN,0,Experienced,2019-01-03,,240,227.0,5,5.0,3.0,3 times,,Active,Onsite,Company Cab,19.02 LPA,76,4,61,63,6,4,LOW,3.0
EMP-0164,  Suresh   Reddy ,,Male,04-23-1999,suresh.reddy@outlook.com,Sales,MANAGER,South - Bangalore,Employee Referral,10000,Experienced,2022-03-29,18/04/2023,240,229.0,2,6.0,3.0,6,Involuntary - Performance,INACTIVE,Hybrid,Company Cab,16.63,38,4,58,59,6,3,Low,4.0
EMP-0165,suresh rao,EMP-0075,M,01-07-1994,suresh_rao@yahoo.com,Technology,Executive,CHENNAI,Recruitment Agency,83495,Experienced,2019-05-04,,240,215.0,9,7.0,9.0,13,,Active,Onsite,Own Vehicle,5.71,18,29,57,64%,6,2,high,3.0
EMP-0166,pooja joshi,EMP-0300,male,30/07/1968,POOJA.JOSHI@COMPANY.COM,Ops,  Executive ,,Naukri,0,Fresher,2024-01-26,,240,226.0,5 days,6.0,3.0,5,,ACTIVE,Hybrid,COMPANY CAB,23.96,76,31,67%,69,4,Low,High,3.0
EMP-0167,pooja nair,EMP-0300,,24 Sep 1984,  pooja82@gmail.com ,Operations,ASSISTANT MANAGER,West - Mumbai,Naukri,0,Experienced,2022/05/25,,240,231.0,2,7.0,0.0,1,,Active,Hybrid,Company Cab,11.36,34,7,51,53,7,4,LOW,4.0
EMP-0168,divya patel,EMP-0050,Female,1975-04-25,  divya73@company.com ,IT,TEAM LEAD,BENGALURU,Naukri,0,EXPERIENCED,11 Apr 2020,,240,231.0,4,5.0,0.0,1,,Active,Hybrid,Own Vehicle,8.07,85,9,72,78,5,4,LOW,3.0
EMP-0169,karthik reddy,EMP-0350,male,31/07/1990,karthik_reddy@company.com,Ops,SENIOR EXECUTIVE,North - Delhi,Walk-In,0,Experienced,15 Aug 2023,,240,232.0,2,5.0,1.0,1,,Active,Onsite,Own Vehicle,4.5 LPA,51,37,,69%,3,Low,HIGH,3.0
EMP-0170,SANJAY VENKATESH,,M,2003/09/01,  sanjay56@company.com ,Technology,Manager,Bengaluru,LinkedIn,0,Experienced,18 Feb 2022,02 Jul 2024,240,221.0,8,5.0,6.0,15,Relocation / Personal Reasons,Inactive,Hybrid,Own Vehicle,17.98,18,31,54,64,5,1,High,3.0
EMP-0171,pradeep patel,EMP-0010,,2005/04/17,pradeep.patel@outlook.com,HR,assistant manager,North - Delhi,Recruitment Agency,82730,Experienced,16 Jun 2018,03 Feb 2019,240,229.0,2,8.0,1.0,8,,Resigned,Onsite,Company Cab,"INR 2,010,000",88,27,72%,0.66,5,3,High,3.0
EMP-0172,VIKRAM PATEL,EMP-0100,M,1999/12/18,vikram.patel@company.com,IT,  Senior Executive ,West - Mumbai,Walk-In,0,Fresher,01-22-2022,,240,224.0,4,10.0,2.0,3,,Active,Onsite,COMPANY CAB,3.91,49,16,58,62,Medium,3,MEDIUM,2.0
EMP-0173,Ananya Patel,DIR-0001,,2004-01-01,ananya.patel@yahoo.com,Technology,MANAGER,North - Delhi,Company Career Site,0,Experienced,2020-11-09,,240,217.0,7,10.0,6.0,12,,Active,Onsite,company cab,16.05,34,30,63,62%,5,1,High,4.0
EMP-0174,Suresh Kumar,EMP-0010,M,1971-06-05,suresh_kumar@gmail.com,Human Resources,Senior Executive,South - Chennai,Employee Referral,2500,Experienced,03/11/2022,,240,221.0,7,8.0,4.0,22,,active,Hybrid,Own Vehicle,9.05,14,7,46,50,5,2,High,2.0
EMP-0175,Ananya Singh,EMP-0200,female,11 Oct 1968,  ananya82@gmail.com ,Sales,Assistant Manager,South - Chennai,Recruitment Agency,49968,Experienced,2020/02/12,,240,212.0,10,8.0,10.0,14,,Active,Hybrid,Own Vehicle,19.31 LPA,20,39,66,67,2,2,HIGH,3.0
EMP-0176,  Manoj   Patel ,,male,12-31-1998,,Human Resources,SENIOR EXECUTIVE,West - Mumbai,,,Fresher,2018/02/04,,240,220.0,9,4.0,7.0,9,,Active,Hybrid,OWN VEHICLE,,68,,65%,68,6,1,,1.0
EMP-0177,DEEPA NAIR,EMP-0050,Female,1987/10/28,  deepa43@gmail.com ,Technology,  Executive ,North - Delhi,Naukri,0,Fresher,02/02/2023,,240,226.0,4,10.0,0.0,1,,Active,Hybrid,Company Cab,20.43,97,8,57,,8,Very High,Medium,3.0
EMP-0178,Suresh Singh,EMP-0050,,06/05/1983,SURESH.SINGH@YAHOO.COM,Technology,TEAM LEAD,South - Chennai,LinkedIn,0,Experienced,2022-11-13,,240,211.0,11,8.0,10.0,18,,Active,Hybrid,Own Vehicle,12.98,88,1,67,70,5,1,high,4.0
EMP-0179,Vijay Singh,EMP-0200,Male,1969-04-16,  vijay2@company.com ,Sales & Mktg,ASSISTANT MANAGER,South - Chennai,Naukri,0,Experienced,25 Aug 2019,,240,230.0,4,4.0,2.0,1,,active,Onsite,Own Vehicle,26.45,47,14,61,56,5,4,LOW,2.0
EMP-0180,rajesh venkatesh,EMP-0240,,08/06/2006,rajesh_venkatesh@gmail.com,Marketing,senior executive,East - Kolkata,Naukri,0,Experienced,2021/11/08,,240,222.0,5,10.0,3.0,2,,active,Onsite,Own Vehicle,6.87,81,2,72,72,7,3,High,3.0
EMP-0181,  Vikram   Sharma ,emp-0260,Male,15/10/1981,vikram_sharma@company.com,Finance,assistant manager,chennai,NAUKRI,0,Experienced,2020-12-27,,240,226.0,5 days,6.0,3.0,3 times,,active,Hybrid,Company Cab,11.86 LPA,,35,61%,65%,5,3,High,5.0
EMP-0182,  Sanjay   Iyer ,EMP-0180,Male,11 Jul 1971,sanjay.iyer@gmail.com,Sales & Mktg,  Senior Executive ,Bengaluru,Recruitment Agency,72461,Experienced,2023-10-04,,240,211.0,12,5.0,12.0,18,,Active,Hybrid,company cab,6.28,57,3,55,53,6,1,High,2.0
EMP-0183,  Divya   Rao ,DIR-0001,Female,2003-03-03,  divya76@company.com ,Ops,manager,North - Delhi,Naukri,0,Experienced,2023/07/13,29 Mar 2024,240,225.0,4,8.0,3.0,8,Involuntary - Restructuring,Terminated,Onsite,Company Cab,"$31,380",99,13,73,71,3,3,MEDIUM,1.0
EMP-0184,Lakshmi Rao,DIR-0001,F,01 Oct 2002,lakshmi.rao@outlook.com,IT,Manager,North - Delhi,LinkedIn,0,Experienced,08-28-2019,17 Apr 2020,240,210.0,12,10.0,8.0,13,Work-Life Balance / Burnout,Resigned,Hybrid,COMPANY CAB,24.99,27,40,56,50,2,1,High,0.0
EMP-0185,vikram reddy,EMP-0160,Male,27/11/1969,  vikram71@yahoo.com ,Sales,team lead,West - Mumbai,Company Career Site,0,experienced,2020/12/15,,240,216.0,9,10.0,5.0,12,,Active,onsite,Own Vehicle,9.82,79,40,54,53%,8,2,high,3.0
EMP-0186,RAJESH REDDY,EMP-0200,,2003/07/29,rajesh.reddy@yahoo.com,Sales,assistant manager,North - Delhi,company career site,0,experienced,09-07-2020,11-23-2021,240,227.0,5,5.0,3.0,7,Involuntary - Restructuring,Resigned,Onsite,Company Cab,19.67,46,24,74%,71,7,3,High,3.0
EMP-0187,  Rajesh   Kumar ,EMP-0010,male,1989-01-15,RAJESH.KUMAR@GMAIL.COM,Human Resources,  Team Lead ,South - Chennai,LinkedIn,0,Experienced,24/08/2018,,240,229.0,4,4.0,3.0,6,,Active,Onsite,Company Cab,23.52 LPA,69,9,60,58,8,3,Medium,5.0
EMP-0188,lakshmi singh,EMP-0240,,1969-12-10,lakshmi_singh@yahoo.com,Marketing,assistant manager,North - Delhi,Recruitment Agency,42426,Experienced,2020-12-03,2022-06-09,240,218.0,8,7.0,7.0,13,Work-Life Balance / Burnout,Inactive,hybrid,Company Cab,17.1,57,20,75,77,4,1,High,3.0
EMP-0189,vikram patel,EMP-0180,,1968-06-17,  vikram95@company.com ,Sales,Assistant Manager,South - Bangalore,Walk-In,0,Experienced,11-19-2018,05 Jan 2022,240,228.0,4,6.0,2.0,5,Involuntary - Restructuring,Inactive,Hybrid,Public Transport,16.48,86,35,73,73%,Low,3,High,2.0
EMP-0190,sneha reddy,EMP-0350,,29/12/1994,sneha_reddy@outlook.com,Ops,EXECUTIVE,BENGALURU,Walk-In,0,Fresher,,,240,229.0,6,4.0,1.0,2,,,Hybrid,Company Cab,9.43,37,11,62,59,4,3,MEDIUM,3.0
EMP-0191,VIJAY SHARMA,EMP-0350,Male,21/12/1976,  vijay2@company.com ,Ops,  Executive ,West - Mumbai,Campus Drive,,Experienced,29 Dec 2020,05-07-2023,240,,,,,,Work-Life Balance / Burnout,Inactive,Hybrid,Company Cab,"INR 578,000",78,26,80%,0.73,3,3,Low,3.0
EMP-0192,Suresh Venkatesh,EMP-0320,male,1969-04-24,SURESH.VENKATESH@COMPANY.COM,,TEAM LEAD,South - Chennai,Walk-In,0,Experienced,08 Aug 2023,,240,225.0,3,9.0,3.0,8,,Active,HYBRID,Own Vehicle,25.48,86,39,72,77,5,,High,3.0
EMP-0193,rajesh patel,EMP-0140,M,06-21-2001,rajesh_patel@company.com,Engineering,Assistant Manager,South - Bangalore,LinkedIn,0,Experienced,01-03-2021,12/03/2023,240,223.0,6,10.0,1.0,8,Better Compensation & Benefits,Resigned,Onsite,Company Cab,25.56 LPA,90,1,0.71,78%,5,3,Low,4.0
EMP-0194,sneha singh,,Female,08-08-1983,sneha.singh@yahoo.com,,manager,West - Mumbai,LinkedIn,0,Experienced,24 Nov 2022,,240,216.0,13,7.0,4.0,9,,,Hybrid,Own Vehicle,19.01,49,12,61,62,6,1,High,4.0
EMP-0195,  Divya   Joshi ,EMP-0180,,1990/06/16,DIVYA.JOSHI@YAHOO.COM,Sales,Assistant Manager,North - Delhi,Company Career Site,0,Experienced,2021/01/14,2023-05-06,240,228.0,4,5.0,3.0,4,Relocation / Personal Reasons,Inactive,WFH,Company Cab,11.81,54,31,67,69,5,4,high,3.0
EMP-0196,Sneha Rao,EMP-0220,Female,1993-07-30,sneha_rao@outlook.com,Marketing,assistant manager,South - Bangalore,Walk-In,0,Experienced,10-31-2022,,240,212.0,10 days,9.0,9.0,15,,Active,Onsite,Company Cab,12.06,71,30 hrs,65%,68,5,2,High,6.0
EMP-0197,kavitha rao,EMP-0120,Female,1993-12-07,kavitha_rao@company.com,Engineering,  Executive ,mumbai,LinkedIn,0,Fresher,12-27-2019,,240,224.0,6,8.0,2.0,7,,Active,Onsite,Own Vehicle,"$25,548",67,15,,76%,3,3,MEDIUM,2.0
EMP-0198,Karthik Reddy,EMP-0010,Male,09/02/2000,karthik_reddy@yahoo.com,Human Resources,executive,chennai,Company Career Site,0,Fresher,2018/02/02,2019-12-21,240,226.0,6,6.0,2.0,8,Work-Life Balance / Burnout,Resigned,WFH,OWN VEHICLE,25.48,76,31,82,78,5,3,High,2.0
EMP-0199,LAKSHMI KUMAR,DIR-0001,,1975/09/15,  lakshmi55@yahoo.com ,Operations,MANAGER,chennai,Walk-In,0,Experienced,31 Oct 2021,,240,228.0,4,6.0,2.0,4 times,,Active,WFH,Own Vehicle,25.23 LPA,65,31,63,,5,4,high,3.0
EMP-0200,pooja singh,EMP-0260,female,,  pooja82@company.com ,Finance,  Assistant Manager ,North - Delhi,Walk-In,0,Experienced,08-16-2021,,240,228.0,2,9.0,1.0,6,,Active,Onsite,Own Vehicle,22.61,49,33,64,65,4,4,High,2.0
EMP-0201,  Manoj   Iyer ,EMP-0200,Male,1977/08/07,  manoj53@gmail.com ,Sales,,South - Bangalore,Company Career Site,0,Experienced,15 Jun 2022,,240,228.0,2,9.0,1.0,4,,Active,HYBRID,COMPANY CAB,,49,,63%,57%,4,3,Low,3.0
EMP-0202,  Pradeep   Nair ,EMP-0200,male,04-17-1989,pradeep.nair@yahoo.com,Sales,EXECUTIVE,CHENNAI,Naukri,0,Experienced,,26/05/2022,240,225.0,3,9.0,3.0,5,Better Career Growth,INACTIVE,hybrid,Company Cab,5.56,86,9,68,73,6,4,low,3.0
EMP-0203,KAVITHA SHARMA,EMP-0120,,21 Apr 1976,kavitha.sharma@gmail.com,Engineering,senior executive,South - Bangalore,LinkedIn,0,Experienced,2020/09/08,,240,222.0,6,10.0,2.0,2,,,WFH,Company Cab,7.46,42,14,64,66,7,3,Medium,3.0
EMP-0204,anitha singh,EMP-0100,female,24/10/1972,anitha.singh@company.com,Technology,Assistant Manager,South - Chennai,Walk-In,0,Experienced,2020-12-24,2022-09-30,240,218.0,9,6.0,7.0,13,Involuntary - Restructuring,Resigned,WFH,Own Vehicle,25.51,15,16,58,61,5,2,High,3.0
EMP-0205,  Pooja   Kumar ,EMP-0010,,10 Jan 1985,pooja.kumar@company.com,H.R.,EXECUTIVE,BENGALURU,LinkedIn,0,Fresher,2020/12/20,,240,231.0,3,6.0,0.0,3,,Active,Hybrid,Company Cab,18.36 LPA,97,39,0.66,70%,4,3,High,3.0
EMP-0206,ramesh patel,EMP-0160,,17 Mar 1978,  ramesh71@gmail.com ,Sales,executive,West - Mumbai,LinkedIn,0,Experienced,2019-10-07,,240,232.0,4,4.0,0.0,5,,Active,Hybrid,Company Cab,3.73,28,17,59%,66,5,3,High,1.0
EMP-0207,Vijay Joshi,EMP-0300,,1982-02-05,vijay.joshi@outlook.com,Operations,  Executive ,South - Bangalore,Employee Referral,2500,Fresher,21/07/2021,11 Jan 2022,240,212.0,8,9.0,11.0,9,Involuntary - Performance,Inactive,Hybrid,Own Vehicle,5.99,89,8,63,68,6,1,High,1.0
EMP-0208,ANITHA KUMAR,,,25/04/1991,ANITHA.KUMAR@OUTLOOK.COM,Technology,  Manager ,North - Delhi,Naukri,0,,09 May 2024,,240,218.0,6,8.0,8.0,15,,Active,Onsite,Own Vehicle,19.76,49,24,71,78,2,2,High,2.0
EMP-0209,  Lakshmi   Singh ,EMP-0260,female,03-15-1984,lakshmi_singh@outlook.com,Finance,SENIOR EXECUTIVE,South - Bangalore,Company Career Site,0,Experienced,,,240,226.0,5,7.0,2.0,3,,ACTIVE,Onsite,Company Cab,3.62,68,39,66,63%,9,5,High,3.0
EMP-0210,VIKRAM PATEL,EMP-0300,,1969-10-27,vikram_patel@gmail.com,,senior executive,East - Kolkata,Campus Drive,10068,Experienced,2019/05/15,20/06/2020,240,217.0,6,6.0,11.0,9,Better Compensation & Benefits,Inactive,Hybrid,OWN VEHICLE,7.44,68,13,67,76,7,1,High,3.0
EMP-0211,Deepa Singh,,Female,10 Mar 1973,,Technology,executive,CHENNAI,,,Fresher,2019/05/08,,240,215.0,7 days,7.0,11.0,9,,Active,Onsite,Own Vehicle,16.94 LPA,,24,68%,0.67,4,1,,4.0
EMP-0212,MANOJ REDDY,EMP-0050,,12-06-1994,MANOJ.REDDY@GMAIL.COM,Technology,EXECUTIVE,DELHI,LinkedIn,0,Fresher,31/03/2024,,240,223.0,6,5.0,6.0,20,,Active,WFH,own vehicle,20.45,50,21,64,63,1,2,high,3.0
EMP-0213,  Pooja   Kumar ,EMP-0300,F,23 Sep 2005,pooja_kumar@gmail.com,Ops,EXECUTIVE,South - Bangalore,Naukri,0,Fresher,18/02/2021,,240,228.0,6,6.0,0.0,4,,Active,Onsite,own vehicle,19.47,22,29,63,67%,6,5,Medium,2.0
EMP-0214,  Vikram   Sharma ,EMP-0180,,04-08-1986,VIKRAM.SHARMA@YAHOO.COM,Sales & Mktg,TEAM LEAD,North - Delhi,COMPANY CAREER SITE,0,Experienced,09-02-2023,,240,227.0,2,8.0,3.0,4,,Active,Hybrid,Company Cab,8.99,54,19,60,64,5,4,High,3.0
EMP-0215,rajesh singh,EMP-0050,Male,13/03/1987,rajesh_singh@gmail.com,IT,EXECUTIVE,North - Delhi,Company Career Site,0,Fresher,03 Aug 2023,,240,224.0,6,7.0,3.0,8,,Active,WFH,Own Vehicle,20.95,98,20,85,83,4,,Low,3.0
EMP-0216,  Anitha   Singh ,EMP-0350,Female,22 Sep 2005,ANITHA.SINGH@COMPANY.COM,Ops,Senior Executive,DELHI,NAUKRI,0,Fresher,2019-11-02,,240,223.0,4,10.0,3.0,5,,active,Hybrid,Own Vehicle,9.31,62,43,58%,60,5,3,Medium,3.0
EMP-0217,PRADEEP JOSHI,EMP-0050,M,25/06/1984,pradeep.joshi@company.com,IT,TEAM LEAD,chennai,walk-in,0,Experienced,11/08/2022,,240,226.0,6,8.0,0.0,2 times,,Active,Onsite,Company Cab,11.47 LPA,51,31,0.54,64%,5,4,HIGH,1.0
EMP-0218,MEERA RAO,DIR-0001,,,MEERA.RAO@YAHOO.COM,HR,  Manager ,Bengaluru,Naukri,0,Experienced,27/12/2022,,240,227.0,3,9.0,1.0,5,,Active,Onsite,Own Vehicle,21.79,72,20,69,65,6,3,Medium,4.0
EMP-0219,suresh iyer,EMP-0140,male,1998-02-23,suresh.iyer@yahoo.com,Engineering,EXECUTIVE,West - Mumbai,Naukri,0,Fresher,28 Jun 2022,,240,232.0,2,5.0,1.0,3,,Active,Onsite,Own Vehicle,19.42,36,34,56,66,4,3,High,2.0
EMP-0220,priya patel,EMP-0010,Female,1991-06-12,priya_patel@outlook.com,HR,Assistant Manager,North - Delhi,Walk-In,0,Experienced,,,240,216.0,14,4.0,6.0,8,,Active,Hybrid,Own Vehicle,24.31,47,31,61,62,8,1,High,3.0
EMP-0221,  Ananya   Singh ,EMP-0100,,16 Sep 1985,ANANYA.SINGH@OUTLOOK.COM,Technology,Senior Executive,North - Delhi,Employee Referral,"INR 2,500",Fresher,2018-09-11,10/11/2020,240,225.0,5,7.0,3.0,5,Involuntary - Restructuring,Resigned,Onsite,COMPANY CAB,"INR 1,961,000",69,29,71%,,7,Low,Medium,3.0
EMP-0222,  Kavitha   Joshi ,EMP-0050,,24/07/1972,kavitha.joshi@yahoo.com,IT,SENIOR EXECUTIVE,DELHI,LinkedIn,0,Fresher,2022-12-05,,240,231.0,2,5.0,2.0,5,,Active,,Own Vehicle,17.42,16,38,59,50,1,Low,High,2.0
EMP-0223,KAVITHA REDDY,EMP-0100,female,12-05-1976,KAVITHA.REDDY@YAHOO.COM,Technology,  Executive ,DELHI,company career site,0,Experienced,2022/02/14,,240,230.0,5,4.0,1.0,5,,active,Onsite,OWN VEHICLE,5.8 LPA,14,11,51,50,7,3,MEDIUM,3.0
EMP-0224,Meera Iyer,EMP-0280,Female,10 Nov 2005,  meera39@gmail.com ,Finance,SENIOR EXECUTIVE,chennai,Company Career Site,0,Experienced,06/07/2018,,240,224.0,6,9.0,1.0,7,,Active,Hybrid,Own Vehicle,12.51,54,40,56,53,4,3,High,0.0
EMP-0225,  Deepa   Iyer ,EMP-0050,F,05 Aug 2005,  deepa34@outlook.com ,Technology,Team Lead,BENGALURU,Naukri,0,Experienced,2019-12-31,,240,229.0,2,8.0,1.0,3,,Active,Onsite,OWN VEHICLE,"$12,000",67,17,,60%,3,3,MEDIUM,3.0
EMP-0226,PRADEEP KUMAR,emp-0280,,1980/06/29,pradeep.kumar@company.com,Finance,  Assistant Manager ,South - Chennai,Company Career Site,0,Experienced,02/08/2021,,240,225.0,4 days,10.0,1.0,2,,Active,HYBRID,Own Vehicle,,-15,,58%,60,8,3,Medium,1.0
EMP-0227,Sneha Singh,EMP-0320,male,04 Dec 2001,SNEHA.SINGH@OUTLOOK.COM,,executive,South - Bangalore,Employee Referral,2500,Fresher,19/04/2018,25/02/2019,240,231.0,2,5.0,2.0,5,Involuntary - Restructuring,Terminated,Hybrid,Company Cab,27.34,32,12,46,50,3,Low,High,2.0
EMP-0228,  Priya   Venkatesh ,EMP-0300,F,1997/11/26,priya.venkatesh@yahoo.com,Operations,  Assistant Manager ,BENGALURU,Naukri,0,Experienced,2022-06-19,,240,228.0,5,4.0,3.0,5,,Active,Onsite,Company Cab,13.13,51,20,61,64,7,4,Medium,3.0
EMP-0229,karthik singh,DIR-0001,Male,1989/09/25,karthik_singh@outlook.com,Technology,  Manager ,West - Mumbai,Employee Referral,,Experienced,05/11/2019,,240,,,,,,,Active,Onsite,own vehicle,25.36 LPA,19,7,0.60,57%,5,3,High,2.0
EMP-0230,Lakshmi Iyer,DIR-0001,Female,13 Jun 2002,  lakshmi1@gmail.com ,Operations,  Manager ,East - Kolkata,Walk-In,0,Experienced,03-29-2022,23 Apr 2025,240,210.0,12,6.0,12.0,16,Work-Life Balance / Burnout,Inactive,Onsite,Own Vehicle,18.96,41,39,53,62,6,2,High,3.0
EMP-0231,pooja iyer,EMP-0180,Female,31 Mar 1979,  pooja39@outlook.com ,Sales,  Senior Executive ,South - Bangalore,Recruitment Agency,72918,Fresher,2019-12-22,,240,228.0,5,7.0,0.0,1,,ACTIVE,Hybrid,Company Cab,"INR 2,297,000",62,6,66%,0.67,6,,MEDIUM,3.0
EMP-0232,Pooja Kumar,EMP-0180,,09/03/1996,pooja.kumar@yahoo.com,Sales,TEAM LEAD,South - Bangalore,Naukri,0,Experienced,03 Feb 2020,08/03/2022,240,210.0,12,9.0,9.0,17,Involuntary - Restructuring,Inactive,Hybrid,own vehicle,15.81,39,22,56,63,4,2,High,2.0
EMP-0233,Suresh Reddy,EMP-0180,,,  suresh93@gmail.com ,Sales,senior executive,mumbai,Recruitment Agency,78678,Fresher,03-10-2022,19/07/2023,240,221.0,10,4.0,5.0,11,Better Career Growth,Inactive,Hybrid,Company Cab,17.63,48,43,68,76%,2,1,High,5.0
EMP-0234,  Sneha   Sharma ,EMP-0280,F,2005-03-30,sneha_sharma@company.com,Finance,  Assistant Manager ,South - Chennai,Naukri,0,Experienced,31 Aug 2019,,240,226.0,6,8.0,0.0,5,,Active,WFH,Company Cab,15.57,40,31,73,82,5,3,High,3.0
EMP-0235,Suresh Kumar,EMP-0100,Male,14/03/1969,suresh.kumar@yahoo.com,Technology,senior executive,South - Bangalore,Campus Drive,13439,Experienced,2020/02/18,,240,229.0,6,4.0,1.0,8 times,,ACTIVE,Onsite,company cab,8.28 LPA,91,10,75,75,7,,MEDIUM,0.0
EMP-0236,priya patel,EMP-0010,female,06-20-1998,priya_patel@gmail.com,Human Resources,executive,North - Delhi,Walk-In,0,Fresher,06 Jan 2018,,240,222.0,6,9.0,3.0,5,,active,Hybrid,Company Cab,21.2,11,21,68%,68,2,3,Medium,3.0
EMP-0237,ANITHA VENKATESH,EMP-0100,female,1995/11/25,ANITHA.VENKATESH@OUTLOOK.COM,IT,team lead,North - Delhi,Employee Referral,"INR 5,000",Experienced,28/06/2020,,240,226.0,3,8.0,3.0,8,,Active,Onsite,company cab,10.38,87,21,77,79%,4,3,Medium,3.0
EMP-0238,LAKSHMI VENKATESH,EMP-0120,female,1971/06/07,LAKSHMI.VENKATESH@GMAIL.COM,Engineering,Executive,DELHI,Naukri,0,Experienced,2022/09/30,,240,229.0,2,7.0,2.0,7,,Active,Onsite,Own Vehicle,4.1,86,42,72,78,8,4,High,3.0
EMP-0224,  Karthik   Rao ,EMP-0010,M,24 Jul 2003,karthik.rao@outlook.com,Human Resources,ASSISTANT MANAGER,chennai,Company Career Site,0,Experienced,2018-05-23,23 Aug 2021,240,230.0,4,6.0,0.0,3,Better Career Growth,Resigned,Onsite,own vehicle,"$23,172",21,24,67,67,5,4,Medium,2.0
EMP-0240,PRADEEP RAO,EMP-0140,,12 Sep 1997,pradeep.rao@outlook.com,Engineering,SENIOR EXECUTIVE,West - Mumbai,Company Career Site,0,Experienced,06 Jul 2018,,240,226.0,4,7.0,3.0,5,,ACTIVE,hybrid,Public Transport,7.84,48,21,66,68,4,4,MEDIUM,3.0
EMP-0241,  Pradeep   Patel ,EMP-0350,male,1979/09/27,  pradeep29@company.com ,Operations,,BENGALURU,Walk-In,0,Experienced,10/05/2019,21 Aug 2020,240,206.0,12 days,10.0,12.0,8,Better Compensation & Benefits,Inactive,Hybrid,Own Vehicle,26.54 LPA,,27,54%,58%,3,1,High,2.0
EMP-0242,priya singh,DIR-0001,Female,2006/07/24,priya_singh@outlook.com,H.R.,Manager,South - Bangalore,Naukri,0,EXPERIENCED,08 Jun 2018,,240,229.0,5,4.0,2.0,5,,Active,Onsite,Own Vehicle,26.87,22,28,63,61,4,3,Medium,3.0
EMP-0243,karthik singh,EMP-0010,male,2002-04-08,  karthik47@yahoo.com ,H.R.,assistant manager,South - Bangalore,WALK-IN,0,Experienced,2022/06/12,,240,229.0,4,4.0,3.0,1,,Active,ONSITE,Company Cab,25.91,55,12,60,,8,3,Medium,3.0
EMP-0244,  Anitha   Patel ,EMP-0050,Female,05 May 1973,ANITHA.PATEL@OUTLOOK.COM,IT,  Team Lead ,South - Bangalore,LinkedIn,0,Experienced,05/04/2024,21 Oct 2025,240,209.0,14,7.0,10.0,8,Relocation / Personal Reasons,Inactive,WFH,Company Cab,12.57,36,17,58,56,5,2,High,2.0
EMP-0245,  Meera   Iyer ,EMP-0010,female,04 Apr 2006,meera.iyer@yahoo.com,H.R.,  Executive ,chennai,Company Career Site,0,Experienced,12-09-2020,14/10/2023,240,227.0,3,8.0,2.0,8,Involuntary - Performance,Inactive,onsite,own vehicle,3.88,26,1,53,54%,3,Very High,High,2.0
EMP-0246,vikram iyer,,male,1969-08-12,,IT,Assistant Manager,chennai,,,Experienced,08-21-2021,,240,225.0,5,10.0,0.0,4,,Active,onsite,Company Cab,26.24,69,28,74%,77,9,3,,1.0
EMP-0247,  Divya   Kumar ,EMP-0220,,07-30-1997,divya_kumar@outlook.com,Marketing,  Assistant Manager ,South - Chennai,Recruitment Agency,46577,EXPERIENCED,09/05/2020,,240,216.0,10,8.0,6.0,22,,,Hybrid,Own Vehicle,13.99 LPA,73,20,72,77,5,1,High,4.0
EMP-0248,Priya Rao,EMP-0200,F,13 May 1975,PRIYA.RAO@COMPANY.COM,Sales & Mktg,assistant manager,chennai,Naukri,0,Experienced,18/09/2019,2022-09-23,240,226.0,4,7.0,3.0,2,Relocation / Personal Reasons,Resigned,Hybrid,Own Vehicle,27.18,97,14,78,85,6,4,Low,3.0
EMP-0249,divya reddy,EMP-0075,,06 Jan 1982,divya_reddy@yahoo.com,IT,  Executive ,South - Bangalore,Recruitment Agency,68855,Fresher,03-11-2019,,240,218.0,6,9.0,7.0,19,,Active,Onsite,COMPANY CAB,27.11,44,26,61,58%,5,2,HIGH,5.0
EMP-0250,vikram rao,DIR-0001,Male,1972/11/27,  vikram91@gmail.com ,Human Resources,  Manager ,BENGALURU,Company Career Site,0,Experienced,2019/09/23,,240,231.0,3,6.0,0.0,7,,Active,Work From Home,Own Vehicle,24.4,79,30,71,70,8,5,Medium,3.0
EMP-0282,karthik kumar,DIR-0001,male,1997/08/10,karthik.kumar@company.com,Operations,MANAGER,North - Delhi,Naukri,0,Experienced,01-25-2020,,240,233.0,2,5.0,0.0,8,,Active,Onsite,Company Cab,,92,,79%,0.78,8,4,medium,4.0
EMP-0252,priya rao,EMP-0280,M,01 Sep 1993,  priya6@company.com ,Finance,team lead,CHENNAI,Company Career Site,0,Experienced,2022/03/25,,240,228.0,2,9.0,1.0,8,,,Onsite,Own Vehicle,12.93,39,22,74,84,6,3,High,
EMP-0253,karthik patel,EMP-0010,M,28/04/2006,karthik_patel@company.com,HR,Assistant Manager,Bengaluru,Walk-In,0,Experienced,2021-10-14,23 Apr 2023,240,226.0,4,8.0,2.0,7 times,Better Compensation & Benefits,Resigned,hybrid,Company Cab,24.35 LPA,80,23,,89%,7,5,Low,0.0
EMP-0254,ANANYA REDDY,EMP-0010,,07-22-1985,  ananya5@outlook.com ,H.R.,  Team Lead ,chennai,company career site,0,Experienced,2020-09-29,,240,213.0,13,7.0,7.0,15,,Active,HYBRID,Own Vehicle,11.26,83,43,69,72,4,1,High,5.0
EMP-0255,pooja joshi,EMP-0025,Female,1984/12/11,POOJA.JOSHI@COMPANY.COM,HR,  Executive ,North - Delhi,linkedin,0,Fresher,17 Jan 2021,,240,226.0,6,5.0,3.0,4,,Active,wfh,Company Cab,7.65,72,12,72,75,8,3,MEDIUM,2.0
EMP-0256,suresh singh,,male,05-19-2002,  suresh16@outlook.com ,Engineering,Manager,South - Chennai,Naukri,0,Experienced,,,240,225.0,6 days,8.0,1.0,2,,active,Onsite,company cab,17.14,37,21,74%,74,8,Low,Medium,4.0
EMP-0257,Sneha Singh,EMP-0120,Female,1969/04/06,sneha_singh@outlook.com,Engineering,Senior Executive,South - Chennai,Walk-In,0,Fresher,07-27-2020,20/07/2022,240,223.0,4,10.0,3.0,6,Involuntary - Performance,Inactive,Onsite,Own Vehicle,26.44,69,42,59,69%,10,3,High,4.0
EMP-0258,vikram iyer,EMP-0050,male,07-17-2005,VIKRAM.IYER@OUTLOOK.COM,IT,  Team Lead ,North - Delhi,Employee Referral,5000,Experienced,2018-02-25,,240,216.0,14,6.0,4.0,12,,Active,HYBRID,Own Vehicle,20.55,88,36,75,80,7,1,Medium,3.0
EMP-0259,vijay kumar,EMP-0100,F,2001/04/14,vijay_kumar@yahoo.com,IT,  Assistant Manager ,mumbai,Walk-In,0,Experienced,2022-04-28,,240,209.0,10,10.0,11.0,21,,Active,onsite,Own Vehicle,17.47 LPA,46,32,67,70,5,2,High,2.0
EMP-0260,pradeep nair,EMP-0010,male,,PRADEEP.NAIR@OUTLOOK.COM,Human Resources,executive,North - Delhi,Walk-In,0,FRESHER,20/03/2021,,240,227.0,3,7.0,3.0,6,,Active,Hybrid,Own Vehicle,5.88,31,2,62,59,9,4,Low,2.0
EMP-0261,KAVITHA SHARMA,EMP-0160,female,23 Apr 1983,kavitha.sharma@gmail.com,Sales & Mktg,ASSISTANT MANAGER,West - Mumbai,Walk-In,0,Experienced,24 Apr 2023,,240,225.0,4,8.0,3.0,8,,Active,HYBRID,Own Vehicle,"INR 1,857,000",77,18 hrs,63%,60%,10,3,High,3.0
EMP-0262,priya rao,EMP-0050,F,06-25-1983,PRIYA.RAO@GMAIL.COM,Technology,executive,South - Chennai,LinkedIn,0,Fresher,2021-02-07,,240,225.0,4,10.0,1.0,4,,Active,WFH,Company Cab,27.76,29,22,55,56,3,3,Medium,3.0
EMP-0263,karthik singh,EMP-0050,M,13/07/1970,  karthik65@company.com ,Technology,  Team Lead ,South - Bangalore,Campus Drive,9633,EXPERIENCED,26/10/2020,05-11-2021,240,226.0,6,7.0,1.0,7,Relocation / Personal Reasons,Resigned,Hybrid,Company Cab,6.93,77,28,72,72,8,3,High,3.0
EMP-0264,Sneha Venkatesh,EMP-0075,F,01-26-1997,SNEHA.VENKATESH@GMAIL.COM,Technology,  Assistant Manager ,South - Bangalore,LinkedIn,0,Experienced,12-21-2018,,240,217.0,6,6.0,11.0,19,,Active,Hybrid,OWN VEHICLE,16.2,73,29,73,71,5,2,Medium,3.0
EMP-0265,Suresh Singh,EMP-0280,M,1998-11-11,  suresh55@gmail.com ,Finance,Executive,South - Chennai,Campus Drive,16617,Fresher,05-08-2024,,240,227.0,5,7.0,1.0,8,,Active,Onsite,Own Vehicle,25.0 LPA,26,38,0.61,,3,3,High,2.0
EMP-0266,VIKRAM JOSHI,EMP-0075,M,02-18-1973,vikram_joshi@gmail.com,Technology,Executive,South - Bangalore,Walk-In,0,Fresher,,21 Sep 2021,240,217.0,6,5.0,12.0,17,Involuntary - Restructuring,Resigned,WFH,Own Vehicle,21.65,21,43,54%,54,3,2,High,3.0
EMP-0267,  Deepa   Nair ,DIR-0001,female,02-25-1992,  deepa37@outlook.com ,Sales,manager,West - Mumbai,Employee Referral,,Experienced,16 May 2020,,240,,,,,,,Active,onsite,Company Cab,"$24,695",31,24,61,62,7,3,Medium,0.0
EMP-0268,  Vijay   Sharma ,EMP-0025,Male,03 Jul 1997,vijay.sharma@outlook.com,Human Resources,Assistant Manager,North - Delhi,Recruitment Agency,69945,Experienced,2022-01-05,,240,226.0,4,10.0,0.0,8,,Active,Hybrid,OWN VEHICLE,20.71,26,36,58,61,6,4,HIGH,0.0
EMP-0269,divya kumar,EMP-0160,Female,11-22-1986,DIVYA.KUMAR@OUTLOOK.COM,Sales & Mktg,Assistant Manager,West - Mumbai,Company Career Site,0,Experienced,2018-01-03,,240,227.0,2,8.0,3.0,1,,Active,Hybrid,Own Vehicle,12.31,19,7,54,54%,9,3,Medium,5.0
EMP-0270,PRADEEP SINGH,EMP-0010,,,PRADEEP.SINGH@COMPANY.COM,HR,ASSISTANT MANAGER,DELHI,Naukri,0,Experienced,2022-11-16,,240,229.0,3,7.0,1.0,2,,Active,Onsite,Company Cab,10.69,74,41,75,73,3,3,High,3.0
EMP-0271,sneha nair,emp-0320,Female,12-30-1968,  sneha99@company.com ,Operations,Executive,North - Delhi,Recruitment Agency,41005,Fresher,2023-07-26,,240,209.0,13 days,10.0,8.0,13 times,,Active,ONSITE,company cab,23.33 LPA,,15,61%,0.59,7,1,High,2.0
EMP-0272,VIJAY PATEL,EMP-0300,male,07-04-1985,  vijay90@gmail.com ,Ops,EXECUTIVE,East - Kolkata,Employee Referral,2500,FRESHER,2018/10/28,,240,222.0,6,9.0,3.0,2,,Active,WFH,Company Cab,23.35,99,7,70,79,2,4,Low,5.0
EMP-0273,PRADEEP SHARMA,EMP-0320,,04 Apr 2004,pradeep_sharma@company.com,Operations,Assistant Manager,South - Bangalore,walk-in,0,Experienced,2022/10/28,,240,207.0,11,10.0,12.0,14,,Active,Hybrid,Company Cab,24.74,91,0,76,73%,5,1,High,3.0
EMP-0274,ARUN NAIR,EMP-0180,male,14/04/1998,arun_nair@company.com,Sales,EXECUTIVE,chennai,LINKEDIN,0,Fresher,19 Dec 2023,,240,224.0,4,9.0,3.0,1,,Active,Onsite,Own Vehicle,25.87,59,43,61,65,2,3,High,4.0
EMP-0275,Manoj Reddy,EMP-0240,male,07-21-1990,MANOJ.REDDY@GMAIL.COM,Marketing,assistant manager,West - Mumbai,naukri,0,Experienced,08 May 2024,,240,229.0,6,4.0,1.0,5,,Active,hybrid,company cab,16.03,23,4,42,50,2,3,Medium,3.0
EMP-0276,MANOJ REDDY,DIR-0001,M,06-08-1981,MANOJ.REDDY@COMPANY.COM,IT,MANAGER,chennai,Naukri,0,Experienced,07 Nov 2019,,240,217.0,9,9.0,5.0,14,,Active,Onsite,Company Cab,,73,,69%,71,8,2,High,4.0
EMP-0277,Ananya Rao,EMP-0240,,18 Jan 1977,ananya.rao@company.com,Marketing,Executive,chennai,Company Career Site,0,Fresher,30 Jan 2020,,240,218.0,7,10.0,5.0,15,,active,Hybrid,company cab,23.06 LPA,56,0,0.64,76%,7,1,HIGH,2.0
EMP-0278,ananya venkatesh,DIR-0001,Female,2003-04-23,ananya_venkatesh@company.com,Sales & Mktg,MANAGER,,Recruitment Agency,87346,EXPERIENCED,04-26-2018,,240,226.0,3,9.0,2.0,1,,active,Onsite,Company Cab,19.42,38,3,52,57,4,4,LOW,2.0
EMP-0279,KARTHIK KUMAR,DIR-0001,,14/01/1992,  karthik25@gmail.com ,Marketing,Manager,South - Chennai,Campus Drive,10361,Experienced,13 Dec 2023,,240,224.0,6,6.0,4.0,12,,ACTIVE,ONSITE,Own Vehicle,20.7,85,39,75,87,3,2,High,3.0
EMP-0280,ramesh reddy,,M,02-17-1970,ramesh_reddy@company.com,Sales & Mktg,manager,chennai,Recruitment Agency,66868,Experienced,18/09/2022,10/08/2024,240,227.0,4,6.0,3.0,3,Better Career Growth,Resigned,Onsite,Company Cab,23.0,45,34,57,56,6,3,high,3.0
EMP-0281,Rajesh Patel,,Male,12/01/1986,,Sales,,North - Delhi,,,Fresher,18 Apr 2019,,240,213.0,9,8.0,10.0,17,,Active,Hybrid,Company Cab,"INR 2,531,000",61 Hours,31,,64%,5,1,,3.0
EMP-0282,Vijay Joshi,EMP-0260,,1972/02/15,VIJAY.JOSHI@GMAIL.COM,Finance,  Team Lead ,chennai,Company Career Site,0,Experienced,2020/02/11,,240,231.0,3,5.0,1.0,2,,active,Onsite,Own Vehicle,11.78,85,41,67,72,8,3,High,3.0
EMP-0283,pradeep singh,EMP-0140,Male,02-09-1983,pradeep.singh@gmail.com,Engineering,TEAM LEAD,West - Mumbai,Employee Referral,5000,Experienced,26/06/2024,,240,213.0,12,8.0,7.0,15,,Active,Hybrid,COMPANY CAB,12.7 LPA,16,33,55,56,High,2,High,4.0
EMP-0284,PRADEEP JOSHI,EMP-0010,F,2003/12/09,pradeep_joshi@outlook.com,Human Resources,EXECUTIVE,South - Bangalore,Employee Referral,2500,Fresher,2019-08-16,,240,228.0,6,5.0,1.0,8,,Active,Onsite,company cab,5.8,38,42,58,69,4,3,High,3.0
EMP-0285,  Sanjay   Patel ,EMP-0010,Male,05-29-1977,SANJAY.PATEL@YAHOO.COM,HR,executive,West - Mumbai,Walk-In,0,Fresher,12-12-2021,,240,215.0,10,7.0,8.0,18,,Active,Hybrid,Own Vehicle,17.67,20,24,51,55%,6,2,High,2.0
EMP-0286,  Arun   Singh ,EMP-0200,male,03-23-1997,  arun55@company.com ,Sales,Senior Executive,South - Chennai,Naukri,0,Experienced,03-29-2022,,240,225.0,2 days,10.0,3.0,5,,Active,Onsite,Own Vehicle,4.38,42,9,60%,57,8,3,Low,6.0
EMP-0287,  Sneha   Singh ,EMP-0180,female,14 Jun 1981,sneha.singh@outlook.com,Sales,Senior Executive,CHENNAI,linkedin,0,Fresher,02-12-2023,,240,216.0,14,5.0,5.0,15,,Active,hybrid,Own Vehicle,14.91,15,20,70,,6,2,Medium,3.0
EMP-0288,KARTHIK NAIR,EMP-0100,,20/01/1982,karthik.nair@outlook.com,IT,  Assistant Manager ,East - Kolkata,Company Career Site,0,Experienced,,,240,213.0,11,8.0,8.0,18,,Active,Hybrid,Company Cab,16.79,88,38,61,55,5,2,High,3.0
EMP-0289,rajesh patel,EMP-0100,male,1979/04/09,rajesh.patel@yahoo.com,Technology,Executive,West - Mumbai,Company Career Site,0,Fresher,04-17-2024,,240,224.0,5,9.0,2.0,8 times,,Active,HYBRID,Own Vehicle,10.52 LPA,41,26,0.64,66%,5,3,High,3.0
EMP-0290,lakshmi joshi,DIR-0001,,1998/02/14,  lakshmi36@yahoo.com ,H.R.,manager,BENGALURU,Naukri,0,Experienced,11-18-2022,,240,228.0,4,5.0,3.0,8,,Active,Onsite,Own Vehicle,17.98,60,26,76,79,7,Very High,Medium,3.0
EMP-0291,  Pooja   Rao ,EMP-0200,,1968/10/31,pooja_rao@yahoo.com,Sales & Mktg,  Executive ,South - Bangalore,LINKEDIN,0,Experienced,2023-01-18,,240,230.0,2,5.0,3.0,6,,Active,Onsite,Company Cab,"INR 425,000",84,1,68%,0.72,8,4,Low,3.0
EMP-0292,KARTHIK JOSHI,EMP-0050,male,16 Nov 1993,  karthik7@company.com ,Technology,Senior Executive,Bengaluru,COMPANY CAREER SITE,0,Experienced,04-04-2020,,240,213.0,10,9.0,8.0,8,,Active,WFH,Public Transport,4.42,67,40,68,77,7,2,High,3.0
EMP-0293,  Deepa   Reddy ,EMP-0260,,15 Dec 2004,deepa.reddy@company.com,Finance,assistant manager,,Campus Drive,18727,Experienced,05-19-2018,,240,229.0,5,6.0,0.0,1,,Active,Onsite,Public Transport,23.65,96,12,59,67%,9,3,Low,4.0
EMP-0294,  Deepa   Iyer ,EMP-0050,F,1996/08/12,deepa.iyer@gmail.com,Technology,  Assistant Manager ,chennai,Company Career Site,0,Experienced,07-24-2022,,240,222.0,6,9.0,3.0,5,,active,Hybrid,Company Cab,12.32,35,8,60,60,9,3,Medium,4.0
EMP-0295,ramesh iyer,EMP-0120,M,02 Apr 2006,RAMESH.IYER@YAHOO.COM,Engineering,  Executive ,chennai,Campus Drive,10529,Fresher,2023/04/11,18 Dec 2024,240,227.0,3,8.0,2.0,4,Work-Life Balance / Burnout,Inactive,WFH,Company Cab,6.61 LPA,55,35,59,55,6,4,High,3.0
EMP-0296,  Kavitha   Venkatesh ,EMP-0010,female,2000-08-04,kavitha_venkatesh@yahoo.com,HR,assistant manager,BENGALURU,LinkedIn,0,Experienced,03 Feb 2020,,240,215.0,9,8.0,8.0,18,,Active,Hybrid,Own Vehicle,16.29,38,21,64%,61,6,1,High,4.0
EMP-0297,Karthik Sharma,DIR-0001,,04 May 1984,karthik.sharma@yahoo.com,Engineering,  Manager ,South - Bangalore,Campus Drive,9225,Experienced,05/05/2024,,240,228.0,3,9.0,0.0,1,,Active,HYBRID,Own Vehicle,22.36,13,41,50,50%,5,3,HIGH,3.0
EMP-0298,SNEHA NAIR,EMP-0120,F,10-01-1974,SNEHA.NAIR@OUTLOOK.COM,Engineering,executive,Bengaluru,LinkedIn,0,Fresher,07/04/2022,,240,209.0,10,10.0,11.0,8,,Active,Hybrid,COMPANY CAB,8.79,90,25,91,93,5,2,High,3.0
EMP-0299,manoj joshi,EMP-0120,M,05-27-1986,manoj_joshi@yahoo.com,Engineering,EXECUTIVE,mumbai,employee referral,2500,Fresher,2022-02-28,,240,227.0,6,6.0,1.0,2,,Active,onsite,Company Cab,18.76,22,11,58,62,7,4,Low,4.0
EMP-0300,  Vijay   Nair ,EMP-0350,Male,21/11/1970,  vijay39@yahoo.com ,Operations,Senior Executive,South - Bangalore,Recruitment Agency,70768,Experienced,2021/12/03,,240,227.0,4,6.0,3.0,3,,Active,onsite,Own Vehicle,5.59,48,16,62,61,5,3,medium,2.0
EMP-0301,suresh rao,EMP-0050,,12-22-1979,suresh.rao@gmail.com,Technology,  Assistant Manager ,CHENNAI,Employee Referral,"INR 5,000",Experienced,21 Aug 2022,,240,214.0,9 days,5.0,12.0,22,,Active,ONSITE,Own Vehicle,,,,51%,54%,7,2,High,5.0
EMP-0302,SNEHA RAO,EMP-0075,female,1979/07/03,SNEHA.RAO@GMAIL.COM,IT,  Assistant Manager ,DELHI,LINKEDIN,0,Experienced,2018/11/17,,240,226.0,4,8.0,2.0,3,,Active,WFH,Own Vehicle,16.52,38,13,60,64,5,Very High,Medium,3.0
EMP-0303,Pradeep Reddy,DIR-0001,male,1978-09-12,  pradeep95@yahoo.com ,Marketing,  Manager ,South - Bangalore,Employee Referral,10000,Experienced,2023/11/19,03-09-2026,240,223.0,4,10.0,3.0,5,Involuntary - Performance,Inactive,hybrid,,16.75,38,33,65,68,5,4,High,3.0
EMP-0304,Pooja Nair,EMP-0350,Female,29/03/1969,  pooja31@yahoo.com ,Ops,  Executive ,West - Mumbai,Company Career Site,0,Fresher,05-31-2022,,240,226.0,4,10.0,0.0,8,,Active,onsite,Own Vehicle,19.12,84,19,73,71,4,5,Medium,2.0
EMP-0305,  Lakshmi   Reddy ,DIR-0001,F,05 Dec 1981,LAKSHMI.REDDY@YAHOO.COM,HR,MANAGER,South - Bangalore,LinkedIn,,Experienced,11-16-2022,04/09/2024,240,,,,,,Better Career Growth,Inactive,Onsite,Company Cab,21.29,41,10,56,61%,6,1,High,3.0
EMP-0306,Manoj Patel,EMP-0320,female,25 Jul 1987,manoj.patel@outlook.com,Ops,assistant manager,South - Bangalore,EMPLOYEE REFERRAL,5000,Experienced,2021-06-13,2023-04-29,240,232.0,2,5.0,1.0,7,Involuntary - Performance,Inactive,hybrid,Own Vehicle,27.41,11,15,50%,62,7,4,Low,4.0
EMP-0307,suresh patel,DIR-0001,Male,29/08/1969,SURESH.PATEL@GMAIL.COM,Operations,manager,mumbai,Employee Referral,10000,Experienced,2022/06/09,,240,215.0,14,6.0,5.0,20 times,,Active,Onsite,Company Cab,16.15 LPA,56,30,69,73,5,1,High,0.0
EMP-0308,PRIYA VENKATESH,EMP-0200,female,1974-02-13,priya.venkatesh@gmail.com,Sales & Mktg,team lead,chennai,Recruitment Agency,57368,Experienced,09-20-2020,,240,229.0,5,4.0,2.0,2,,Active,onsite,COMPANY CAB,11.41,87,5,73,61,8,3,medium,3.0
EMP-0309,Sneha Venkatesh,DIR-0001,female,01-17-2004,SNEHA.VENKATESH@COMPANY.COM,IT,MANAGER,BENGALURU,Recruitment Agency,62187,Experienced,2023/01/21,07-08-2025,240,227.0,5,6.0,2.0,7,Better Compensation & Benefits,INACTIVE,hybrid,own vehicle,"$27,576",93,18,,,3,4,Medium,3.0
EMP-0310,  Sanjay   Reddy ,EMP-0075,male,1975-11-23,sanjay.reddy@outlook.com,Technology,  Executive ,South - Chennai,Recruitment Agency,80845,Fresher,2018/03/12,,240,218.0,11,4.0,7.0,15,,Active,Hybrid,Company Cab,10.14,31,36,51,59,7,2,High,3.0
EMP-0311,DEEPA NAIR,EMP-0320,,1989-10-17,  deepa39@gmail.com ,Operations,TEAM LEAD,North - Delhi,LinkedIn,0,Experienced,07-08-2020,,240,228.0,2,8.0,2.0,4,,Active,ONSITE,Company Cab,"INR 1,425,000",84,3,70%,0.69,1,5,Low,1.0
EMP-0312,Divya Nair,EMP-0050,F,10-07-1971,DIVYA.NAIR@OUTLOOK.COM,Technology,  Executive ,South - Bangalore,Walk-In,0,Experienced,10 Jun 2019,10-29-2020,240,213.0,7,9.0,11.0,22,Relocation / Personal Reasons,Inactive,hybrid,Company Cab,5.42,36,3,54,68,6,1,High,1.0
EMP-0313,Rajesh Venkatesh,EMP-0100,M,07 Nov 1970,rajesh.venkatesh@company.com,Technology,Executive,West - Mumbai,Employee Referral,"INR 2,500",Experienced,2019-02-13,12/10/2021,240,224.0,4,9.0,3.0,2,Involuntary - Restructuring,Terminated,hybrid,own vehicle,4.12 LPA,76,19,0.71,75%,5,4,MEDIUM,3.0
EMP-0314,  Suresh   Singh ,EMP-0025,male,1998-02-16,SURESH.SINGH@COMPANY.COM,H.R.,EXECUTIVE,North - Delhi,LinkedIn,0,Fresher,2018-09-08,03 Feb 2019,240,233.0,3,4.0,0.0,5,Involuntary - Performance,INACTIVE,onsite,OWN VEHICLE,27.08,90,9,73,68,3,,Medium,3.0
EMP-0315,  Lakshmi   Singh ,EMP-0075,,02/09/2005,  lakshmi98@outlook.com ,Technology,ASSISTANT MANAGER,DELHI,Walk-In,0,Experienced,2021/08/31,,240,231.0,5,4.0,0.0,4,,Active,Work From Home,Own Vehicle,23.98,65,23,72,65,8,Low,medium,3.0
EMP-0316,Meera Joshi,,,1993/08/11,,IT,assistant manager,Bengaluru,,,Experienced,21 Mar 2021,,240,211.0,14 days,5.0,10.0,15,,Active,Onsite,OWN VEHICLE,20.55,-15,34,63%,73,4,2,,2.0
EMP-0317,anitha sharma,EMP-0075,,1991/05/31,  anitha58@yahoo.com ,Technology,team lead,South - Chennai,Company Career Site,0,Experienced,20/04/2023,2024-03-02,240,224.0,4,9.0,3.0,3,Better Career Growth,INACTIVE,onsite,Company Cab,13.52,56,25,62,70%,3,3,Medium,4.0
EMP-0318,Pooja Patel,EMP-0010,,07-24-1991,pooja_patel@gmail.com,H.R.,senior executive,mumbai,Naukri,0,Experienced,,,240,226.0,5,9.0,0.0,8,,Active,Onsite,Company Cab,7.75,89,36,67,81,6,3,High,3.0
EMP-0319,Vijay Rao,EMP-0300,M,18/01/1972,vijay_rao@gmail.com,Ops,  Senior Executive ,,Recruitment Agency,85397,Experienced,05-10-2024,,240,218.0,12,6.0,4.0,19,,Active,Hybrid,Own Vehicle,7.33 LPA,68,37,74,77,6,2,High,3.0
EMP-0320,VIKRAM PATEL,EMP-0075,male,09-06-2002,vikram.patel@outlook.com,Technology,senior executive,North - Delhi,Company Career Site,0,Experienced,2018/09/20,,240,228.0,4,5.0,3.0,8,,Active,Onsite,Own Vehicle,9.63,93,20,74,77,5,Low,MEDIUM,0.0
EMP-0321,suresh patel,EMP-0200,,18 Mar 1994,  suresh90@company.com ,Sales,,BENGALURU,Company Career Site,0,Experienced,12/08/2018,2020-10-08,240,225.0,3,10.0,2.0,2,Work-Life Balance / Burnout,INACTIVE,Hybrid,Own Vehicle,"INR 1,696,000",15,39,53%,53%,7,4,High,4.0
EMP-0322,  Arun   Singh ,EMP-0010,Male,16/05/2001,  arun6@company.com ,Human Resources,ASSISTANT MANAGER,South - Chennai,LinkedIn,0,Experienced,13/07/2019,04-13-2022,240,226.0,4,8.0,2.0,1,Involuntary - Performance,Inactive,Hybrid,,21.01,28,38,61,60,6,,High,2.0
EMP-0323,RAJESH IYER,EMP-0050,female,11/10/1977,RAJESH.IYER@GMAIL.COM,Technology,EXECUTIVE,West - Mumbai,LinkedIn,0,Fresher,2022/05/31,09/10/2024,240,228.0,5,6.0,1.0,2,Involuntary - Performance,Inactive,Onsite,Company Cab,"$23,604",66,20,72,73,10,4,Medium,2.0
EMP-0324,Sneha Iyer,EMP-0100,female,08-08-1977,sneha_iyer@outlook.com,Technology,  Team Lead ,chennai,Company Career Site,0,Experienced,16 Sep 2021,26 Dec 2024,240,230.0,5,4.0,1.0,1,Involuntary - Performance,Terminated,Hybrid,Own Vehicle,10.36,78,9,71,75,3,3,High,2.0
EMP-0325,Priya Singh,EMP-0010,female,1979/05/29,PRIYA.SINGH@GMAIL.COM,Human Resources,executive,South - Bangalore,Employee Referral,"INR 2,500",FRESHER,2018/11/20,,240,215.0,6,10.0,9.0,11 times,,Active,Onsite,Own Vehicle,26.89 LPA,12,37,0.57,55%,8,1,High,1.0
EMP-0326,  Lakshmi   Iyer ,EMP-0140,,12-06-1991,lakshmi_iyer@outlook.com,Engineering,SENIOR EXECUTIVE,North - Delhi,Recruitment Agency,66049,Fresher,10-09-2018,,240,226.0,3,10.0,1.0,2,,Active,Hybrid,Company Cab,,10,,40%,50,6,3,Medium,3.0
EMP-0327,  Divya   Sharma ,EMP-0120,,01-24-1973,divya_sharma@outlook.com,Engineering,assistant manager,East - Kolkata,Naukri,0,Experienced,02-14-2020,,240,228.0,6,5.0,1.0,4,,Active,HYBRID,Company Cab,17.08,67,44,59,62,7,3,high,3.0
EMP-0328,  Ramesh   Venkatesh ,EMP-0025,male,20/04/1989,RAMESH.VENKATESH@YAHOO.COM,H.R.,Executive,West - Mumbai,Campus Drive,18646,FRESHER,25/06/2020,09-25-2023,240,225.0,4,10.0,1.0,1,Involuntary - Restructuring,Resigned,Hybrid,company cab,18.49,47,19,67,66,4,3,High,1.0
EMP-0329,Sneha Iyer,EMP-0160,,07/03/2003,sneha.iyer@company.com,Sales,EXECUTIVE,chennai,Campus Drive,9315,FRESHER,07-16-2018,09 Oct 2019,240,214.0,10,10.0,6.0,10,Involuntary - Restructuring,INACTIVE,Hybrid,Own Vehicle,13.78,24,16,65,52%,6,2,High,4.0
EMP-0330,  Vijay   Rao ,EMP-0010,M,02-07-2000,VIJAY.RAO@COMPANY.COM,HR,Senior Executive,CHENNAI,Naukri,0,Experienced,08/10/2019,,240,214.0,14,6.0,6.0,9,,Active,hybrid,company cab,9.57,43,6,58,63,1,2,High,3.0
EMP-0331,vijay patel,EMP-0320,M,1968/12/11,vijay_patel@gmail.com,Operations,TEAM LEAD,West - Mumbai,Campus Drive,13383,Experienced,15 Oct 2020,,240,233.0,2 days,5.0,0.0,6,,Active,Hybrid,Own Vehicle,12.22 LPA,,3,51%,,1,4,LOW,2.0
EMP-0332,Ramesh Venkatesh,DIR-0001,male,2001-03-03,  ramesh29@yahoo.com ,Engineering,  Manager ,BENGALURU,Company Career Site,0,Experienced,2020-12-21,,240,227.0,3,8.0,2.0,1,,Active,hybrid,COMPANY CAB,22.07,44,28,59,56,6,4,MEDIUM,4.0
EMP-0333,SANJAY JOSHI,EMP-0025,Male,20/05/2003,  sanjay71@yahoo.com ,H.R.,Executive,South - Bangalore,Naukri,0,Experienced,2020/08/08,,240,231.0,3,6.0,0.0,3,,Active,Hybrid,OWN VEHICLE,3.85,73,13,73,79%,5,3,Medium,6.0
EMP-0334,KAVITHA VENKATESH,EMP-0140,,04-03-1985,KAVITHA.VENKATESH@GMAIL.COM,Engineering,  Senior Executive ,Bengaluru,Naukri,0,Experienced,2022/06/12,10-16-2022,240,215.0,12,8.0,5.0,19,Better Career Growth,Inactive,Onsite,Company Cab,6.34,34,2,52,57,4,2,HIGH,5.0
EMP-0335,RAJESH PATEL,EMP-0260,Male,06-05-1999,rajesh.patel@company.com,Finance,executive,South - Chennai,Company Career Site,0,Experienced,07-31-2019,,240,215.0,7,7.0,11.0,20,,Active,Hybrid,Company Cab,4.63,33,23,62,66,2,1,High,3.0
EMP-0336,Manoj Venkatesh,EMP-0100,,1998-09-27,  manoj6@company.com ,IT,Executive,,Employee Referral,2500,Experienced,14/07/2024,2026-07-13,240,228.0,4,8.0,0.0,8,Involuntary - Performance,INACTIVE,Hybrid,Own Vehicle,4.5,21,36,58%,73,3,3,High,2.0
EMP-0337,  Pradeep   Singh ,EMP-0100,Male,08 Aug 1978,  pradeep18@company.com ,Technology,  Assistant Manager ,South - Chennai,Naukri,0,Experienced,06-19-2023,,240,229.0,6,5.0,0.0,5,,Active,onsite,Company Cab,24.46 LPA,27,15,,50%,5,4,Medium,2.0
EMP-0338,  Kavitha   Venkatesh ,EMP-0320,Female,08-17-1985,kavitha.venkatesh@yahoo.com,Ops,Executive,South - Bangalore,Walk-In,0,Fresher,2020-12-15,,240,226.0,5,9.0,0.0,1,,Active,Hybrid,Public Transport,20.74,24,3,64,65,6,3,Medium,5.0
EMP-0339,pradeep singh,EMP-0100,M,26/11/2004,PRADEEP.SINGH@COMPANY.COM,IT,Team Lead,North - Delhi,Naukri,0,experienced,28/07/2021,,240,207.0,13,10.0,10.0,14,,Active,Hybrid,Company Cab,15.12,89,23,72,79,3,1,High,2.0
EMP-0340,lakshmi kumar,EMP-0050,,20/07/2006,lakshmi.kumar@gmail.com,IT,Executive,West - Mumbai,COMPANY CAREER SITE,0,Experienced,10/02/2022,,240,228.0,2,7.0,3.0,2,,Active,Onsite,Company Cab,5.9,36,33,61,63,9,4,High,3.0
EMP-0341,  Suresh   Singh ,EMP-0010,M,04-27-1996,  suresh42@yahoo.com ,Human Resources,executive,BENGALURU,Walk-In,0,Fresher,04-09-2024,,240,231.0,2,6.0,1.0,2,,Active,Onsite,Own Vehicle,"INR 1,554,000",81,29,63%,71%,4,3,Medium,4.0
EMP-0342,arun nair,EMP-0075,,24 May 2002,  arun93@gmail.com ,IT,SENIOR EXECUTIVE,North - Delhi,Employee Referral,2500,Experienced,10-17-2021,07/11/2022,240,229.0,3,6.0,2.0,7,Relocation / Personal Reasons,Inactive,WFH,Company Cab,15.1,69,17,66,62,7,3,Medium,3.0
EMP-0343,  Karthik   Rao ,EMP-0300,M,1980-04-16,karthik_rao@company.com,Operations,  Executive ,South - Chennai,Walk-In,,Experienced,03/04/2020,,240,,,,,,,ACTIVE,Hybrid,COMPANY CAB,7.74 LPA,55,18,73,70,2,3,medium,5.0
EMP-0344,Lakshmi Joshi,EMP-0160,F,20 Jan 1990,  lakshmi8@yahoo.com ,Sales & Mktg,ASSISTANT MANAGER,South - Bangalore,Employee Referral,5000,Experienced,,,240,209.0,14,6.0,11.0,16,,Active,hybrid,Own Vehicle,14.13,98,30,65,72,2,2,High,2.0
EMP-0345,lakshmi reddy,EMP-0350,male,09-24-2005,  lakshmi29@gmail.com ,Operations,  Assistant Manager ,East - Kolkata,LinkedIn,0,Experienced,2021-09-14,,240,227.0,6,7.0,0.0,2,,Active,Onsite,Own Vehicle,13.26,26,18,65,62%,7,Low,High,0.0
EMP-0346,Pooja Venkatesh,EMP-0010,female,2004-10-16,POOJA.VENKATESH@YAHOO.COM,Human Resources,  Assistant Manager ,CHENNAI,Recruitment Agency,84194,Experienced,10/02/2018,,240,210.0,14 days,9.0,7.0,14,,Active,hybrid,Company Cab,18.59,62,18,66%,72,9,1,Medium,3.0
EMP-0347,Sneha Nair,EMP-0320,,05-01-1999,sneha.nair@yahoo.com,Operations,  Assistant Manager ,CHENNAI,Walk-In,0,,2022-07-31,07 Jun 2023,240,227.0,5,5.0,3.0,6,Relocation / Personal Reasons,Inactive,HYBRID,Own Vehicle,19.06,17,21,60,64,5,3,Low,3.0
EMP-0348,  Arun   Reddy ,EMP-0140,male,13 Oct 1983,arun_reddy@gmail.com,Engineering,Executive,West - Mumbai,LinkedIn,0,Fresher,2023-02-12,,240,225.0,5,7.0,3.0,2,,Active,onsite,Own Vehicle,4.61,88,23,80,80,1,3,Medium,4.0
EMP-0349,POOJA JOSHI,EMP-0010,F,2004/06/27,POOJA.JOSHI@YAHOO.COM,Human Resources,Executive,South - Chennai,Company Career Site,0,Fresher,15 Oct 2022,,240,213.0,11,7.0,9.0,18,,ACTIVE,Onsite,Company Cab,12.68 LPA,36,44,0.57,61%,1,2,HIGH,4.0
EMP-0350,  Kavitha   Patel ,,F,1988-05-01,KAVITHA.PATEL@OUTLOOK.COM,Human Resources,MANAGER,Bengaluru,Campus Drive,16742,EXPERIENCED,11-23-2021,,240,229.0,4,6.0,1.0,8,,Active,Onsite,Company Cab,18.83,55,11,57,53,5,5,Low,3.0
EMP-0351,Kavitha Rao,,,08/10/1996,,Technology,manager,South - Bangalore,,,Experienced,08-21-2018,,240,234.0,2,4.0,0.0,2,,Active,Onsite,Company Cab,,59 Hours,,58%,0.55,6,3,,3.0
EMP-0352,Sneha Nair,EMP-0160,,26/06/2003,  sneha27@yahoo.com ,Sales,EXECUTIVE,DELHI,Walk-In,0,Fresher,17/11/2018,02-27-2022,240,229.0,5,4.0,2.0,3,Relocation / Personal Reasons,Resigned,Hybrid,Company Cab,24.48,80,37,60,61,7,3,High,2.0
EMP-0353,DIVYA PATEL,EMP-0350,female,,DIVYA.PATEL@OUTLOOK.COM,Ops,Executive,South - Chennai,Naukri,0,Fresher,2023-06-21,,240,228.0,6,4.0,2.0,2,,Active,WFH,company cab,19.64,12,30,58,,6,3,Medium,3.0
EMP-0354,SNEHA RAO,EMP-0280,,09-15-1981,SNEHA.RAO@OUTLOOK.COM,Finance,  Executive ,South - Bangalore,Company Career Site,0,Fresher,2019/06/24,,240,226.0,5,6.0,3.0,1,,Active,Onsite,Own Vehicle,7.49,73,35,78,82,8,Very High,High,2.0
EMP-0355,DIVYA IYER,EMP-0240,Female,20/12/1972,  divya19@outlook.com ,Marketing,  Executive ,North - Delhi,Recruitment Agency,64904,Fresher,2018/10/06,2019-01-07,240,214.0,10,8.0,8.0,13,Work-Life Balance / Burnout,Inactive,Onsite,Own Vehicle,5.23 LPA,53,18,54,55,9,1,Medium,6.0
EMP-0356,  Suresh   Joshi ,EMP-0075,male,04/01/2000,suresh.joshi@outlook.com,Technology,EXECUTIVE,South - Bangalore,Walk-In,0,Fresher,04/02/2023,,240,229.0,2,8.0,1.0,3,,active,Hybrid,Own Vehicle,19.24,62,44,56%,60,6,,high,3.0
EMP-0357,Ananya Joshi,EMP-0010,F,05 Oct 1998,ANANYA.JOSHI@OUTLOOK.COM,HR,executive,North - Delhi,LinkedIn,0,Experienced,06-27-2019,,240,230.0,5,5.0,0.0,6,,Active,Hybrid,Company Cab,4.15,33,35,57,61%,8,3,High,
EMP-0358,Pooja Nair,DIR-0001,Female,30 Apr 1982,POOJA.NAIR@OUTLOOK.COM,Human Resources,  Manager ,South - Bangalore,Company Career Site,0,Experienced,08-22-2022,,240,228.0,6,6.0,0.0,5,,active,WFH,Own Vehicle,17.85,69,29,71,82,9,5,MEDIUM,2.0
EMP-0359,DIVYA VENKATESH,EMP-0075,F,23/12/2000,DIVYA.VENKATESH@COMPANY.COM,Technology,TEAM LEAD,chennai,naukri,0,Experienced,2024-02-17,17 Aug 2025,240,226.0,6,5.0,3.0,1,Relocation / Personal Reasons,Inactive,Hybrid,Own Vehicle,26.54,12,32,59,61,4,4,High,4.0
EMP-0360,DEEPA REDDY,,,1998/11/02,DEEPA.REDDY@OUTLOOK.COM,IT,MANAGER,DELHI,naukri,0,Experienced,08 Aug 2021,,240,223.0,6,9.0,2.0,1,,Active,Hybrid,Company Cab,17.6,29,17,58,66,4,3,medium,2.0
EMP-0361,rajesh sharma,emp-0220,,11-12-2003,rajesh.sharma@yahoo.com,Marketing,,BENGALURU,Company Career Site,0,Experienced,2020-01-20,,240,229.0,3 days,6.0,2.0,6 times,,Active,Hybrid,Company Cab,13.01 LPA,,27,62%,69%,5,3,Low,3.0
EMP-0362,Sanjay Joshi,EMP-0160,,08-05-1986,SANJAY.JOSHI@YAHOO.COM,Sales,ASSISTANT MANAGER,South - Bangalore,Campus Drive,13188,Experienced,28 Jan 2024,,240,231.0,4,4.0,1.0,3,,Active,WFH,Own Vehicle,19.26,24,10,61,75,7,5,low,3.0
EMP-0363,  Lakshmi   Venkatesh ,EMP-0025,,1984/12/04,lakshmi_venkatesh@company.com,HR,executive,DELHI,Campus Drive,18269,Fresher,04-06-2023,,240,218.0,12,4.0,6.0,19,,Active,Onsite,Own Vehicle,14.73,34,44,57,59,5,2,High,4.0
EMP-0364,RAJESH VENKATESH,,M,1969/01/11,rajesh.venkatesh@company.com,Sales,Manager,,Naukri,0,Experienced,09-20-2018,,240,233.0,2,4.0,1.0,7,,Active,Onsite,Company Cab,16.87,87,32,76,77,8,Low,High,0.0
EMP-0365,priya iyer,EMP-0350,female,09/02/1996,priya.iyer@company.com,Operations,team lead,Bengaluru,Walk-In,0,Experienced,07-23-2024,,240,226.0,5,7.0,2.0,3,,Active,WFH,Own Vehicle,"$31,884",80,16,,81%,6,Very High,medium,3.0
EMP-0366,pradeep rao,EMP-0025,,28/09/1988,PRADEEP.RAO@OUTLOOK.COM,HR,team lead,West - Mumbai,COMPANY CAREER SITE,0,Experienced,12-27-2023,08/03/2026,240,228.0,4,6.0,2.0,2,,Resigned,Onsite,Public Transport,12.96,26,5,59%,63,3,3,medium,3.0
EMP-0367,MEERA JOSHI,EMP-0010,F,18/03/2006,meera_joshi@outlook.com,Human Resources,  Assistant Manager ,East - Kolkata,Recruitment Agency,87101,Experienced,10/10/2020,,240,232.0,2,5.0,1.0,1,,Active,Onsite,OWN VEHICLE,27.05 LPA,93,3,65,74,6,3,Low,3.0
EMP-0368,deepa reddy,,,21 Sep 1995,DEEPA.REDDY@GMAIL.COM,Sales & Mktg,  Manager ,South - Chennai,Recruitment Agency,89768,Experienced,2018-11-09,,240,216.0,7,6.0,11.0,18,,Active,Hybrid,company cab,25.68,18,19,52,58,5,1,High,3.0
EMP-0369,  Deepa   Patel ,EMP-0140,F,1974-09-11,deepa.patel@gmail.com,Engineering,  Senior Executive ,DELHI,Company Career Site,0,FRESHER,2018-12-19,,240,210.0,12,7.0,11.0,14,,Active,Onsite,Company Cab,8.3,47,26,70,62%,2,2,High,3.0
EMP-0370,ANANYA REDDY,EMP-0010,,1975/08/19,ananya_reddy@outlook.com,H.R.,Executive,Bengaluru,COMPANY CAREER SITE,0,EXPERIENCED,10-05-2023,,240,231.0,4,5.0,0.0,6,,,Hybrid,Company Cab,5.2,57,14,55,59,4,Low,High,4.0
EMP-0371,priya singh,EMP-0120,female,2000/03/26,priya.singh@gmail.com,Engineering,senior executive,DELHI,LinkedIn,0,Experienced,2024/03/14,,240,229.0,5,4.0,2.0,8,,Active,Hybrid,Company Cab,"INR 597,000",69,5,64%,0.68,4,3,High,4.0
EMP-0372,sanjay sharma,EMP-0260,male,08 May 1988,sanjay.sharma@gmail.com,Finance,Executive,South - Chennai,Company Career Site,0,Experienced,2018-10-30,09-16-2021,240,223.0,6,9.0,2.0,1,Work-Life Balance / Burnout,INACTIVE,wfh,Own Vehicle,3.95,72,13,66,69,8,Low,High,1.0
EMP-0373,  Rajesh   Patel ,EMP-0200,Male,04/01/2000,RAJESH.PATEL@COMPANY.COM,Sales,Executive,South - Chennai,Naukri,0,Experienced,28/05/2018,,240,230.0,3,7.0,0.0,1,,Active,WFH,Company Cab,5.81 LPA,95,10,0.64,66%,5,3,High,3.0
EMP-0374,VIJAY SHARMA,,male,08-30-2006,  vijay19@gmail.com ,Ops,manager,South - Bangalore,WALK-IN,0,Experienced,2021/12/14,,240,230.0,3,6.0,1.0,3,,ACTIVE,Onsite,Company Cab,20.23,11,38,45,50,5,3,HIGH,4.0
EMP-0375,  Kavitha   Kumar ,EMP-0200,,02 Mar 1990,kavitha.kumar@gmail.com,Sales,EXECUTIVE,chennai,Employee Referral,2500,Experienced,12-24-2021,04 Oct 2022,240,215.0,10,6.0,9.0,9,Better Compensation & Benefits,Inactive,Onsite,Company Cab,5.24,97,8,71,,6,1,high,1.0
EMP-0376,vijay joshi,EMP-0050,male,31/05/2006,  vijay91@gmail.com ,Technology,  Assistant Manager ,chennai,recruitment agency,71978,Experienced,22/02/2019,06-25-2021,240,228.0,2 days,7.0,3.0,3,Work-Life Balance / Burnout,Resigned,Hybrid,Own Vehicle,,81,,77%,85,8,3,medium,2.0
EMP-0377,vijay sharma,EMP-0180,,12-18-2004,VIJAY.SHARMA@GMAIL.COM,Sales,SENIOR EXECUTIVE,East - Kolkata,Company Career Site,0,Fresher,20 Oct 2020,,240,213.0,8,7.0,12.0,19,,Active,Hybrid,Own Vehicle,24.2,20,15,52,56%,6,2,High,3.0
EMP-0378,Arun Nair,EMP-0350,Male,29 Jun 1976,arun_nair@company.com,Operations,  Senior Executive ,DELHI,Walk-In,0,Experienced,03-29-2018,,240,211.0,9,8.0,12.0,21,,Active,WFH,Own Vehicle,4.07,73,4,72,81,4,2,High,5.0
EMP-0379,Ananya Venkatesh,EMP-0100,Female,19/07/2003,ANANYA.VENKATESH@OUTLOOK.COM,Technology,  Executive ,,EMPLOYEE REFERRAL,2500,Fresher,08 Apr 2019,,240,215.0,11,4.0,10.0,21 times,,active,WFH,Own Vehicle,23.45 LPA,86,9,70,65,3,1,high,3.0
EMP-0380,  Deepa   Venkatesh ,EMP-0010,Female,,  deepa62@yahoo.com ,H.R.,  Assistant Manager ,West - Mumbai,LinkedIn,0,Experienced,03 Dec 2020,01/03/2022,240,231.0,2,7.0,0.0,8,Better Career Growth,Inactive,Onsite,Company Cab,10.41,90,2,76,82,8,Very High,medium,3.0
EMP-0381,Lakshmi Kumar,EMP-0075,F,1978/07/25,LAKSHMI.KUMAR@COMPANY.COM,IT,senior executive,South - Chennai,COMPANY CAREER SITE,,Experienced,07/01/2018,,240,,,,,,,Active,hybrid,Company Cab,"INR 640,000",81,12,66%,68%,2,2,High,4.0
EMP-0382,SURESH REDDY,EMP-0050,Male,02-20-1979,  suresh81@gmail.com ,IT,Executive,mumbai,Naukri,0,Fresher,02 Apr 2021,07-08-2021,240,226.0,2,10.0,2.0,7,Better Career Growth,INACTIVE,WFH,OWN VEHICLE,20.57,30,42,53,56,,3,high,3.0
EMP-0383,SNEHA PATEL,DIR-0001,F,12 Jan 1997,sneha.patel@gmail.com,H.R.,manager,North - Delhi,Employee Referral,10000,Experienced,20 Aug 2023,,240,224.0,6,7.0,3.0,5,,Active,Onsite,Company Cab,18.91,27,29,61,62,5,3,MEDIUM,1.0
EMP-0384,SNEHA KUMAR,EMP-0140,M,12/01/1989,sneha.kumar@gmail.com,Engineering,  Executive ,South - Bangalore,linkedin,0,Fresher,2024-07-04,,240,231.0,2,7.0,0.0,6,,Active,ONSITE,own vehicle,25.0,73,44,62,67,3,4,High,3.0
EMP-0385,Lakshmi Singh,EMP-0010,female,01 Feb 1999,lakshmi.singh@yahoo.com,Human Resources,  Assistant Manager ,South - Chennai,Naukri,0,Experienced,2018-03-27,07-07-2020,240,224.0,3,10.0,3.0,6,Involuntary - Restructuring,INACTIVE,Hybrid,Company Cab,21.51 LPA,91,5,0.75,77%,6,Low,Medium,2.0
EMP-0386,Pradeep Rao,,,31 Dec 1999,,Sales,Manager,South - Bangalore,,,experienced,10-20-2018,,240,221.0,7,7.0,5.0,11,,Active,Hybrid,Own Vehicle,23.19,47,16,49%,50,5,1,,3.0
EMP-0387,  Rajesh   Patel ,EMP-0025,,2001/01/07,RAJESH.PATEL@OUTLOOK.COM,Human Resources,executive,North - Delhi,Company Career Site,0,Fresher,2023/01/10,17 Mar 2024,240,224.0,5,8.0,3.0,2,Involuntary - Performance,Inactive,Hybrid,OWN VEHICLE,10.41,41,44,70,73,3,3,High,3.0
EMP-0388,MANOJ NAIR,EMP-0120,Male,1972/04/10,MANOJ.NAIR@GMAIL.COM,Engineering,Senior Executive,North - Delhi,LinkedIn,0,experienced,16/10/2022,,240,223.0,5,10.0,2.0,6,,Active,hybrid,OWN VEHICLE,7.85,20,18,62,64,5,5,Medium,3.0
EMP-0389,ananya sharma,DIR-0001,F,06/12/1982,ANANYA.SHARMA@GMAIL.COM,Sales & Mktg,  Manager ,West - Mumbai,WALK-IN,0,Experienced,07-20-2021,,240,230.0,3,6.0,1.0,2,,Active,HYBRID,own vehicle,21.89,54,41,59,61%,4,4,Medium,3.0
EMP-0390,Sanjay Joshi,DIR-0001,,1983/11/22,sanjay_joshi@outlook.com,Technology,Manager,South - Bangalore,Company Career Site,0,Experienced,02/08/2023,,240,212.0,14,9.0,5.0,16,,Active,Hybrid,COMPANY CAB,23.27,98,34,71,58,5,2,High,3.0
EMP-0391,  Deepa   Kumar ,DIR-0001,,2003/12/27,  deepa84@company.com ,IT,  Manager ,BENGALURU,NAUKRI,0,experienced,2022-01-09,,240,227.0,6 days,5.0,2.0,6,,Active,WFH,Own Vehicle,27.77 LPA,,25 hrs,55%,0.61,4,4,Low,4.0
EMP-0392,divya kumar,EMP-0140,female,2004-04-29,DIVYA.KUMAR@YAHOO.COM,Engineering,EXECUTIVE,West - Mumbai,Campus Drive,16864,Fresher,2022-06-24,,240,232.0,3,5.0,0.0,3,,Active,Onsite,Company Cab,13.61,50,4,62,63,8,3,MEDIUM,3.0
EMP-0393,Ramesh Reddy,EMP-0200,Male,,ramesh.reddy@outlook.com,Sales,  Team Lead ,chennai,Naukri,0,Experienced,,,240,230.0,4,5.0,1.0,3,,Active,Hybrid,Public Transport,"$15,132",17,28,,59%,9,Very High,Medium,4.0
EMP-0394,ananya kumar,,F,02-01-1985,ANANYA.KUMAR@OUTLOOK.COM,Sales & Mktg,Manager,South - Bangalore,Company Career Site,0,Experienced,10-08-2019,,240,217.0,7,5.0,11.0,15,,Active,Hybrid,OWN VEHICLE,22.52,20,36,53,60,Medium,2,High,3.0
EMP-0395,  Ananya   Singh ,EMP-0010,,02-09-1998,ANANYA.SINGH@GMAIL.COM,HR,TEAM LEAD,chennai,LinkedIn,0,Experienced,14 Aug 2021,,240,209.0,13,9.0,9.0,21,,Active,Hybrid,Own Vehicle,11.85,95,19,82,89,5,2,High,3.0
EMP-0396,  Rajesh   Sharma ,,Male,1993-02-05,  rajesh46@gmail.com ,Sales,  Manager ,South - Bangalore,Naukri,0,EXPERIENCED,09-14-2019,13/02/2022,240,213.0,11,5.0,11.0,9,Better Career Growth,Inactive,Onsite,Company Cab,26.3,60,20,62%,63,3,2,High,3.0
EMP-0397,Suresh Reddy,,Male,04/09/1979,  suresh16@gmail.com ,Sales,  Manager ,CHENNAI,Recruitment Agency,42352,Experienced,21/11/2022,,240,226.0,5,7.0,2.0,5 times,,ACTIVE,Hybrid,Company Cab,24.53 LPA,97,9,0.66,,1,Very High,Low,3.0
EMP-0398,arun nair,EMP-0160,M,20 Mar 1983,arun.nair@yahoo.com,Sales,SENIOR EXECUTIVE,South - Chennai,Campus Drive,18116,Experienced,12-07-2019,,240,216.0,6,6.0,12.0,9,,active,Work From Home,Public Transport,14.01,50,4,69,66,8,1,high,4.0
EMP-0399,pooja singh,,female,1982/03/26,POOJA.SINGH@GMAIL.COM,Technology,manager,CHENNAI,LinkedIn,0,EXPERIENCED,07 Jan 2020,,240,226.0,4,7.0,3.0,1,,Active,Onsite,Own Vehicle,21.9,26,35,60,63,6,3,high,3.0
EMP-0400,vikram patel,DIR-0001,M,1979-09-06,vikram_patel@company.com,Technology,  Manager ,chennai,Naukri,0,Experienced,2020-11-27,,240,230.0,2,6.0,2.0,2,,ACTIVE,ONSITE,Company Cab,21.99,85,5,76,80,7,3,Medium,3.0
EMP-0401,Ramesh Patel,EMP-0140,Male,26 Sep 1973,RAMESH.PATEL@YAHOO.COM,Engineering,,South - Bangalore,Walk-In,0,Experienced,07/03/2024,,240,213.0,7,8.0,12.0,14,,Active,Onsite,OWN VEHICLE,,55,,59%,66%,6,2,HIGH,3.0
EMP-0402,  Anitha   Iyer ,EMP-0320,Female,06-12-2005,ANITHA.IYER@OUTLOOK.COM,Ops,Executive,North - Delhi,Company Career Site,0,Fresher,2019/03/15,2019-08-04,240,207.0,13,8.0,12.0,20,Better Compensation & Benefits,Inactive,Hybrid,own vehicle,25.61,41,3,50,50,1,2,High,1.0
EMP-0403,  Kavitha   Venkatesh ,EMP-0350,female,04-17-1987,  kavitha45@yahoo.com ,Operations,Executive,South - Chennai,Campus Drive,9121,Fresher,21/01/2021,2022-02-06,240,220.0,6,7.0,7.0,13,,Inactive,wfh,Company Cab,15.88 LPA,88,38,68,77,5,2,High,5.0
EMP-0404,kavitha joshi,,Female,1979/10/22,  kavitha64@gmail.com ,Finance,MANAGER,BENGALURU,NAUKRI,0,Experienced,09/12/2018,,240,226.0,6,7.0,1.0,1,,Active,Onsite,Company Cab,23.75,89,38,65,65,1,,High,2.0
EMP-0405,  Vijay   Sharma ,EMP-0300,M,1979/10/31,  vijay92@yahoo.com ,Operations,team lead,South - Chennai,Employee Referral,"INR 5,000",Experienced,12-10-2019,2022-12-21,240,229.0,5,4.0,2.0,2,Work-Life Balance / Burnout,Inactive,Hybrid,Company Cab,11.34,63,34,70,66%,4,5,High,2.0
EMP-0406,sanjay patel,DIR-0001,M,05-27-1975,sanjay.patel@gmail.com,Sales,manager,CHENNAI,Walk-In,0,Experienced,06 Mar 2022,,240,211.0,14 days,9.0,6.0,8,,Active,Hybrid,Company Cab,25.44,-15,0,56%,53,7,2,High,3.0
EMP-0407,karthik nair,EMP-0120,male,14/01/1990,KARTHIK.NAIR@COMPANY.COM,Engineering,  Team Lead ,West - Mumbai,Naukri,0,Experienced,04 Jan 2024,,240,225.0,3,9.0,3.0,8,,Active,ONSITE,Company Cab,"$15,647",29,23,54,56,7,3,Medium,3.0
EMP-0408,  Deepa   Rao ,EMP-0180,male,28 Jun 1997,DEEPA.RAO@YAHOO.COM,Sales,SENIOR EXECUTIVE,South - Chennai,Company Career Site,0,Experienced,2018/02/04,,240,225.0,6,8.0,1.0,6,,Active,Onsite,Company Cab,3.77,42,35,61,63,4,3,High,2.0
EMP-0409,  Pradeep   Nair ,EMP-0160,,1974-09-01,pradeep_nair@outlook.com,Sales,ASSISTANT MANAGER,Bengaluru,Company Career Site,0,Experienced,2021/08/31,,240,213.0,11,6.0,10.0,14,,Active,Hybrid,Company Cab,25.68 LPA,83,5,0.60,64%,6,2,High,3.0
EMP-0410,  Ramesh   Rao ,EMP-0140,Male,10 Aug 1969,ramesh.rao@outlook.com,Engineering,EXECUTIVE,North - Delhi,Walk-In,0,Experienced,20/06/2021,2021-08-20,240,216.0,11,9.0,4.0,20,,Inactive,Hybrid,company cab,5.74,49,40,48,50,6,2,High,1.0
EMP-0411,  Priya   Sharma ,EMP-0050,,01 Sep 1999,priya_sharma@gmail.com,Technology,assistant manager,South - Chennai,LinkedIn,0,Experienced,2022/05/10,23 Apr 2025,240,230.0,4,4.0,2.0,2,Involuntary - Restructuring,Resigned,Hybrid,,"INR 1,132,000",41,43,57%,0.64,4,4,High,3.0
EMP-0412,Pooja Venkatesh,DIR-0001,F,1990-03-14,POOJA.VENKATESH@YAHOO.COM,Technology,  Manager ,South - Chennai,NAUKRI,0,EXPERIENCED,11-19-2023,,240,222.0,6,9.0,3.0,5,,Active,WFH,Company Cab,26.78,11,30,44,50,4,4,Low,0.0
EMP-0413,Manoj Singh,EMP-0320,Male,1999/10/21,  manoj17@gmail.com ,Ops,executive,,Naukri,0,Fresher,05-08-2022,10-01-2024,240,215.0,10,9.0,6.0,13,Relocation / Personal Reasons,Resigned,Onsite,Own Vehicle,26.79,42,19,67,60%,3,1,High,4.0
EMP-0414,karthik reddy,DIR-0001,,1990-02-11,karthik_reddy@company.com,Operations,manager,South - Chennai,Campus Drive,11846,Experienced,02/05/2019,,240,229.0,2,8.0,1.0,6,,Active,Onsite,own vehicle,17.55,86,23,67,69,8,3,Medium,2.0
EMP-0415,Anitha Rao,EMP-0220,female,1974-08-22,  anitha64@yahoo.com ,Marketing,  Executive ,South - Bangalore,LinkedIn,0,Fresher,09/01/2020,19/08/2022,240,224.0,4,9.0,3.0,3 times,Involuntary - Performance,Inactive,Hybrid,Company Cab,18.98 LPA,39,24,50,50,5,3,Medium,3.0
EMP-0416,pradeep nair,EMP-0050,Male,02-19-1977,pradeep_nair@outlook.com,IT,  Senior Executive ,South - Bangalore,Employee Referral,2500,FRESHER,04/01/2020,,240,225.0,6,9.0,0.0,5,,Active,Hybrid,own vehicle,14.49,42,35,58%,62,6,3,High,3.0
EMP-0417,SNEHA RAO,EMP-0050,M,1975/07/20,  sneha18@outlook.com ,IT,team lead,West - Mumbai,Employee Referral,"INR 5,000",Experienced,19/09/2018,,240,225.0,6,7.0,2.0,3,,ACTIVE,Hybrid,Company Cab,10.68,86,20,75,84%,7,5,High,3.0
EMP-0418,anitha nair,EMP-0100,Female,1993/04/07,anitha_nair@company.com,Technology,  Team Lead ,Bengaluru,LinkedIn,0,Experienced,2023-12-19,,240,212.0,14,4.0,10.0,16,,Active,Hybrid,Company Cab,11.55,35,29,64,62,8,1,High,2.0
EMP-0419,KARTHIK KUMAR,EMP-0050,M,1968/03/08,karthik_kumar@outlook.com,IT,executive,South - Bangalore,LinkedIn,,FRESHER,2023/06/13,2024-03-28,240,,,,,,Better Compensation & Benefits,Inactive,Hybrid,Own Vehicle,19.98,31,23,62,,6,3,Medium,3.0
EMP-0420,Pooja Iyer,DIR-0001,female,06 Feb 1976,POOJA.IYER@OUTLOOK.COM,H.R.,MANAGER,South - Chennai,Company Career Site,0,Experienced,14 Apr 2023,,240,230.0,4,4.0,2.0,5,,Active,HYBRID,Company Cab,21.93,75,43,58,67,3,3,HIGH,3.0
EMP-0421,DIVYA SINGH,,,16 Jan 1979,,Ops,MANAGER,chennai,,,Experienced,2022/07/23,2024-04-11,240,230.0,3 days,5.0,2.0,8,Involuntary - Restructuring,Terminated,Onsite,Own Vehicle,22.89 LPA,,41,,68%,4,3,,2.0
EMP-0422,Deepa Reddy,DIR-0001,Female,1982-09-28,deepa.reddy@outlook.com,Sales,  Manager ,North - Delhi,Naukri,0,Experienced,21/10/2019,,240,231.0,3,5.0,1.0,3,,Active,Hybrid,Company Cab,22.85,99,29,83,93,8,,Low,4.0
EMP-0423,KARTHIK SINGH,EMP-0050,male,1998-07-13,KARTHIK.SINGH@OUTLOOK.COM,Technology,  Executive ,BENGALURU,Company Career Site,0,Fresher,,,240,232.0,2,6.0,0.0,1,,Active,Onsite,company cab,5.73,55,21,59,62,8,3,MEDIUM,3.0
EMP-0424,sneha nair,EMP-0075,female,1994-06-25,SNEHA.NAIR@GMAIL.COM,IT,  Executive ,BENGALURU,Campus Drive,18340,Fresher,2022-11-05,2023-12-14,240,213.0,11,10.0,6.0,17,Involuntary - Restructuring,Inactive,Onsite,Company Cab,15.61,24,27,58,55,9,2,High,3.0
EMP-0425,sanjay joshi,EMP-0025,,1974-11-24,sanjay.joshi@yahoo.com,Human Resources,EXECUTIVE,East - Kolkata,Company Career Site,0,Experienced,,10-08-2019,240,229.0,5,5.0,1.0,3,Better Compensation & Benefits,Resigned,Hybrid,Company Cab,4.91,53,6,59,65%,5,3,medium,4.0
EMP-0426,ananya venkatesh,EMP-0350,female,06 Apr 2005,ananya.venkatesh@company.com,Operations,Assistant Manager,South - Chennai,Company Career Site,0,Experienced,03/03/2020,05-09-2020,240,223.0,6,10.0,1.0,8,Involuntary - Restructuring,INACTIVE,WFH,Own Vehicle,,58,,66%,66,7,3,Medium,4.0
EMP-0427,KARTHIK REDDY,EMP-0280,,1980/01/30,karthik_reddy@yahoo.com,Finance,senior executive,North - Delhi,LinkedIn,0,experienced,10/07/2018,,240,218.0,6,7.0,9.0,18,,Active,Onsite,Own Vehicle,14.32 LPA,84,27,73,77,8,1,High,3.0
EMP-0428,pradeep kumar,DIR-0001,M,1982-10-11,pradeep.kumar@company.com,Operations,  Manager ,chennai,Employee Referral,10k,Experienced,2023/12/09,04/02/2025,240,228.0,3,7.0,2.0,8,Better Compensation & Benefits,Inactive,ONSITE,Company Cab,25.25,70,13,67,69,4,3,Medium,2.0
EMP-0429,DEEPA JOSHI,EMP-0200,female,04-28-1988,  deepa47@gmail.com ,Sales,  Senior Executive ,South - Bangalore,Naukri,0,Experienced,2022/09/08,,240,216.0,9,8.0,7.0,12,,Active,Onsite,Own Vehicle,12.1,76,9,71,80%,1,2,High,3.0
EMP-0430,  Karthik   Patel ,EMP-0180,male,2000/12/09,  karthik59@company.com ,Sales,EXECUTIVE,chennai,Company Career Site,0,Experienced,2024-05-01,,240,224.0,5,10.0,1.0,6,,Active,hybrid,Company Cab,6.37,15,15,48,54,9,3,Medium,3.0
EMP-0431,  Pooja   Iyer ,EMP-0010,F,2006-09-21,pooja_iyer@company.com,HR,SENIOR EXECUTIVE,South - Bangalore,Company Career Site,0,Experienced,19 Jun 2022,,240,224.0,6,7.0,3.0,5,,Active,Onsite,Company Cab,"INR 700,000",18,15,59%,0.61,2,4,High,3.0
EMP-0432,Rajesh Nair,EMP-0050,F,09-09-1980,RAJESH.NAIR@COMPANY.COM,Technology,team lead,West - Mumbai,Employee Referral,5000,Experienced,17/02/2023,15/04/2024,240,224.0,5,8.0,3.0,3,Better Compensation & Benefits,INACTIVE,WFH,own vehicle,22.16,15,30,63,56,1,5,Medium,2.0
EMP-0433,deepa joshi,EMP-0075,female,2001-05-13,deepa.joshi@company.com,Technology,  Assistant Manager ,DELHI,EMPLOYEE REFERRAL,"INR 5,000",EXPERIENCED,17 Aug 2023,,240,226.0,3,10.0,1.0,5 times,,active,onsite,Own Vehicle,18.65 LPA,82,41,0.77,77%,2,3,High,4.0
EMP-0434,SANJAY RAO,EMP-0260,,06 Jan 1995,sanjay.rao@company.com,Finance,executive,BENGALURU,Campus Drive,19213,Fresher,14 Apr 2020,,240,214.0,6,9.0,11.0,21,,Active,ONSITE,Company Cab,5.98,41,24,51,57,8,2,High,4.0
EMP-0435,Vijay Joshi,EMP-0100,,12/06/1979,vijay_joshi@company.com,IT,  Senior Executive ,West - Mumbai,LinkedIn,0,Experienced,2018-12-08,20 Feb 2022,240,228.0,4,8.0,0.0,2,,INACTIVE,Onsite,Public Transport,"$6,671",50,12,61,65,6,4,Low,1.0
EMP-0436,sanjay venkatesh,EMP-0140,Male,31 Jul 2002,sanjay_venkatesh@gmail.com,Engineering,  Senior Executive ,South - Bangalore,Employee Referral,2500,Fresher,2019-12-27,,240,220.0,10 days,4.0,6.0,12,,Active,Onsite,Own Vehicle,20.67,85,5,56%,51,2,1,High,2.0
EMP-0437,RAJESH NAIR,EMP-0050,male,26/03/2006,rajesh.nair@yahoo.com,Technology,Senior Executive,North - Delhi,LinkedIn,0,Experienced,2024-03-11,,240,226.0,5,8.0,1.0,7,,Active,Onsite,Own Vehicle,5.28,17,43,40,50%,5,4,HIGH,1.0
EMP-0438,Pooja Patel,EMP-0160,F,19 Dec 2002,pooja.patel@gmail.com,Sales,EXECUTIVE,mumbai,Walk-In,0,Fresher,2018/11/01,15/02/2020,240,230.0,2,5.0,3.0,6,Involuntary - Performance,Inactive,WFH,Company Cab,23.64,81,8,69,73,3,,medium,3.0
EMP-0439,meera joshi,EMP-0100,Female,03/10/2001,MEERA.JOSHI@OUTLOOK.COM,IT,executive,West - Mumbai,Walk-In,0,Fresher,2019/09/17,02-16-2021,240,231.0,2,7.0,0.0,7,Better Career Growth,Inactive,Hybrid,Company Cab,20.8 LPA,59,44,57,54,1,3,High,2.0
EMP-0440,Suresh Rao,EMP-0280,,07 Jan 1990,SURESH.RAO@GMAIL.COM,Finance,Senior Executive,DELHI,RECRUITMENT AGENCY,58833,FRESHER,2020/02/05,12 Aug 2020,240,227.0,6,6.0,1.0,7,Involuntary - Performance,Inactive,Hybrid,Company Cab,5.49,71,35,69,67,10,3,Medium,2.0
EMP-0441,MANOJ RAO,EMP-0075,,1981/11/28,MANOJ.RAO@YAHOO.COM,IT,,South - Chennai,Company Career Site,0,Experienced,2021-08-25,,240,231.0,2,6.0,1.0,1,,Active,onsite,Own Vehicle,"INR 558,000",93,42,72%,,8,3,High,4.0
EMP-0442,manoj rao,EMP-0100,M,1997-11-07,MANOJ.RAO@GMAIL.COM,Technology,Assistant Manager,mumbai,Naukri,0,Experienced,2023-05-30,,240,230.0,4,4.0,2.0,3,,active,Onsite,OWN VEHICLE,27.67,71,19,77,84,5,4,Medium,3.0
EMP-0443,Arun Sharma,EMP-0025,male,30/12/1990,arun.sharma@gmail.com,HR,Assistant Manager,mumbai,LinkedIn,0,Experienced,09-27-2022,2023-11-03,240,231.0,3,4.0,2.0,8,Better Compensation & Benefits,Inactive,Hybrid,Company Cab,12.67,16,17,56,64,1,3,Medium,1.0
EMP-0444,  Meera   Rao ,EMP-0075,female,29 May 1985,MEERA.RAO@OUTLOOK.COM,IT,team lead,South - Chennai,RECRUITMENT AGENCY,54908,Experienced,01-14-2024,,240,211.0,8,10.0,11.0,15,,Active,WFH,Company Cab,12.58,84,42,85,85,5,1,High,
EMP-0445,pradeep joshi,EMP-0100,Male,05 Dec 1994,pradeep_joshi@company.com,Technology,Senior Executive,North - Delhi,Campus Drive,9480,Fresher,04 Nov 2018,,240,230.0,6,4.0,0.0,1,,ACTIVE,WFH,company cab,23.41 LPA,93,20,0.78,81%,Medium,Very High,Medium,3.0
EMP-0446,  Deepa   Reddy ,EMP-0200,M,12-14-1986,  deepa61@company.com ,Sales,Executive,Bengaluru,Recruitment Agency,68440,Fresher,2022/08/06,,240,230.0,4,5.0,1.0,7,,active,Onsite,Own Vehicle,26.71,89,3,79%,82,4,4,Low,2.0
EMP-0447,Deepa Sharma,EMP-0010,Female,22 Jun 1987,  deepa57@outlook.com ,HR,assistant manager,chennai,Naukri,0,Experienced,14 Dec 2021,,240,215.0,7,10.0,8.0,11,,Active,HYBRID,Own Vehicle,27.66,13,32,40,50,6,1,Medium,2.0
EMP-0448,  Pradeep   Iyer ,EMP-0075,,01-10-1991,  pradeep15@gmail.com ,IT,ASSISTANT MANAGER,South - Chennai,Campus Drive,9612,Experienced,2023/12/25,,240,222.0,10,4.0,4.0,11,,active,ONSITE,Own Vehicle,21.96,15,26,66,69,4,2,HIGH,2.0
EMP-0449,MEERA NAIR,EMP-0100,Female,05/05/1998,meera.nair@company.com,Technology,EXECUTIVE,chennai,linkedin,0,Fresher,04/12/2021,08/03/2022,240,223.0,5,9.0,3.0,2,Involuntary - Performance,Inactive,Hybrid,Public Transport,"$15,264",67,6,,69%,4,3,Low,3.0
EMP-0450,  Kavitha   Nair ,EMP-0300,,05/01/2000,KAVITHA.NAIR@GMAIL.COM,Operations,Executive,chennai,EMPLOYEE REFERRAL,2500,experienced,20 May 2022,,240,225.0,2,10.0,3.0,1,,Active,Onsite,company cab,5.55,31,5,43,50,8,3,Medium,2.0
EMP-0451,Ramesh Joshi,DIR-0001,male,1991/08/26,ramesh.joshi@company.com,Engineering,  Manager ,North - Delhi,company career site,0,experienced,12-01-2019,,240,211.0,14 days,8.0,7.0,19 times,,Active,Work From Home,Own Vehicle,,,,63%,0.58,6,2,High,3.0
EMP-0452,Meera Singh,,M,01 Jan 1989,meera_singh@outlook.com,Finance,MANAGER,South - Bangalore,Company Career Site,0,EXPERIENCED,21 Jan 2019,,240,228.0,3,6.0,3.0,1,,Active,Onsite,company cab,17.18,12,17,52,63,3,3,High,3.0
EMP-0453,DEEPA REDDY,EMP-0010,Female,15 Dec 2003,  deepa74@outlook.com ,Human Resources,TEAM LEAD,BENGALURU,Recruitment Agency,89831,experienced,09/09/2023,,240,227.0,6,6.0,1.0,7,,Active,onsite,Company Cab,13.89,50,31,67,75%,6,,High,2.0
EMP-0454,  Arun   Patel ,EMP-0350,F,09-24-1973,ARUN.PATEL@YAHOO.COM,Ops,assistant manager,North - Delhi,Company Career Site,0,Experienced,04 Jul 2020,,240,218.0,8,9.0,5.0,16,,ACTIVE,Onsite,COMPANY CAB,25.71,69,10,72,70,6,1,Medium,4.0
EMP-0455,meera venkatesh,EMP-0200,Female,19 Jun 1991,MEERA.VENKATESH@OUTLOOK.COM,Sales,Executive,West - Mumbai,LinkedIn,0,Fresher,02-06-2018,23 May 2018,240,232.0,4,4.0,0.0,7,Work-Life Balance / Burnout,INACTIVE,Onsite,Own Vehicle,6.22,23,19,49,52,4,Low,medium,2.0
EMP-0456,  Meera   Venkatesh ,,Female,1970/02/20,,Human Resources,  Senior Executive ,DELHI,,,Fresher,03/01/2021,25 Jun 2023,240,213.0,13,4.0,10.0,13,Relocation / Personal Reasons,Inactive,Hybrid,Company Cab,15.57,84,23 hrs,78%,86,9,2,,2.0
EMP-0457,  Deepa   Patel ,EMP-0120,,1970/01/08,deepa.patel@yahoo.com,Engineering,SENIOR EXECUTIVE,mumbai,Employee Referral,,Experienced,01 Jun 2021,,240,,,,,,,Active,Onsite,Own Vehicle,3.78 LPA,91,14,0.73,80%,7,3,Medium,3.0
EMP-0458,  Karthik   Iyer ,EMP-0320,Male,22 Jan 1987,KARTHIK.IYER@OUTLOOK.COM,Ops,executive,North - Delhi,Recruitment Agency,81533,fresher,2022/06/12,,240,227.0,4,9.0,0.0,6,,Active,HYBRID,Company Cab,14.98,21,6,60,65,6,3,Medium,3.0
EMP-0459,vikram rao,EMP-0025,male,1997/08/23,vikram_rao@company.com,HR,senior executive,South - Chennai,Naukri,0,Experienced,17 Feb 2023,,240,231.0,2,6.0,1.0,2,,Active,onsite,own vehicle,4.88,96,20,75,77,5,3,Medium,1.0
EMP-0460,  Arun   Patel ,EMP-0050,Male,12-11-1983,ARUN.PATEL@GMAIL.COM,IT,  Senior Executive ,chennai,Naukri,0,Experienced,2021/12/12,,240,223.0,6,9.0,2.0,3,,Active,Hybrid,company cab,6.41,21,41,49,60,2,Low,High,1.0
EMP-0461,Divya Joshi,EMP-0280,Female,2002/06/24,DIVYA.JOSHI@OUTLOOK.COM,Finance,  Executive ,South - Chennai,LinkedIn,0,Fresher,2021/02/03,,240,230.0,2,6.0,2.0,3,,Active,Onsite,Own Vehicle,"INR 638,000",22,25,60%,64%,7,3,Medium,2.0
EMP-0462,vijay venkatesh,DIR-0001,Male,,vijay_venkatesh@gmail.com,Technology,MANAGER,East - Kolkata,Naukri,0,EXPERIENCED,2023-08-27,,240,207.0,13,9.0,11.0,18,,Active,Hybrid,Company Cab,19.41,34,43,55,55,5,2,Medium,2.0
EMP-0463,Anitha Nair,DIR-0001,F,05/10/1988,  anitha84@outlook.com ,Technology,  Manager ,BENGALURU,LinkedIn,0,Experienced,20 Sep 2020,,240,216.0,8,10.0,6.0,9,,Active,ONSITE,,21.78 LPA,54,13,59,,5,2,High,1.0
EMP-0464,PRIYA RAO,EMP-0220,F,23 Oct 2005,priya_rao@outlook.com,Marketing,  Assistant Manager ,DELHI,Campus Drive,19532,Experienced,2021/11/07,,240,215.0,13,4.0,8.0,11,,Active,onsite,Company Cab,17.79,28,36,53,60,6,2,High,1.0
EMP-0465,Pooja Patel,,F,09-02-1986,pooja.patel@company.com,HR,manager,South - Chennai,LinkedIn,0,,25 Dec 2023,,240,217.0,6,10.0,7.0,22,,Active,ONSITE,Own Vehicle,27.07,64,20,61,64%,5,2,Medium,3.0
EMP-0466,pooja singh,EMP-0025,F,24 Jun 2000,pooja_singh@yahoo.com,HR,assistant manager,South - Chennai,Company Career Site,0,Experienced,07-21-2024,,240,230.0,2 days,6.0,2.0,7,,Active,Onsite,Company Cab,12.68,54,17,62%,66,8,3,medium,3.0
EMP-0467,  Rajesh   Sharma ,EMP-0100,,1988/03/07,  rajesh14@company.com ,Technology,  Executive ,,linkedin,0,Fresher,10/02/2018,,240,225.0,6,7.0,2.0,1,,active,Onsite,Company Cab,10.5,17,4,54,57,3,3,Medium,3.0
EMP-0468,kavitha joshi,EMP-0140,female,24/04/1983,kavitha.joshi@gmail.com,Engineering,Executive,BENGALURU,Company Career Site,0,Fresher,2023-10-10,,240,216.0,9,6.0,9.0,21,,Active,WFH,Company Cab,24.78,62,2,60,65,3,1,high,3.0
EMP-0469,  Vikram   Rao ,EMP-0350,,1971/07/05,  vikram4@yahoo.com ,,  Team Lead ,West - Mumbai,Campus Drive,9646,Experienced,2019-12-02,,240,215.0,6,10.0,9.0,12 times,,Active,WFH,Company Cab,8.98 LPA,64,22,0.75,73%,6,1,HIGH,3.0
EMP-0470,ARUN KUMAR,DIR-0001,M,1998-03-17,  arun21@company.com ,Finance,manager,North - Delhi,RECRUITMENT AGENCY,69076,Experienced,2019-07-26,,240,226.0,2,10.0,2.0,7,,Active,Onsite,OWN VEHICLE,27.1,41,25,64,59,5,4,medium,4.0
EMP-0471,  Deepa   Joshi ,EMP-0075,,1968-10-20,deepa.joshi@gmail.com,IT,SENIOR EXECUTIVE,DELHI,LinkedIn,0,Experienced,2021-04-02,,240,223.0,5,9.0,3.0,7,,Active,HYBRID,Company Cab,"INR 380,000",60,36,55%,0.64,4,4,High,0.0
EMP-0472,MANOJ JOSHI,EMP-0200,M,05/08/1968,manoj.joshi@company.com,Sales & Mktg,executive,Bengaluru,LinkedIn,0,Fresher,2024/02/08,2025-04-10,240,213.0,11,5.0,11.0,19,Involuntary - Restructuring,Inactive,Hybrid,Company Cab,27.26,53,23,71,75,Medium,2,High,2.0
EMP-0473,LAKSHMI NAIR,EMP-0075,,22 Aug 1988,LAKSHMI.NAIR@YAHOO.COM,Technology,EXECUTIVE,West - Mumbai,Recruitment Agency,50902,Experienced,,06/10/2023,240,227.0,5,6.0,2.0,2,Involuntary - Restructuring,INACTIVE,Hybrid,own vehicle,4.56,91,18,70,77%,7,3,Low,
EMP-0474,lakshmi patel,DIR-0001,female,2001/05/20,lakshmi.patel@company.com,Human Resources,MANAGER,South - Chennai,EMPLOYEE REFERRAL,10000,Experienced,06-18-2018,,240,228.0,5,4.0,3.0,3,,active,Onsite,Company Cab,25.33,79,24,72,66,4,4,medium,1.0
EMP-0475,  Lakshmi   Patel ,DIR-0001,female,1981/08/01,  lakshmi11@company.com ,IT,Manager,North - Delhi,Recruitment Agency,85482,Experienced,2024/01/25,,240,226.0,6,6.0,2.0,2,,Active,Onsite,Company Cab,16.43 LPA,27,20,67,75,5,4,medium,2.0
EMP-0476,Ramesh Nair,EMP-0100,,08-31-1995,ramesh_nair@gmail.com,IT,  Assistant Manager ,mumbai,Employee Referral,5000,experienced,2023-04-25,,240,230.0,2,6.0,2.0,5,,Active,hybrid,Own Vehicle,,92,,67%,67,6,4,Medium,4.0
EMP-0477,Lakshmi Patel,EMP-0140,,18 Dec 1998,lakshmi.patel@gmail.com,Engineering,executive,Bengaluru,Employee Referral,"INR 2,500",Experienced,31/08/2022,,240,209.0,13,8.0,10.0,10,,Active,Onsite,COMPANY CAB,"$6,371",31,40,,54%,4,2,High,4.0
EMP-0478,DIVYA RAO,EMP-0100,female,06/12/1971,divya.rao@yahoo.com,Technology,Executive,North - Delhi,linkedin,0,Fresher,2023-01-06,,240,210.0,13,6.0,11.0,8,,Active,Hybrid,Own Vehicle,17.07,46,32,62,64,5,2,Medium,3.0
EMP-0479,MANOJ SINGH,,M,1976-07-23,manoj.singh@yahoo.com,HR,manager,BENGALURU,Campus Drive,12906,Experienced,05-21-2020,2022-10-23,240,225.0,4,8.0,3.0,5,Better Compensation & Benefits,Inactive,WFH,Company Cab,27.25,65,3,66,64,1,3,Medium,5.0
EMP-0480,Ananya Reddy,DIR-0001,female,22/03/1999,  ananya51@yahoo.com ,Finance,MANAGER,DELHI,employee referral,10000,Experienced,2021-12-28,28 Feb 2024,240,220.0,6,4.0,10.0,13,Involuntary - Restructuring,Resigned,,COMPANY CAB,16.32,68,41,69,72,4,1,High,3.0
EMP-0481,  Vikram   Kumar ,EMP-0240,,21 May 1977,  vikram97@company.com ,Marketing,,North - Delhi,Walk-In,0,Experienced,04-14-2021,10 Jul 2022,240,210.0,14 days,10.0,6.0,8,Better Compensation & Benefits,Inactive,Onsite,Company Cab,18.92 LPA,,6,58%,60%,7,1,High,1.0
EMP-0482,  Anitha   Venkatesh ,EMP-0140,,22/02/1997,  anitha17@outlook.com ,Engineering,assistant manager,CHENNAI,LinkedIn,0,Experienced,01-27-2024,,240,224.0,3,10.0,3.0,1,,Active,HYBRID,Company Cab,20.55,37,21,60,68,2,3,Medium,3.0
EMP-0483,  Vijay   Joshi ,EMP-0120,Female,1996/01/31,  vijay53@gmail.com ,Engineering,team lead,South - Chennai,Company Career Site,0,Experienced,21 May 2024,2024-08-08,240,221.0,8,4.0,7.0,20,Better Career Growth,Resigned,hybrid,Company Cab,14.64,83,32,75,86,8,2,High,2.0
EMP-0484,RAJESH JOSHI,DIR-0001,Male,01 Jul 1981,RAJESH.JOSHI@GMAIL.COM,Finance,manager,DELHI,Company Career Site,0,Experienced,15 Dec 2023,2026-05-15,240,227.0,4,6.0,3.0,1,Better Career Growth,INACTIVE,hybrid,Company Cab,18.88,44,16,70,80,,4,medium,4.0
EMP-0485,  Deepa   Joshi ,DIR-0001,female,1986-12-04,deepa_joshi@gmail.com,HR,  Manager ,CHENNAI,employee referral,"INR 10,000",Experienced,08/05/2018,,240,212.0,8,9.0,11.0,13,,Active,WFH,Own Vehicle,17.82,70,23,71,,1,2,HIGH,4.0
EMP-0486,ananya singh,EMP-0100,M,02 Nov 1974,ananya.singh@outlook.com,Technology,senior executive,North - Delhi,LinkedIn,0,Fresher,05-19-2019,03-29-2021,240,217.0,11,7.0,5.0,17,,Resigned,Hybrid,company cab,25.58,63,33,65%,56,4,2,High,2.0
EMP-0487,  Divya   Rao ,EMP-0025,female,1989-02-23,DIVYA.RAO@YAHOO.COM,HR,executive,South - Bangalore,campus drive,8474,Fresher,2019-06-23,,240,227.0,3,8.0,2.0,7 times,,Active,Hybrid,Company Cab,4.61 LPA,72,27,74,73,5,4,Medium,2.0
EMP-0488,vikram patel,EMP-0180,female,02/04/1994,vikram_patel@company.com,Sales,  Assistant Manager ,South - Bangalore,naukri,0,Experienced,28 Jan 2021,,240,225.0,4,9.0,2.0,4,,Active,Work From Home,Company Cab,10.38,88,42,68,60,4,3,High,4.0
EMP-0489,SURESH PATEL,EMP-0180,M,17 Jul 1993,suresh.patel@gmail.com,Sales,SENIOR EXECUTIVE,BENGALURU,LinkedIn,0,Fresher,06-30-2022,,240,233.0,2,4.0,1.0,8,,Active,onsite,Company Cab,26.79,16,40,43,50%,7,3,high,1.0
EMP-0490,kavitha singh,DIR-0001,,1968-05-09,KAVITHA.SINGH@COMPANY.COM,HR,MANAGER,BENGALURU,Company Career Site,0,Experienced,08/06/2018,,240,207.0,14,7.0,12.0,9,,Active,Onsite,Company Cab,25.31,85,38,71,71,4,2,High,3.0
EMP-0491,  Divya   Sharma ,,F,27 Dec 1999,,Marketing,  Senior Executive ,South - Bangalore,,,fresher,10 Nov 2021,10-16-2022,240,212.0,10,10.0,8.0,19,Relocation / Personal Reasons,INACTIVE,Hybrid,company cab,"INR 1,466,000",58 Hours,21,55%,0.59,8,2,,3.0
EMP-0492,kavitha venkatesh,EMP-0260,F,24 Jan 2006,KAVITHA.VENKATESH@COMPANY.COM,Finance,senior executive,BENGALURU,Employee Referral,2500,fresher,09/10/2022,2023-12-13,240,214.0,13,5.0,8.0,19,Better Compensation & Benefits,Resigned,hybrid,Own Vehicle,18.69,94,16,77,78,5,2,High,3.0
EMP-0493,suresh sharma,EMP-0100,male,1994/09/23,suresh_sharma@yahoo.com,IT,  Senior Executive ,South - Bangalore,LinkedIn,0,Experienced,02/02/2018,27 Nov 2019,240,230.0,5,5.0,0.0,3,Work-Life Balance / Burnout,Resigned,Onsite,own vehicle,10.3 LPA,40,33,0.56,56%,9,3,High,4.0
EMP-0494,DIVYA SINGH,EMP-0075,,29 Aug 1969,  divya38@company.com ,IT,Executive,BENGALURU,Campus Drive,8753,Fresher,05-01-2018,,240,230.0,2,7.0,1.0,8,,Active,WFH,company cab,8.11,67,5,63,67,6,Low,Medium,4.0
EMP-0495,sanjay patel,EMP-0260,M,1991/01/10,sanjay_patel@yahoo.com,Finance,team lead,DELHI,Walk-In,,Experienced,05-12-2022,,240,,,,,,,active,Hybrid,Own Vehicle,14.86,70,5,66,60,6,4,low,3.0
EMP-0496,KARTHIK RAO,emp-0350,male,11 Jun 1998,karthik_rao@gmail.com,Operations,team lead,CHENNAI,Employee Referral,5000,Experienced,26/08/2021,,240,226.0,2 days,10.0,2.0,6,,ACTIVE,onsite,Own Vehicle,12.16,-15,33,75%,74,4,3,High,4.0
EMP-0497,ARUN JOSHI,EMP-0300,M,1970/09/21,ARUN.JOSHI@COMPANY.COM,Operations,ASSISTANT MANAGER,North - Delhi,Company Career Site,0,Experienced,29/08/2021,,240,228.0,2,8.0,2.0,5,,Active,Onsite,Company Cab,17.8,29,0,62,62%,3,Very High,High,5.0
EMP-0498,  Arun   Sharma ,EMP-0025,Male,,ARUN.SHARMA@GMAIL.COM,HR,executive,South - Chennai,Naukri,0,Experienced,,06-09-2022,240,217.0,8,9.0,6.0,20,Involuntary - Performance,Inactive,HYBRID,Own Vehicle,5.4,46,9,68,70,6,2,High,3.0
EMP-0499,DEEPA SHARMA,DIR-0001,female,1992-10-25,deepa.sharma@outlook.com,Engineering,MANAGER,West - Mumbai,walk-in,0,Experienced,26/09/2021,,240,214.0,11,8.0,7.0,9,,Active,Onsite,own vehicle,27.37 LPA,13,20,67,70,Medium,1,High,3.0
EMP-0500,  Sanjay   Venkatesh ,DIR-0001,,29 Jan 1997,SANJAY.VENKATESH@GMAIL.COM,Sales & Mktg,  Manager ,chennai,Campus Drive,13314,Experienced,,,240,226.0,3,10.0,1.0,4,,Active,Onsite,COMPANY CAB,27.66,29,4,56,66,7,3,Low,3.0
EMP-0501,deepa reddy,DIR-0001,Male,30 Mar 1973,deepa.reddy@yahoo.com,Marketing,manager,South - Chennai,Walk-In,0,experienced,2019-06-08,24 Dec 2019,240,229.0,5,4.0,2.0,6,Involuntary - Performance,Resigned,Hybrid,Own Vehicle,,69,,69%,76%,3,4,Low,3.0
EMP-0502,Divya Kumar,EMP-0010,female,12-26-1996,divya.kumar@outlook.com,HR,Executive,West - Mumbai,Naukri,0,Fresher,28/08/2020,,240,224.0,5,10.0,1.0,2,,ACTIVE,Hybrid,Own Vehicle,16.63,33,21,55,53,5,4,Low,0.0
EMP-0503,SANJAY KUMAR,EMP-0240,,1987-07-27,  sanjay22@outlook.com ,Marketing,Senior Executive,North - Delhi,Naukri,0,Experienced,13 Mar 2023,13/05/2026,240,217.0,7,6.0,10.0,19,Involuntary - Performance,Inactive,Onsite,,11.08,59,1,59,60,4,2,high,5.0
EMP-0504,  Ananya   Kumar ,EMP-0120,Female,29/07/2000,ANANYA.KUMAR@YAHOO.COM,Engineering,  Assistant Manager ,Bengaluru,Campus Drive,8919,Experienced,11-20-2021,,240,209.0,13,8.0,10.0,20,,Active,Hybrid,Own Vehicle,23.44,58,9,58,59,,2,High,6.0
EMP-0505,Ananya Patel,EMP-0300,F,27/08/1987,  ananya74@gmail.com ,Operations,ASSISTANT MANAGER,chennai,employee referral,"INR 5,000",Experienced,12-02-2019,,240,225.0,5,10.0,0.0,3 times,,Active,WFH,,20.28 LPA,60,33,,63%,7,3,High,3.0
EMP-0506,Suresh Rao,EMP-0010,Male,05-12-1994,  suresh12@yahoo.com ,Human Resources,TEAM LEAD,South - Bangalore,LinkedIn,0,Experienced,11-19-2021,,240,227.0,4,9.0,0.0,8,,Active,Hybrid,Company Cab,7.48,45,15,73%,78,5,3,Low,4.0
EMP-0507,  Divya   Singh ,EMP-0160,,13 Apr 2006,DIVYA.SINGH@GMAIL.COM,Sales,assistant manager,South - Chennai,COMPANY CAREER SITE,0,Experienced,04-19-2019,,240,224.0,5,9.0,2.0,3,,Active,Onsite,Company Cab,25.82,75,38,67,,1,3,High,2.0
EMP-0508,sanjay singh,EMP-0050,Female,27 Feb 1981,  sanjay61@outlook.com ,IT,  Executive ,South - Chennai,Employee Referral,2500,Fresher,2018-12-11,,240,211.0,14,9.0,6.0,20,,Active,Hybrid,,23.65,88,21,70,64,7,1,High,3.0
EMP-0509,KARTHIK NAIR,DIR-0001,M,05-15-2005,karthik_nair@yahoo.com,Finance,MANAGER,East - Kolkata,Employee Referral,"INR 10,000",experienced,2018-08-02,,240,213.0,8,7.0,12.0,22,,Active,Onsite,Own Vehicle,26.77,43,11,68,75%,5,2,High,4.0
EMP-0510,Divya Venkatesh,EMP-0320,F,16/11/2003,divya.venkatesh@company.com,Operations,Senior Executive,South - Bangalore,Naukri,0,Fresher,15 Jan 2019,,240,219.0,6,10.0,5.0,16,,Active,HYBRID,Company Cab,21.28,45,23,71,83,5,1,High,3.0
EMP-0511,DIVYA RAO,DIR-0001,,1980-09-01,divya.rao@outlook.com,Finance,  Manager ,South - Bangalore,Company Career Site,0,Experienced,04-16-2023,,240,220.0,8 days,6.0,6.0,10,,ACTIVE,Hybrid,company cab,18.53 LPA,,39,64%,0.65,5,2,High,3.0
EMP-0512,  Manoj   Iyer ,EMP-0050,Male,16/10/1973,  manoj52@yahoo.com ,IT,assistant manager,BENGALURU,Employee Referral,5000,Experienced,12-31-2021,,240,213.0,11,9.0,7.0,13,,Active,hybrid,own vehicle,13.75,48,37,48,50,8,2,high,2.0
EMP-0513,Sneha Iyer,EMP-0240,female,04 Mar 1995,SNEHA.IYER@OUTLOOK.COM,Marketing,executive,West - Mumbai,employee referral,"INR 2,500",Fresher,12-07-2023,,240,228.0,6,6.0,0.0,5,,Active,Hybrid,own vehicle,26.35,51,9,73,77%,5,4,Low,5.0
EMP-0514,rajesh singh,EMP-0075,M,29 Aug 1986,  rajesh66@outlook.com ,Technology,  Assistant Manager ,North - Delhi,Recruitment Agency,59226,Experienced,2023/03/05,,240,226.0,3,9.0,2.0,3,,Active,Hybrid,Company Cab,24.72,67,34,63,71,5,3,Medium,3.0
EMP-0515,  Arun   Patel ,EMP-0100,Male,1977/05/24,  arun11@yahoo.com ,IT,senior executive,South - Bangalore,Naukri,0,Experienced,05-28-2024,,240,210.0,10,8.0,12.0,9,,Active,hybrid,Company Cab,4.61,21,31,61,62,8,2,High,2.0
EMP-0516,pradeep patel,EMP-0010,Male,10-24-1968,pradeep_patel@outlook.com,Human Resources,executive,BENGALURU,LinkedIn,0,experienced,12/04/2020,,240,224.0,6,9.0,1.0,3,,Active,hybrid,Own Vehicle,4.15,12,6,65%,72,3,,Medium,0.0
EMP-0517,Lakshmi Rao,EMP-0350,female,06/01/1984,lakshmi.rao@yahoo.com,Ops,team lead,West - Mumbai,Recruitment Agency,63492,Experienced,29/12/2023,,240,226.0,3,9.0,2.0,1,,Active,Hybrid,OWN VEHICLE,12.72 LPA,27,20,0.72,78%,5,5,Medium,3.0
EMP-0518,Kavitha Reddy,EMP-0200,,2006/07/21,KAVITHA.REDDY@GMAIL.COM,Sales,team lead,BENGALURU,Campus Drive,14141,Experienced,2020-06-10,,240,234.0,2,4.0,0.0,5,,active,Hybrid,OWN VEHICLE,23.36,49,19,58,72,8,3,Medium,2.0
EMP-0519,PRADEEP PATEL,EMP-0075,M,11-09-1970,PRADEEP.PATEL@GMAIL.COM,IT,Assistant Manager,North - Delhi,company career site,0,Experienced,2020/09/08,15 Nov 2021,240,224.0,3,10.0,3.0,1,Better Compensation & Benefits,Resigned,hybrid,Company Cab,"$33,228",30,25,53,54,4,Low,Medium,2.0
EMP-0520,Pooja Patel,EMP-0075,,14/09/1995,  pooja49@gmail.com ,IT,  Senior Executive ,South - Chennai,campus drive,15056,Fresher,2018/06/03,,240,224.0,5,9.0,2.0,5,,Active,Onsite,Own Vehicle,7.19,24,3,60,53,9,4,LOW,2.0
EMP-0521,KAVITHA RAO,EMP-0075,,19 Jan 1978,kavitha_rao@company.com,Technology,,chennai,Recruitment Agency,49540,Experienced,2019/12/19,,240,227.0,5,5.0,3.0,5,,Active,Onsite,Company Cab,"INR 1,805,999",35,21 hrs,60%,55%,5,,Low,4.0
EMP-0522,RAJESH SINGH,EMP-0050,M,04-07-1983,RAJESH.SINGH@GMAIL.COM,IT,SENIOR EXECUTIVE,BENGALURU,recruitment agency,56003,,15 Dec 2019,,240,231.0,5,4.0,0.0,3,,Active,Onsite,Company Cab,12.83,17,14,51,53,5,3,medium,3.0
EMP-0523,  Lakshmi   Nair ,EMP-0050,F,2002/07/18,lakshmi_nair@outlook.com,Technology,Executive,chennai,Company Career Site,0,Fresher,14 Mar 2021,,240,225.0,5,7.0,3.0,8 times,,Active,Onsite,COMPANY CAB,27.26 LPA,96,39,75,83,6,5,High,3.0
EMP-0524,POOJA REDDY,EMP-0100,female,1974/10/12,  pooja60@gmail.com ,Technology,team lead,chennai,Walk-In,0,Experienced,2018-09-14,,240,230.0,3,6.0,1.0,6,,Active,ONSITE,Own Vehicle,24.13,51,20,64,63,5,Very High,Medium,2.0
EMP-0525,sanjay singh,EMP-0200,male,1972-09-02,sanjay_singh@outlook.com,Sales & Mktg,ASSISTANT MANAGER,South - Bangalore,Company Career Site,0,EXPERIENCED,06/06/2021,11 Nov 2022,240,225.0,4,9.0,2.0,7,Work-Life Balance / Burnout,Resigned,Onsite,Company Cab,24.04,53,14,68,70%,2,4,Low,4.0
EMP-0526,Manoj Sharma,,Male,22 Aug 1987,,Engineering,MANAGER,North - Delhi,,,Experienced,2023/09/28,,240,225.0,3 days,10.0,2.0,2,,Active,Onsite,Company Cab,,23,,57%,63,6,5,,3.0
EMP-0527,MANOJ JOSHI,EMP-0050,,2001-11-25,manoj.joshi@gmail.com,IT,SENIOR EXECUTIVE,BENGALURU,Walk-In,0,Experienced,16 Mar 2019,,240,213.0,11,5.0,11.0,9,,Active,Onsite,Company Cab,13.66,87,27,80,79,8,2,High,4.0
EMP-0528,  Ramesh   Joshi ,EMP-0300,male,2003/01/23,ramesh.joshi@company.com,,TEAM LEAD,Bengaluru,LinkedIn,0,Experienced,17 Feb 2021,,240,228.0,4,7.0,1.0,3,,Active,Onsite,OWN VEHICLE,10.2,11,13,47,50,7,3,Low,3.0
EMP-0529,  Vikram   Rao ,EMP-0180,male,2006-07-03,vikram_rao@outlook.com,Sales & Mktg,EXECUTIVE,North - Delhi,Walk-In,0,Experienced,17 May 2023,2025-10-07,240,232.0,2,4.0,2.0,7,Better Career Growth,Resigned,Onsite,company cab,4.88 LPA,46,26,0.74,,3,Very High,High,4.0
EMP-0530,Sanjay Singh,EMP-0300,Male,1969/11/18,sanjay_singh@company.com,Ops,Senior Executive,South - Chennai,Naukri,0,Fresher,25 Jun 2021,,240,226.0,6,7.0,1.0,3,,Active,HYBRID,Own Vehicle,24.69,78,40,71,68,9,5,High,3.0
EMP-0531,  Ananya   Joshi ,EMP-0220,F,1996-04-03,ananya.joshi@yahoo.com,Marketing,ASSISTANT MANAGER,South - Bangalore,Campus Drive,16702,Experienced,15 Jun 2024,,240,226.0,4,8.0,2.0,4,,ACTIVE,ONSITE,Company Cab,"INR 2,342,000",47,39,63%,0.72,3,3,HIGH,2.0
EMP-0532,  Lakshmi   Kumar ,,,22/03/1984,  lakshmi78@yahoo.com ,Sales & Mktg,manager,mumbai,Naukri,0,Experienced,10-28-2022,,240,213.0,8,7.0,12.0,15,,Active,Hybrid,OWN VEHICLE,27.99,50,27,59,69,3,2,High,2.0
EMP-0533,priya iyer,DIR-0001,,07 Oct 1999,PRIYA.IYER@OUTLOOK.COM,IT,Manager,South - Chennai,LinkedIn,,Experienced,2024-06-13,,240,,,,,,,active,Onsite,Own Vehicle,"$33,504",71,25,,78%,5,2,Medium,4.0
EMP-0534,Vikram Rao,DIR-0001,F,1990-05-10,vikram.rao@outlook.com,Sales,Manager,CHENNAI,LINKEDIN,0,Experienced,2019/04/05,,240,210.0,13,6.0,11.0,8,,Active,Hybrid,Company Cab,17.11,69,1,62,64,5,1,High,1.0
EMP-0535,Vijay Nair,EMP-0010,male,04-25-1984,vijay_nair@yahoo.com,HR,assistant manager,mumbai,Recruitment Agency,67004,Experienced,2023-05-19,,240,228.0,2,7.0,3.0,4,,Active,wfh,Own Vehicle,22.34 LPA,23,24,64,74,5,5,Medium,3.0
EMP-0536,Karthik Singh,,Male,07/07/1973,KARTHIK.SINGH@GMAIL.COM,Marketing,MANAGER,North - Delhi,Recruitment Agency,77088,Experienced,08-16-2020,,240,227.0,3,8.0,2.0,1,,Active,Hybrid,Company Cab,26.65,98,2,68%,73,6,3,Low,1.0
EMP-0537,ANITHA VENKATESH,DIR-0001,Female,1986-08-25,ANITHA.VENKATESH@OUTLOOK.COM,IT,Manager,mumbai,LinkedIn,0,Experienced,15 Dec 2018,,240,217.0,6,6.0,11.0,17,,active,Hybrid,Own Vehicle,24.32,93,7,72,73%,1,1,high,1.0
EMP-0538,  Kavitha   Iyer ,EMP-0050,F,18 Apr 2004,  kavitha73@company.com ,IT,Executive,South - Bangalore,Walk-In,0,Experienced,04/04/2021,,240,229.0,5,6.0,0.0,2,,active,Hybrid,Own Vehicle,9.56,11,43,50,50,6,3,High,2.0
EMP-0539,ANITHA SHARMA,EMP-0025,female,27/08/1990,anitha_sharma@gmail.com,Human Resources,  Senior Executive ,chennai,Naukri,0,experienced,2022/05/16,15 Mar 2024,240,228.0,5,5.0,2.0,6,Better Compensation & Benefits,Inactive,Onsite,Public Transport,14.54,79,32,54,62,3,4,High,3.0
EMP-0540,  Sneha   Venkatesh ,EMP-0100,Male,14 Sep 1984,  sneha56@gmail.com ,Technology,Executive,South - Bangalore,Campus Drive,19170,Fresher,15/07/2024,,240,229.0,5,6.0,0.0,7,,Active,Onsite,COMPANY CAB,6.66,26,41,56,60,6,3,High,3.0
EMP-0541,Vikram Kumar,emp-0025,,30/10/1997,VIKRAM.KUMAR@OUTLOOK.COM,Human Resources,assistant manager,chennai,Naukri,0,Experienced,28 Feb 2022,,240,214.0,6 days,8.0,12.0,11 times,,Active,Onsite,Company Cab,26.87 LPA,,34,72%,68%,2,1,HIGH,3.0
EMP-0542,  Deepa   Joshi ,,M,2001/10/19,DEEPA.JOSHI@GMAIL.COM,Sales,Manager,mumbai,Recruitment Agency,51800,Experienced,2024/05/27,,240,226.0,4,8.0,2.0,2,,Active,Onsite,Company Cab,18.35,37,5,59,67,5,4,Low,4.0
EMP-0543,  Meera   Reddy ,EMP-0025,F,27/03/1978,meera_reddy@gmail.com,Human Resources,EXECUTIVE,South - Bangalore,Walk-In,0,Fresher,2023/10/25,,240,224.0,5,8.0,3.0,5,,Active,hybrid,Own Vehicle,9.1,75,38,61,56,8,4,Medium,3.0
EMP-0544,ANANYA PATEL,DIR-0001,female,18 Jul 1986,  ananya82@yahoo.com ,Engineering,Manager,chennai,Recruitment Agency,51140,Experienced,2019/08/11,,240,223.0,7,5.0,5.0,14,,Active,HYBRID,COMPANY CAB,19.96,44,22,68,70,3,2,High,3.0
EMP-0545,Arun Iyer,EMP-0100,M,2006/03/27,arun.iyer@company.com,Technology,executive,Bengaluru,Walk-In,0,Fresher,2024-01-16,16/01/2025,240,210.0,11,10.0,9.0,16,Work-Life Balance / Burnout,Inactive,Onsite,Own Vehicle,18.64,14,24,64,65%,6,1,High,3.0
EMP-0546,Vikram Sharma,EMP-0350,Male,1984-03-24,vikram.sharma@company.com,Ops,Team Lead,North - Delhi,Naukri,0,Experienced,25 Jan 2023,,240,225.0,4,10.0,1.0,4,,Active,Hybrid,OWN VEHICLE,12.27,74,42,68%,79,6,3,Medium,4.0
EMP-0547,Pradeep Rao,EMP-0180,Male,2002-07-19,pradeep_rao@yahoo.com,Sales,  Executive ,CHENNAI,Employee Referral,2500,Fresher,2021/09/06,,240,223.0,6,8.0,3.0,1,,Active,onsite,Company Cab,6.28 LPA,49,18,64,65,6,3,Medium,3.0
EMP-0548,  Arun   Iyer ,EMP-0025,Male,1991-03-17,  arun92@gmail.com ,Human Resources,  Senior Executive ,mumbai,NAUKRI,0,Fresher,2020-12-11,07 Apr 2022,240,233.0,2,4.0,1.0,6,Better Compensation & Benefits,Inactive,Onsite,Own Vehicle,19.95,85,4,66,67,7,Low,Low,3.0
EMP-0549,Sanjay Reddy,,male,13 Feb 1982,sanjay_reddy@outlook.com,IT,  Manager ,North - Delhi,LinkedIn,0,experienced,27/07/2023,,240,224.0,5,8.0,3.0,3,,Active,Hybrid,Own Vehicle,16.25,65,10,63,59%,High,,Medium,3.0
EMP-0550,SANJAY PATEL,,Female,16 May 1975,  sanjay24@company.com ,Finance,  Manager ,North - Delhi,Naukri,0,Experienced,2022-05-22,,240,225.0,6,8.0,1.0,6,,Active,Onsite,COMPANY CAB,22.42,45,11,64,63,1,4,Low,3.0
EMP-0551,lakshmi rao,EMP-0140,male,2002-01-20,lakshmi.rao@gmail.com,Engineering,Team Lead,mumbai,NAUKRI,0,Experienced,10/06/2020,,240,227.0,6,6.0,1.0,7,,Active,Hybrid,Own Vehicle,,54,,56%,,4,3,Medium,5.0
EMP-0552,SURESH VENKATESH,EMP-0280,male,09/10/1996,  suresh97@outlook.com ,Finance,ASSISTANT MANAGER,South - Bangalore,walk-in,0,Experienced,2021/10/31,,240,223.0,6,9.0,2.0,6,,Active,hybrid,Own Vehicle,24.38,32,7,53,51,6,3,Low,3.0
EMP-0553,Divya Patel,EMP-0240,Female,1970/08/05,DIVYA.PATEL@YAHOO.COM,Marketing,team lead,mumbai,Naukri,0,EXPERIENCED,2018/12/02,,240,221.0,6,10.0,3.0,5,,,Onsite,,17.02 LPA,56,23,0.77,77%,8,3,Medium,3.0
EMP-0554,  Vijay   Joshi ,,,22 Oct 1986,  vijay54@company.com ,HR,manager,North - Delhi,LinkedIn,0,Experienced,2023-07-07,,240,225.0,5,10.0,0.0,6,,Active,Onsite,Own Vehicle,17.24,40,27,73,76,6,Low,Medium,3.0
EMP-0555,ramesh iyer,EMP-0140,,1999/06/08,ramesh_iyer@outlook.com,Engineering,assistant manager,mumbai,Walk-In,0,EXPERIENCED,2021-10-10,2022-11-15,240,227.0,4,9.0,0.0,7,Relocation / Personal Reasons,Inactive,Onsite,Company Cab,24.98,20,40,43,50,3,3,High,2.0
EMP-0556,anitha venkatesh,EMP-0100,Female,05-13-2000,anitha_venkatesh@company.com,IT,  Executive ,South - Bangalore,Recruitment Agency,51473,Fresher,2022-12-29,,240,228.0,6 days,6.0,0.0,8,,Active,WFH,Company Cab,13.39,19,35,47%,50,4,3,High,1.0
EMP-0557,  Ananya   Joshi ,EMP-0240,,05-09-1968,ananya_joshi@yahoo.com,Marketing,Executive,South - Chennai,Naukri,0,Experienced,29 Aug 2019,26/12/2020,240,226.0,4,9.0,1.0,1,Involuntary - Performance,Resigned,Hybrid,Company Cab,6.78,76,36,66,68%,6,3,High,2.0
EMP-0558,VIKRAM PATEL,EMP-0260,Male,19/05/1995,VIKRAM.PATEL@GMAIL.COM,Finance,SENIOR EXECUTIVE,West - Mumbai,Recruitment Agency,45175,Experienced,03-11-2022,2025-05-16,240,210.0,13,5.0,12.0,18,Work-Life Balance / Burnout,Inactive,HYBRID,company cab,4.21,23,20,64,67,5,2,High,4.0
EMP-0914,  Priya   Joshi ,EMP-0025,,06/01/1988,PRIYA.JOSHI@GMAIL.COM,HR,EXECUTIVE,South - Bangalore,Naukri,0,Fresher,2023-03-19,28/02/2025,240,216.0,12,5.0,7.0,8 times,Better Career Growth,Inactive,Onsite,Company Cab,22.0 LPA,89,7,59,60,3,1,High,3.0
EMP-0560,POOJA JOSHI,EMP-0180,Female,1996/01/03,  pooja2@yahoo.com ,Sales,  Executive ,West - Mumbai,Employee Referral,2500,Fresher,2019-06-03,2020-04-06,240,225.0,6,9.0,0.0,4,Involuntary - Restructuring,Inactive,Onsite,Own Vehicle,18.7,83,8,68,71,4,4,LOW,4.0
EMP-0561,MEERA PATEL,,male,04-15-1999,,Sales,,chennai,,,Experienced,2024/06/15,,240,229.0,2,7.0,2.0,7,,Active,hybrid,Company Cab,"INR 2,075,000",19 Hours,14,,57%,6,3,,3.0
EMP-0562,sneha singh,EMP-0300,,22 Jan 2003,sneha_singh@company.com,Operations,Senior Executive,DELHI,LINKEDIN,0,Experienced,2020/10/15,,240,229.0,3,7.0,1.0,7,,Active,Onsite,Company Cab,8.72,85,39,77,80,5,5,Medium,3.0
EMP-0563,Sanjay Reddy,EMP-0100,Male,1981-07-11,sanjay_reddy@company.com,Technology,senior executive,CHENNAI,Company Career Site,0,Experienced,06-07-2024,,240,221.0,6,10.0,3.0,1,,Active,Onsite,Own Vehicle,6.84,10,17,44,50,4,3,Medium,3.0
EMP-0564,Anitha Rao,EMP-0075,female,02 Jan 1983,anitha.rao@yahoo.com,Technology,executive,South - Chennai,Naukri,0,Experienced,14/07/2021,2021-12-07,240,228.0,3,8.0,1.0,6,Involuntary - Restructuring,Inactive,Onsite,Company Cab,3.86,14,41,51,55,5,5,HIGH,3.0
EMP-0565,VIKRAM RAO,EMP-0120,male,13/03/2001,  vikram67@outlook.com ,Engineering,  Assistant Manager ,North - Delhi,Naukri,0,Experienced,2023/12/16,2026-07-09,240,224.0,5,8.0,3.0,6,Work-Life Balance / Burnout,Inactive,Onsite,Company Cab,12.09 LPA,29,19,0.57,56%,3,5,Medium,3.0
EMP-0566,meera nair,EMP-0140,female,04-04-1992,meera_nair@gmail.com,Engineering,Team Lead,South - Chennai,Walk-In,0,Experienced,2018-06-24,27/04/2020,240,228.0,3,7.0,2.0,6,Better Compensation & Benefits,INACTIVE,Onsite,Own Vehicle,17.95,17,5,60%,67,6,3,Medium,1.0
EMP-0567,Vikram Reddy,EMP-0140,male,1990/12/14,vikram_reddy@company.com,Engineering,Senior Executive,DELHI,Company Career Site,0,Experienced,2023-03-04,24 Apr 2026,240,211.0,10,8.0,11.0,11,Work-Life Balance / Burnout,Resigned,Hybrid,Company Cab,13.11,52,11,65,69,10,1,High,3.0
EMP-0568,MEERA RAO,EMP-0320,Female,14/04/1983,meera.rao@gmail.com,Ops,assistant manager,South - Chennai,Employee Referral,5000,Experienced,22 Apr 2020,,240,229.0,3,6.0,2.0,4,,Active,Hybrid,Own Vehicle,14.22,85,1,63,72,5,4,LOW,1.0
EMP-0569,meera joshi,,female,,MEERA.JOSHI@COMPANY.COM,Technology,Manager,North - Delhi,LinkedIn,0,Experienced,12-07-2022,,240,224.0,4,10.0,2.0,4,,Active,Hybrid,Company Cab,25.65,10,6,55,64%,4,3,Medium,4.0
EMP-0570,anitha singh,EMP-0050,female,1992/03/21,ANITHA.SINGH@OUTLOOK.COM,IT,executive,South - Chennai,Walk-In,0,Fresher,01/07/2022,,240,226.0,5,6.0,3.0,6,,Active,Hybrid,Own Vehicle,12.03,66,15,65,61,9,Very High,MEDIUM,4.0
EMP-0571,  Divya   Nair ,DIR-0001,F,05-01-2005,DIVYA.NAIR@OUTLOOK.COM,IT,  Manager ,South - Chennai,Recruitment Agency,,Experienced,09-05-2018,,240,,,,,,,Active,Hybrid,company cab,16.09 LPA,,2,61%,0.59,9,1,High,3.0
EMP-0572,sneha singh,EMP-0120,,1990-08-31,SNEHA.SINGH@YAHOO.COM,Engineering,  Assistant Manager ,chennai,Company Career Site,0,Experienced,10-29-2022,,240,222.0,6,10.0,2.0,5,,Active,Hybrid,OWN VEHICLE,22.7,93,44,67,74,10,Low,High,3.0
EMP-0573,  Ramesh   Nair ,EMP-0240,M,10-01-2005,ramesh.nair@company.com,Marketing,Assistant Manager,DELHI,Recruitment Agency,79943,EXPERIENCED,10-05-2020,12/01/2023,240,213.0,7,8.0,12.0,14,Better Compensation & Benefits,INACTIVE,Work From Home,Own Vehicle,13.22,37,2,61,,4,2,Medium,2.0
EMP-0574,MANOJ REDDY,DIR-0001,M,10-06-1990,  manoj3@yahoo.com ,Marketing,manager,South - Chennai,Naukri,0,Experienced,23/07/2024,,240,223.0,5,10.0,2.0,3,,Active,Onsite,Company Cab,18.74,46,26,68,63,7,3,Medium,3.0
EMP-0575,  Suresh   Joshi ,EMP-0350,male,2001-12-08,  suresh65@yahoo.com ,Operations,ASSISTANT MANAGER,BENGALURU,LinkedIn,0,Experienced,04-19-2019,,240,230.0,4,4.0,2.0,2,,Active,Onsite,Own Vehicle,"$29,556",56,42,80,91,3,4,HIGH,3.0
EMP-0576,ananya reddy,EMP-0050,female,1993-09-04,ananya_reddy@gmail.com,IT,  Assistant Manager ,chennai,LinkedIn,0,Experienced,2018/06/24,14 Apr 2021,240,227.0,4,7.0,2.0,8,Work-Life Balance / Burnout,Resigned,Hybrid,Own Vehicle,,85,,71%,72,10,Low,Medium,3.0
EMP-0577,VIJAY RAO,EMP-0010,M,1978/08/04,vijay_rao@outlook.com,HR,Executive,North - Delhi,LinkedIn,0,FRESHER,15/01/2020,,240,230.0,3,5.0,2.0,5 times,,Active,onsite,Company Cab,7.1 LPA,46,37,0.62,67%,5,Low,high,3.0
EMP-0578,pooja nair,EMP-0025,F,1996/02/27,  pooja46@outlook.com ,Human Resources,executive,East - Kolkata,Employee Referral,2500,FRESHER,24 Sep 2022,,240,232.0,3,4.0,1.0,4,,Active,Onsite,Company Cab,26.2,58,32,63,65,5,3,High,3.0
EMP-0579,DEEPA SINGH,EMP-0025,F,06-28-1978,  deepa15@outlook.com ,HR,executive,North - Delhi,Company Career Site,0,Fresher,11-06-2021,,240,213.0,6,9.0,12.0,11,,Active,WFH,Company Cab,15.56,53,27,67,63,6,2,High,1.0
EMP-0580,  Ananya   Venkatesh ,EMP-0140,female,1997/11/30,ananya_venkatesh@company.com,Engineering,  Senior Executive ,North - Delhi,LinkedIn,0,Experienced,12-03-2018,,240,233.0,3,4.0,0.0,7,,Active,Hybrid,Own Vehicle,9.83,65,0,51,58,6,3,Low,4.0
EMP-0581,Sanjay Kumar,EMP-0025,M,16 Jan 2000,  sanjay23@outlook.com ,Human Resources,Assistant Manager,CHENNAI,naukri,0,Experienced,2022-08-16,,240,224.0,4,9.0,3.0,2,,ACTIVE,Onsite,Company Cab,"INR 1,475,000",37,7,59%,75%,10,3,MEDIUM,3.0
EMP-0582,  Arun   Kumar ,DIR-0001,M,1979-02-09,arun_kumar@company.com,H.R.,manager,CHENNAI,Company Career Site,0,experienced,03-07-2023,,240,232.0,3,4.0,1.0,7,,ACTIVE,Onsite,Own Vehicle,27.51,88,36,79,80,3,3,High,3.0
EMP-0583,VIKRAM SHARMA,EMP-0300,M,14/02/1994,  vikram85@outlook.com ,Operations,senior executive,West - Mumbai,Recruitment Agency,65070,Experienced,04-18-2020,,240,213.0,13,7.0,7.0,20,,Active,Hybrid,Company Cab,15.57 LPA,15,31,58,59,10,2,High,3.0
EMP-0584,  Vikram   Joshi ,EMP-0025,Male,16 Mar 1984,  vikram90@outlook.com ,Human Resources,assistant manager,CHENNAI,company career site,0,Experienced,12-23-2020,08/05/2021,240,228.0,4,6.0,2.0,1,Involuntary - Performance,Terminated,Hybrid,Company Cab,11.55,70,42,56,50,8,3,High,
EMP-0585,  Priya   Rao ,DIR-0001,F,03 Dec 1999,priya.rao@gmail.com,Operations,manager,DELHI,linkedin,0,Experienced,13/04/2024,,240,217.0,7,9.0,7.0,16,,Active,hybrid,Own Vehicle,19.02,29,36,51,60%,8,1,High,3.0
EMP-0586,  Priya   Kumar ,emp-0120,female,1971-09-04,priya.kumar@gmail.com,Engineering,EXECUTIVE,South - Bangalore,LINKEDIN,0,fresher,,,240,230.0,2 days,5.0,3.0,3,,Active,Onsite,Own Vehicle,9.38,-15,3 hrs,46%,52,5,4,Low,3.0
EMP-0587,arun joshi,EMP-0200,,31 Oct 1973,arun_joshi@gmail.com,Sales,  Executive ,West - Mumbai,Naukri,0,Experienced,16/09/2022,2025-09-22,240,225.0,2,10.0,3.0,8,Relocation / Personal Reasons,Resigned,Hybrid,own vehicle,5.36,11,29,61,55,2,3,High,3.0
EMP-0588,  Priya   Joshi ,EMP-0140,female,07-03-1971,priya_joshi@gmail.com,Engineering,Executive,chennai,Walk-In,0,Experienced,12-14-2020,,240,215.0,8,9.0,8.0,22,,Active,WFH,Company Cab,6.66,82,5,61,53,5,1,High,
EMP-0589,KARTHIK SHARMA,EMP-0025,male,1986/01/24,karthik_sharma@gmail.com,Human Resources,EXECUTIVE,South - Chennai,WALK-IN,0,fresher,07/12/2023,,240,222.0,6,4.0,8.0,17,,Active,Hybrid,Company Cab,6.64 LPA,46,18,,56%,2,1,High,4.0
EMP-0590,vikram rao,EMP-0300,M,08 Dec 2002,  vikram54@gmail.com ,Operations,  Senior Executive ,West - Mumbai,Company Career Site,0,Experienced,2020/05/15,,240,228.0,6,4.0,2.0,5,,Active,hybrid,OWN VEHICLE,7.22,29,31,58,64,3,3,High,3.0
EMP-0591,Divya Iyer,EMP-0075,F,18 Mar 1994,DIVYA.IYER@COMPANY.COM,IT,senior executive,chennai,Walk-In,0,EXPERIENCED,03 Jul 2018,,240,206.0,13,9.0,12.0,16,,Active,Onsite,Own Vehicle,"INR 690,000",35,8,65%,0.71,Low,2,High,2.0
EMP-0592,ANITHA SINGH,EMP-0025,male,28 Sep 1987,anitha_singh@outlook.com,HR,assistant manager,BENGALURU,Recruitment Agency,80613,Experienced,15/01/2018,,240,227.0,5,5.0,3.0,5,,Active,Hybrid,Company Cab,19.2,38,11,59,57,5,3,Medium,3.0
EMP-0593,Suresh Sharma,EMP-0025,M,13/09/1986,SURESH.SHARMA@GMAIL.COM,Human Resources,Team Lead,South - Chennai,Campus Drive,19192,Experienced,2021/02/13,,240,227.0,3,10.0,0.0,6,,Active,Onsite,Public Transport,7.96,10,10,56,61%,1,4,Low,3.0
EMP-0594,  Vijay   Iyer ,EMP-0320,M,13 Sep 1973,vijay.iyer@outlook.com,,SENIOR EXECUTIVE,BENGALURU,Naukri,0,Fresher,01-09-2021,,240,212.0,8,9.0,11.0,18,,Active,Hybrid,own vehicle,11.97,44,15,65,69,8,2,High,1.0
EMP-0595,PRIYA KUMAR,EMP-0200,female,1973/10/20,priya_kumar@yahoo.com,Sales & Mktg,Assistant Manager,South - Chennai,LINKEDIN,0,Experienced,08-29-2020,,240,215.0,10,9.0,6.0,8 times,,Active,Onsite,own vehicle,25.47 LPA,79,0,78,,5,2,High,5.0
EMP-0596,pradeep iyer,,,18/04/1973,,Operations,assistant manager,South - Chennai,,,Experienced,02 Feb 2023,,240,211.0,11,10.0,8.0,17,,Active,Work From Home,Company Cab,15.11,68,44,61%,62,1,2,,3.0
EMP-0597,SANJAY KUMAR,EMP-0100,,18/06/1969,sanjay_kumar@outlook.com,Technology,  Assistant Manager ,South - Bangalore,Naukri,0,,2020-12-25,,240,229.0,3,5.0,3.0,7,,ACTIVE,onsite,Own Vehicle,19.86,78,20,83,92%,7,Low,MEDIUM,2.0
EMP-0598,manoj singh,EMP-0100,male,1984-07-26,  manoj29@gmail.com ,Technology,  Senior Executive ,South - Chennai,Campus Drive,11945,Experienced,2022/10/07,,240,228.0,6,6.0,0.0,7,,,Hybrid,Own Vehicle,7.72,42,29,51,50,3,3,Medium,1.0
EMP-0599,Karthik Patel,EMP-0350,,1986-04-30,  karthik85@yahoo.com ,Operations,EXECUTIVE,North - Delhi,recruitment agency,72615,Fresher,03-09-2019,18/07/2019,240,232.0,2,5.0,1.0,8,Work-Life Balance / Burnout,Inactive,ONSITE,own vehicle,8.21,60,12,69,78,4,3,Medium,3.0
EMP-0600,RAMESH KUMAR,EMP-0120,M,08-24-1993,  ramesh54@yahoo.com ,Engineering,Senior Executive,South - Chennai,LinkedIn,0,,2021/06/03,,240,231.0,4,5.0,0.0,5,,Active,Hybrid,Company Cab,4.5,87,33,67,66,7,3,High,3.0
EMP-0601,vijay sharma,EMP-0025,M,1974-11-16,vijay.sharma@company.com,H.R.,,South - Bangalore,Employee Referral,"INR 2,500",Experienced,2023/11/12,,240,227.0,5 days,5.0,3.0,5,,Active,Hybrid,own vehicle,,,,58%,69%,3,3,Low,3.0
EMP-0602,  Manoj   Reddy ,EMP-0050,Female,10-18-1984,manoj.reddy@outlook.com,Technology,Team Lead,South - Bangalore,Naukri,0,experienced,02-25-2024,08/12/2024,240,219.0,11,6.0,4.0,12,Involuntary - Performance,Terminated,HYBRID,Company Cab,10.33,29,27,64,62,10,1,high,5.0
EMP-0603,Anitha Venkatesh,EMP-0180,,03/04/1969,anitha.venkatesh@gmail.com,Sales,  Executive ,North - Delhi,company career site,0,fresher,28 May 2020,,240,226.0,4,9.0,1.0,1,,Active,Onsite,Own Vehicle,"$9,408",62,37,67,68,6,,HIGH,2.0
EMP-0604,  Priya   Sharma ,EMP-0280,F,13 Jun 1994,  priya67@company.com ,Finance,executive,South - Bangalore,Recruitment Agency,78217,EXPERIENCED,2020-10-25,,240,229.0,2,7.0,2.0,3,,ACTIVE,onsite,own vehicle,5.67,97,30,80,84,8,Very High,medium,2.0
EMP-0090,  Karthik   Nair ,EMP-0320,Male,09-08-1981,  karthik22@yahoo.com ,Ops,  Executive ,DELHI,LinkedIn,0,Experienced,04-07-2019,,240,207.0,12,9.0,12.0,22,,Active,Hybrid,Company Cab,6.46,52,26,59,62%,4,2,High,2.0
EMP-0606,  Priya   Patel ,EMP-0050,,28 Sep 2004,PRIYA.PATEL@OUTLOOK.COM,IT,Senior Executive,North - Delhi,Walk-In,0,Fresher,13/09/2022,,240,227.0,4,9.0,0.0,5,,Active,WFH,company cab,14.79,98,4,79%,85,5,Very High,Medium,2.0
EMP-0607,  Meera   Nair ,EMP-0180,,,MEERA.NAIR@OUTLOOK.COM,Sales,executive,BENGALURU,LinkedIn,0,Experienced,06-10-2022,10-28-2022,240,227.0,4,8.0,1.0,4,,Inactive,Onsite,,8.56 LPA,59,24,63,59,1,3,medium,3.0
EMP-0608,  Ananya   Rao ,EMP-0075,,1971-01-11,ananya.rao@outlook.com,IT,ASSISTANT MANAGER,East - Kolkata,LinkedIn,0,Experienced,05/10/2018,2020-03-24,240,229.0,3,7.0,1.0,8,Relocation / Personal Reasons,INACTIVE,hybrid,Own Vehicle,12.42,38,2,50,52,4,4,Medium,1.0
EMP-0609,MANOJ PATEL,EMP-0100,,09-15-1993,MANOJ.PATEL@OUTLOOK.COM,Technology,assistant manager,DELHI,Company Career Site,,Experienced,05-23-2018,,240,,,,,,,Active,onsite,company cab,15.83,66,32,71,75%,1,3,High,3.0
EMP-0610,KARTHIK PATEL,EMP-0100,Male,25 Feb 1983,KARTHIK.PATEL@OUTLOOK.COM,Technology,Assistant Manager,North - Delhi,Naukri,0,Experienced,,2020-01-14,240,225.0,6,6.0,3.0,8,Better Career Growth,Inactive,Hybrid,Company Cab,20.41,48,3,56,56,3,4,Low,3.0
EMP-0611,ananya iyer,EMP-0240,,2000/04/19,  ananya67@outlook.com ,Marketing,  Executive ,South - Chennai,Recruitment Agency,49379,Experienced,20 Aug 2018,,240,223.0,6,10.0,1.0,4,,active,ONSITE,Company Cab,"INR 446,000",65,24,72%,0.77,3,4,Medium,3.0
EMP-0612,Sneha Sharma,EMP-0350,,1974/03/19,sneha_sharma@company.com,,  Assistant Manager ,South - Chennai,Naukri,0,Experienced,19/01/2021,,240,214.0,7,8.0,11.0,16,,Active,Onsite,Own Vehicle,23.09,52,19,52,50,3,2,High,1.0
EMP-0613,deepa nair,DIR-0001,Female,02 Mar 2002,deepa.nair@company.com,Operations,MANAGER,chennai,Company Career Site,0,Experienced,01/03/2022,2022-10-01,240,220.0,11,4.0,5.0,8 times,Work-Life Balance / Burnout,Inactive,Hybrid,OWN VEHICLE,18.88 LPA,59,33,0.67,68%,7,2,High,3.0
EMP-0614,RAJESH SHARMA,EMP-0025,,09-06-1974,rajesh.sharma@company.com,H.R.,executive,West - Mumbai,Walk-In,0,Experienced,06-01-2023,,240,211.0,14,8.0,7.0,17,,Active,Hybrid,Company Cab,5.5,32,25,64,63,3,1,high,1.0
EMP-0615,  Deepa   Joshi ,EMP-0160,Female,1996/01/10,  deepa71@outlook.com ,Sales & Mktg,Executive,CHENNAI,Employee Referral,2500,Fresher,08-15-2019,,240,228.0,6,5.0,1.0,6,,Active,Hybrid,Company Cab,24.9,53,4,56,57,6,4,Medium,3.0
EMP-0616,arun sharma,EMP-0100,M,11 Jun 1978,  arun27@company.com ,IT,  Assistant Manager ,chennai,Recruitment Agency,55216,Experienced,,18/01/2026,240,227.0,6 days,7.0,0.0,4,Relocation / Personal Reasons,Inactive,Hybrid,Own Vehicle,26.06,47,34,49%,58,2,4,High,3.0
EMP-0518,manoj rao,EMP-0100,,20 Jan 1970,manoj.rao@gmail.com,Technology,senior executive,BENGALURU,LinkedIn,0,Experienced,2022/05/16,,240,211.0,13,4.0,12.0,15,,Active,ONSITE,own vehicle,"$6,000",93,27,,,5,2,HIGH,4.0
EMP-0618,  Priya   Patel ,EMP-0010,Female,1996-12-21,priya_patel@gmail.com,H.R.,  Team Lead ,mumbai,Naukri,0,Experienced,2020-01-21,,240,221.0,6,7.0,6.0,16,,,wfh,Own Vehicle,10.28,32,28,61,71,8,2,HIGH,4.0
EMP-0619,SNEHA JOSHI,EMP-0075,Female,1999-09-21,SNEHA.JOSHI@GMAIL.COM,IT,  Executive ,South - Chennai,Naukri,0,Fresher,07/05/2021,,240,228.0,5,7.0,0.0,8,,Active,Hybrid,Company Cab,23.25 LPA,54,8,59,68,1,3,Medium,3.0
EMP-0620,VIJAY VENKATESH,EMP-0350,,09-18-2003,vijay.venkatesh@gmail.com,,  Executive ,South - Bangalore,COMPANY CAREER SITE,0,Fresher,21/12/2020,,240,217.0,10,9.0,4.0,14,,Active,WFH,Company Cab,21.83,61,37,53,53,4,1,HIGH,
EMP-0621,  Divya   Patel ,EMP-0010,female,1973/07/21,divya.patel@outlook.com,HR,executive,mumbai,Walk-In,0,Fresher,2019/02/13,,240,226.0,4,10.0,0.0,4,,Active,HYBRID,Own Vehicle,"INR 802,000",89,5,78%,86%,6,4,low,3.0
EMP-0622,  Karthik   Venkatesh ,EMP-0160,male,1995/10/02,karthik_venkatesh@company.com,Sales & Mktg,  Executive ,BENGALURU,Walk-In,0,Experienced,2020/02/28,,240,230.0,6,4.0,0.0,7,,Active,Hybrid,OWN VEHICLE,8.63,59,18,63,66,High,3,High,3.0
EMP-0623,  Anitha   Patel ,EMP-0025,,1970/05/16,ANITHA.PATEL@YAHOO.COM,H.R.,senior executive,chennai,NAUKRI,0,FRESHER,12 Apr 2022,,240,215.0,11,9.0,5.0,16,,Active,Hybrid,Company Cab,12.58,17,43,48,50,5,2,High,3.0
EMP-0624,RAMESH PATEL,EMP-0010,Male,01 Sep 2001,RAMESH.PATEL@COMPANY.COM,Human Resources,Executive,North - Delhi,Naukri,0,Fresher,16/02/2024,,240,219.0,6,4.0,11.0,8,,Active,Onsite,Own Vehicle,15.37,94,10,58,60,6,2,Medium,2.0
EMP-0625,LAKSHMI RAO,EMP-0075,F,1968-11-01,LAKSHMI.RAO@YAHOO.COM,IT,  Assistant Manager ,South - Bangalore,Employee Referral,"INR 5,000",Experienced,2019-09-13,,240,228.0,4,7.0,1.0,3,,Active,Onsite,Own Vehicle,18.65 LPA,10,1,0.57,68%,4,3,Medium,3.0
EMP-0626,sneha venkatesh,DIR-0001,,09/11/1991,sneha_venkatesh@company.com,Human Resources,  Manager ,North - Delhi,Employee Referral,10000,Experienced,26 Aug 2020,03-17-2021,240,212.0,12,6.0,10.0,15,Involuntary - Performance,Inactive,ONSITE,Company Cab,,17,,52%,61,,2,HIGH,3.0
EMP-0627,  Vijay   Nair ,EMP-0180,Male,01/05/1980,vijay.nair@yahoo.com,Sales,assistant manager,South - Chennai,Walk-In,0,EXPERIENCED,2020/03/16,,240,216.0,12,7.0,5.0,18,,Active,ONSITE,Own Vehicle,14.83,38,43,56,62,3,1,Medium,4.0
EMP-0628,  Deepa   Nair ,EMP-0180,F,1999/08/26,deepa.nair@yahoo.com,Sales,ASSISTANT MANAGER,South - Bangalore,Naukri,0,Experienced,10 Feb 2018,,240,212.0,14,5.0,9.0,9,,ACTIVE,Onsite,Company Cab,21.81,14,8,58,60,8,1,High,2.0
EMP-0629,SURESH NAIR,EMP-0025,male,2004/03/12,suresh.nair@company.com,HR,Executive,West - Mumbai,Walk-In,0,experienced,03 May 2018,,240,214.0,8,8.0,10.0,16,,Active,Onsite,Own Vehicle,4.4,95,20,72,75%,5,1,High,3.0
EMP-0630,  Kavitha   Venkatesh ,EMP-0160,F,1986/01/09,kavitha.venkatesh@gmail.com,Sales,EXECUTIVE,North - Delhi,Naukri,0,Fresher,2021/09/28,19 Jan 2022,240,227.0,3,9.0,1.0,1,Involuntary - Performance,Terminated,Hybrid,Own Vehicle,9.68,56,23,73,79,4,5,High,3.0
EMP-0631,DIVYA SINGH,,F,2006-08-31,,Operations,manager,CHENNAI,,,experienced,2020-06-04,,240,229.0,2 days,6.0,3.0,7 times,,Active,Hybrid,Company Cab,20.98 LPA,,33,48%,0.50,3,5,,5.0
EMP-0632,  Anitha   Patel ,EMP-0075,Female,05 Feb 1976,anitha.patel@outlook.com,Technology,ASSISTANT MANAGER,chennai,Campus Drive,15555,Experienced,22/05/2018,,240,226.0,6,7.0,1.0,4,,Active,Onsite,OWN VEHICLE,25.43,74,21,75,83,6,3,medium,3.0
EMP-0633,SNEHA RAO,EMP-0025,F,,SNEHA.RAO@GMAIL.COM,HR,EXECUTIVE,BENGALURU,Walk-In,0,Fresher,24 Mar 2019,,240,228.0,5,6.0,1.0,5,,Active,onsite,Company Cab,16.04,64,2,71,69%,5,5,Low,3.0
EMP-0634,  Sanjay   Kumar ,EMP-0025,Male,02-18-1985,  sanjay24@yahoo.com ,H.R.,ASSISTANT MANAGER,South - Bangalore,Naukri,0,Experienced,2023-09-18,,240,228.0,3,9.0,0.0,1,,active,Onsite,Company Cab,16.54,99,11,70,75,8,,Medium,3.0
EMP-0635,Pradeep Patel,EMP-0075,,1972/06/15,pradeep.patel@gmail.com,Technology,Executive,South - Chennai,Naukri,0,Fresher,2023-07-24,,240,227.0,5,8.0,0.0,4,,Active,Onsite,Company Cab,6.13,52,27,73,65,1,3,medium,3.0
EMP-0636,deepa venkatesh,EMP-0320,Female,17/06/1974,  deepa27@outlook.com ,Operations,  Team Lead ,South - Chennai,Walk-In,0,Experienced,11-05-2020,21 Aug 2021,240,222.0,9,4.0,5.0,17,Better Career Growth,Inactive,Hybrid,Own Vehicle,14.46,83,29,84%,85,10,2,high,4.0
EMP-0637,  Suresh   Venkatesh ,EMP-0075,,08/01/1972,suresh.venkatesh@outlook.com,IT,  Executive ,BENGALURU,NAUKRI,0,Fresher,2019/03/31,17 Oct 2019,240,231.0,2,7.0,0.0,4,Involuntary - Performance,Inactive,Onsite,Own Vehicle,16.55 LPA,39,25,0.63,76%,6,3,MEDIUM,3.0
EMP-0638,  Sneha   Singh ,EMP-0180,F,08/04/1986,sneha.singh@outlook.com,Sales & Mktg,executive,South - Chennai,Employee Referral,2500,Fresher,01-26-2018,,240,228.0,2,7.0,3.0,4,,Active,Hybrid,Own Vehicle,9.44,91,20,73,81,1,4,Medium,3.0
EMP-0639,  Pooja   Joshi ,EMP-0050,,04/08/1982,pooja.joshi@outlook.com,IT,senior executive,North - Delhi,Recruitment Agency,81805,Fresher,09/08/2018,06-16-2020,240,229.0,6,5.0,0.0,3,Involuntary - Performance,Inactive,Hybrid,Company Cab,10.1,26,27,55,,3,3,Low,2.0
EMP-0640,Ramesh Joshi,EMP-0240,F,,ramesh.joshi@outlook.com,Marketing,Team Lead,North - Delhi,naukri,0,Experienced,24/06/2019,,240,227.0,6,6.0,1.0,6,,Active,Hybrid,Company Cab,12.74,35,25,60,70,4,4,MEDIUM,3.0
EMP-0641,VIKRAM NAIR,EMP-0300,M,1985-06-28,vikram_nair@company.com,Operations,,South - Bangalore,Naukri,0,Experienced,,,240,224.0,6,8.0,2.0,4,,Active,Hybrid,Company Cab,"INR 399,000",17,32,50%,50%,3,3,Medium,3.0
EMP-0642,manoj iyer,EMP-0120,M,07-08-1986,  manoj82@outlook.com ,Engineering,executive,South - Chennai,Campus Drive,12161,Fresher,05-29-2020,2021-05-14,240,230.0,4,5.0,1.0,7,Better Compensation & Benefits,Inactive,wfh,,11.39,56,20,61,64,5,4,Medium,1.0
EMP-0643,Sneha Kumar,EMP-0180,Female,2005-02-16,SNEHA.KUMAR@OUTLOOK.COM,Sales,Team Lead,mumbai,LinkedIn,0,Experienced,17 Jul 2024,13/01/2026,240,220.0,10,6.0,4.0,16,Involuntary - Performance,Inactive,WFH,Own Vehicle,8.68 LPA,85,34,78,88,7,2,Medium,3.0
EMP-0644,MEERA JOSHI,EMP-0010,female,1978/09/30,  meera2@company.com ,H.R.,Team Lead,North - Delhi,Company Career Site,0,Experienced,20/03/2022,,240,224.0,6,9.0,1.0,7,,active,Onsite,Own Vehicle,11.52,81,33,66,72,3,3,High,4.0
EMP-0645,  Kavitha   Iyer ,EMP-0200,,1990/02/10,kavitha.iyer@company.com,Sales,  Senior Executive ,South - Chennai,Naukri,0,Experienced,09-20-2022,,240,227.0,6,7.0,0.0,6,,Active,Hybrid,Company Cab,"$7,716",98,40,,79%,7,3,High,4.0
EMP-0646,  Ramesh   Kumar ,EMP-0010,M,1985-04-09,  ramesh45@gmail.com ,Human Resources,team lead,South - Chennai,Employee Referral,5000,Experienced,09 Jul 2020,,240,223.0,5 days,10.0,2.0,7,,Active,Hybrid,,25.32,55,17,65%,76,6,4,Low,2.0
EMP-0647,Suresh Iyer,,M,12 Apr 1982,suresh.iyer@outlook.com,Technology,Manager,South - Chennai,Walk-In,,Experienced,03-23-2023,10/07/2023,240,,,,,,Better Career Growth,Inactive,Onsite,company cab,18.04,77,10,77,75,5,3,Low,3.0
EMP-0648,rajesh nair,EMP-0010,Male,08 Dec 1970,  rajesh16@company.com ,H.R.,Executive,South - Bangalore,Employee Referral,2500,Fresher,01-12-2021,,240,228.0,5,5.0,2.0,7,,Active,hybrid,Own Vehicle,20.14,42,22,61,63,5,3,High,5.0
EMP-0649,  Deepa   Reddy ,,female,,deepa.reddy@company.com,Engineering,  Manager ,Bengaluru,Employee Referral,"INR 10,000",Experienced,2021-12-07,,240,210.0,8,10.0,12.0,15 times,,Active,HYBRID,Company Cab,22.83 LPA,10,21,0.58,52%,7,1,HIGH,1.0
EMP-0650,  Deepa   Sharma ,EMP-0010,,11-01-1968,DEEPA.SHARMA@GMAIL.COM,Human Resources,Team Lead,West - Mumbai,linkedin,0,Experienced,2019-03-12,,240,226.0,3,10.0,1.0,5,,Active,onsite,Company Cab,15.71,28,16,63,60,6,3,Low,1.0
EMP-0651,kavitha sharma,EMP-0120,Female,1994-04-17,  kavitha15@company.com ,Engineering,EXECUTIVE,DELHI,Walk-In,0,Fresher,2024-01-09,,240,211.0,8,10.0,11.0,22,,Active,hybrid,Company Cab,,40,,69%,0.77,,2,High,3.0
EMP-0652,karthik kumar,EMP-0160,,18/11/1992,karthik.kumar@company.com,Sales,  Assistant Manager ,South - Chennai,Company Career Site,0,Experienced,27 Oct 2022,,240,227.0,2,8.0,3.0,7,,,WFH,Own Vehicle,16.66,89,43,65,63,6,3,High,3.0
EMP-0653,RAJESH REDDY,DIR-0001,,31 Mar 1986,RAJESH.REDDY@YAHOO.COM,IT,Manager,BENGALURU,Company Career Site,0,Experienced,2021/03/15,18 Oct 2022,240,212.0,14,8.0,6.0,14,Better Career Growth,INACTIVE,Hybrid,Own Vehicle,17.88,23,10,51,57%,4,1,HIGH,3.0
EMP-0654,  Ramesh   Joshi ,EMP-0160,,1996/07/08,ramesh.joshi@company.com,Sales,assistant manager,South - Chennai,Campus Drive,15529,Experienced,2024/03/27,,240,230.0,3,6.0,1.0,6,,active,Hybrid,Own Vehicle,21.76,62,29,62,73,8,4,Medium,2.0
EMP-0655,MEERA IYER,EMP-0260,Male,05-21-1974,  meera36@company.com ,Finance,Assistant Manager,West - Mumbai,Company Career Site,0,Experienced,04 Jun 2019,,240,217.0,7,7.0,9.0,9,,,onsite,Company Cab,14.08 LPA,57,14,78,81,6,1,Medium,3.0
EMP-0656,Vijay Iyer,EMP-0180,male,18/07/1975,VIJAY.IYER@OUTLOOK.COM,Sales,EXECUTIVE,BENGALURU,Naukri,0,Fresher,02-09-2018,,240,210.0,14,9.0,7.0,8,,Active,Hybrid,own vehicle,6.63,78,26,82%,88,8,1,High,2.0
EMP-0657,  Pradeep   Rao ,EMP-0350,M,1987/01/03,  pradeep91@gmail.com ,Ops,  Senior Executive ,Bengaluru,LinkedIn,0,Experienced,,2023-07-11,240,229.0,4,7.0,0.0,2,Better Career Growth,Inactive,Hybrid,Company Cab,10.45,99,34,74,81%,7,4,high,3.0
EMP-0658,PRIYA REDDY,EMP-0220,M,17 Jan 1968,priya_reddy@yahoo.com,Marketing,ASSISTANT MANAGER,South - Bangalore,Recruitment Agency,56733,Experienced,2024-05-01,,240,226.0,3,10.0,1.0,8,,Active,hybrid,Own Vehicle,12.4,71,32,80,77,4,3,High,0.0
EMP-0659,Sneha Rao,EMP-0200,male,11-05-1995,sneha_rao@outlook.com,Sales,assistant manager,North - Delhi,Company Career Site,0,Experienced,12 May 2024,,240,225.0,3,10.0,2.0,5,,Active,wfh,Own Vehicle,"$23,184",75,19,70,70,10,3,High,3.0
EMP-0660,RAMESH NAIR,EMP-0300,Female,1975-07-05,RAMESH.NAIR@OUTLOOK.COM,Operations,assistant manager,South - Bangalore,LINKEDIN,0,Experienced,2018/07/26,10 Nov 2019,240,232.0,2,5.0,1.0,2,Work-Life Balance / Burnout,Resigned,Hybrid,Company Cab,17.48,73,15,73,71,High,3,Low,4.0
EMP-0661,  Sneha   Patel ,EMP-0075,female,08-18-1989,SNEHA.PATEL@YAHOO.COM,Technology,Assistant Manager,mumbai,Naukri,0,Experienced,06-08-2019,02-27-2021,240,215.0,13 days,5.0,7.0,14,Involuntary - Restructuring,Terminated,Hybrid,Own Vehicle,12.22 LPA,,33,61%,,5,1,High,2.0
EMP-0662,  Lakshmi   Iyer ,DIR-0001,Female,28 Aug 2005,  lakshmi51@company.com ,HR,manager,chennai,LinkedIn,0,Experienced,20 Sep 2023,29/12/2023,240,227.0,3,8.0,2.0,5,Involuntary - Performance,Resigned,Onsite,Own Vehicle,27.67,72,1,65,65,5,4,Low,4.0
EMP-0663,  Ramesh   Nair ,EMP-0075,,15/10/2005,  ramesh22@gmail.com ,Technology,Team Lead,BENGALURU,recruitment agency,83702,Experienced,2019/04/26,,240,226.0,5,7.0,2.0,5,,Active,HYBRID,Public Transport,18.34,82,34,72,79,7,3,High,3.0
EMP-0664,Suresh Rao,EMP-0050,M,11-22-1990,suresh_rao@company.com,Technology,  Senior Executive ,CHENNAI,Company Career Site,0,Experienced,28/01/2021,17/04/2021,240,212.0,10,6.0,12.0,22,,Inactive,onsite,own vehicle,9.31,42,39,55,54,5,1,High,3.0
EMP-0665,RAMESH SHARMA,EMP-0350,M,2001/02/26,ramesh_sharma@outlook.com,Operations,EXECUTIVE,,Recruitment Agency,40615,experienced,28/09/2018,29/08/2021,240,215.0,13,7.0,5.0,20,Relocation / Personal Reasons,Inactive,Onsite,Own Vehicle,5.99,50,27,73,76%,1,2,High,2.0
EMP-0666,sneha venkatesh,,female,1981-06-26,,Sales,SENIOR EXECUTIVE,North - Delhi,,,EXPERIENCED,03-01-2018,,240,223.0,5,10.0,2.0,4,,Active,Onsite,Own Vehicle,7.25,98,38,77%,75,5,Very High,,3.0
EMP-0667,  Sanjay   Iyer ,EMP-0010,Male,07/07/1973,  sanjay41@outlook.com ,Human Resources,senior executive,BENGALURU,linkedin,0,Fresher,2020-05-02,,240,227.0,4,6.0,3.0,1 times,,Active,Hybrid,Company Cab,9.53 LPA,57,5,67,76,9,5,Low,1.0
EMP-0668,  Manoj   Iyer ,EMP-0050,male,14 Jul 1980,manoj_iyer@gmail.com,IT,  Team Lead ,West - Mumbai,Recruitment Agency,70490,experienced,16 Mar 2018,,240,216.0,9,9.0,6.0,8,,Active,wfh,Own Vehicle,7.44,22,8,55,55,7,1,Medium,3.0
EMP-0669,PRADEEP JOSHI,EMP-0025,,08-23-1990,PRADEEP.JOSHI@OUTLOOK.COM,HR,Executive,BENGALURU,LinkedIn,0,Experienced,09 Apr 2021,,240,225.0,4,8.0,3.0,5,,Active,WFH,Own Vehicle,8.07,82,19,67,77%,5,5,MEDIUM,3.0
EMP-0670,PRADEEP PATEL,EMP-0010,,05-15-1983,  pradeep81@yahoo.com ,HR,  Team Lead ,West - Mumbai,Employee Referral,5000,experienced,2019-04-01,,240,230.0,3,5.0,2.0,4,,Active,Hybrid,Company Cab,10.48,86,0,82,86,4,4,LOW,2.0
EMP-0671,Ramesh Singh,EMP-0350,Male,30 Sep 1999,ramesh_singh@gmail.com,Ops,senior executive,chennai,Company Career Site,0,Experienced,2024/05/30,,240,226.0,5,8.0,1.0,8,,,Hybrid,Own Vehicle,"INR 775,000",40,7,56%,0.51,9,3,MEDIUM,4.0
EMP-0672,PRIYA SINGH,DIR-0001,F,09-15-1997,priya.singh@company.com,Human Resources,Manager,CHENNAI,Recruitment Agency,58850,Experienced,12 May 2019,2019-08-27,240,223.0,6,9.0,2.0,5,,Inactive,Onsite,Own Vehicle,25.47,84,22,76,78,4,3,Low,4.0
EMP-0673,  Vijay   Joshi ,EMP-0280,male,1988/08/16,vijay_joshi@yahoo.com,Finance,  Executive ,North - Delhi,Campus Drive,19101,Experienced,24/04/2022,03 Apr 2023,240,223.0,5,9.0,3.0,8,Involuntary - Performance,Inactive,Hybrid,Own Vehicle,5.47 LPA,77,2,,66%,4,4,Low,2.0
EMP-0674,  Deepa   Iyer ,DIR-0001,,13/01/1999,  deepa51@yahoo.com ,IT,Manager,East - Kolkata,Recruitment Agency,75821,Experienced,2020/04/05,,240,214.0,8,9.0,9.0,10,,active,Onsite,Own Vehicle,16.35,13,3,51,56,2,1,High,2.0
EMP-0675,Ananya Sharma,EMP-0075,F,1968/02/03,ananya.sharma@gmail.com,IT,TEAM LEAD,South - Bangalore,Naukri,0,experienced,2024/06/22,,240,211.0,8,9.0,12.0,15,,Active,Hybrid,COMPANY CAB,13.55,28,24,67,69,5,2,High,3.0
EMP-0676,suresh kumar,emp-0075,Male,05/06/1968,  suresh55@company.com ,Technology,senior executive,CHENNAI,Naukri,0,Fresher,02-06-2018,,240,220.0,8 days,8.0,4.0,16,,Active,ONSITE,Own Vehicle,,-15,,67%,71,5,2,High,2.0
EMP-0677,SANJAY PATEL,EMP-0220,Male,30 Mar 1999,  sanjay32@company.com ,Marketing,  Team Lead ,chennai,Employee Referral,"INR 5,000",Experienced,2018/12/03,,240,219.0,6,10.0,5.0,21,,Active,Onsite,Own Vehicle,6.24,91,14,72,73%,5,1,Medium,4.0
EMP-0678,Lakshmi Singh,EMP-0050,female,1992-02-20,LAKSHMI.SINGH@GMAIL.COM,Technology,TEAM LEAD,North - Delhi,LinkedIn,0,Experienced,2020-11-22,,240,228.0,2,10.0,0.0,7,,Active,Hybrid,Company Cab,13.25,22,20,68,68,5,Low,Low,2.0
EMP-0679,suresh joshi,EMP-0100,male,1997-02-11,  suresh19@yahoo.com ,IT,executive,South - Bangalore,Walk-In,0,fresher,11/10/2023,,240,226.0,3,10.0,1.0,2,,Active,Onsite,Company Cab,27.25 LPA,32,34,56,53,8,4,High,3.0
EMP-0680,PRADEEP JOSHI,EMP-0260,male,28 Apr 2005,pradeep.joshi@yahoo.com,Finance,Senior Executive,CHENNAI,LinkedIn,0,Fresher,02/05/2019,2019-12-16,240,221.0,8,4.0,7.0,16,Involuntary - Performance,Terminated,Hybrid,Own Vehicle,24.7,92,13,75,82,5,2,High,2.0
EMP-0681,sneha reddy,EMP-0160,,01 Nov 1983,  sneha89@gmail.com ,Sales & Mktg,,South - Chennai,Company Career Site,0,Experienced,11-14-2023,,240,217.0,13,6.0,4.0,17,,Active,ONSITE,Own Vehicle,"INR 2,352,000",84,35,68%,70%,8,2,High,3.0
EMP-0682,pradeep patel,EMP-0100,,21 Jan 1984,  pradeep28@gmail.com ,Technology,Senior Executive,South - Bangalore,employee referral,2500,Experienced,03-24-2024,,240,207.0,13,9.0,11.0,8,,Active,wfh,Company Cab,9.82,10,11,47,50,3,2,High,4.0
EMP-0683,PRADEEP SHARMA,EMP-0280,M,2002-06-13,  pradeep30@outlook.com ,Finance,SENIOR EXECUTIVE,West - Mumbai,Walk-In,0,Experienced,08-03-2019,,240,227.0,2,8.0,3.0,1,,Active,HYBRID,Company Cab,7.69,97,16,81,,7,3,Medium,3.0
EMP-0684,  Manoj   Nair ,,M,13/08/1984,manoj_nair@gmail.com,Technology,MANAGER,West - Mumbai,Company Career Site,0,Experienced,03-16-2018,2018-06-08,240,218.0,6,8.0,8.0,16,Work-Life Balance / Burnout,Inactive,Hybrid,Company Cab,19.88,63,38,82,85,4,2,High,1.0
EMP-0685,MANOJ VENKATESH,EMP-0010,M,1977-12-08,MANOJ.VENKATESH@YAHOO.COM,HR,ASSISTANT MANAGER,,Naukri,,Experienced,26/01/2022,,240,,,,,,,Active,Onsite,Company Cab,26.27 LPA,80,8,0.66,65%,3,3,Medium,1.0
EMP-0686,arun rao,EMP-0200,Female,07-12-1998,arun.rao@company.com,Sales,Executive,South - Chennai,Walk-In,0,Fresher,,,240,229.0,4,4.0,3.0,3,,Active,hybrid,company cab,17.14,98,34,82%,84,4,3,high,3.0
EMP-0687,LAKSHMI JOSHI,EMP-0050,Female,2004/08/12,lakshmi.joshi@yahoo.com,Technology,EXECUTIVE,North - Delhi,employee referral,2500,Fresher,06-12-2024,,240,233.0,2,4.0,1.0,4,,Active,Onsite,Company Cab,"$21,000",94,12,71,75,7,4,Low,3.0
EMP-0688,divya patel,EMP-0025,F,06/04/2004,divya_patel@outlook.com,H.R.,assistant manager,chennai,LinkedIn,0,,24 Jan 2021,,240,227.0,3,8.0,2.0,6,,Active,Onsite,Own Vehicle,10.36,24,14,56,53,4,4,Medium,1.0
EMP-0689,Rajesh Iyer,DIR-0001,,02-24-1990,  rajesh26@yahoo.com ,Sales,  Manager ,South - Bangalore,Company Career Site,0,Experienced,2018/08/08,,240,210.0,10,10.0,10.0,9,,Active,Hybrid,Company Cab,22.35,74,17,80,79%,9,2,High,
EMP-0690,ANANYA VENKATESH,EMP-0100,female,1990/02/08,ananya.venkatesh@company.com,Technology,EXECUTIVE,West - Mumbai,Naukri,0,Fresher,2018/03/07,09/03/2021,240,226.0,4,7.0,3.0,4,Better Compensation & Benefits,Resigned,onsite,OWN VEHICLE,8.08,85,32,66,76,5,3,High,3.0
EMP-0691,  Ramesh   Reddy ,EMP-0025,M,17 Oct 1976,ramesh_reddy@outlook.com,Human Resources,  Executive ,BENGALURU,Walk-In,0,Fresher,2019/07/19,,240,231.0,3 days,6.0,0.0,1,,Active,Hybrid,Company Cab,11.43 LPA,,5,48%,0.50,5,3,Low,3.0
EMP-0692,ananya rao,EMP-0050,M,1980/06/10,  ananya54@gmail.com ,IT,ASSISTANT MANAGER,BENGALURU,Company Career Site,0,Experienced,29/03/2021,06/08/2023,240,216.0,7,7.0,10.0,14,Involuntary - Restructuring,Terminated,WFH,Company Cab,13.92,24,26,59,59,5,2,High,3.0
EMP-0693,Anitha Singh,EMP-0100,female,1975/08/25,anitha.singh@gmail.com,IT,  Team Lead ,East - Kolkata,Naukri,0,Experienced,2018/05/18,04-29-2021,240,215.0,14,7.0,4.0,18,Better Compensation & Benefits,INACTIVE,Work From Home,COMPANY CAB,15.94,30,22,65,61%,3,2,high,3.0
EMP-0694,vijay joshi,EMP-0200,male,2001/02/20,VIJAY.JOSHI@OUTLOOK.COM,Sales & Mktg,senior executive,BENGALURU,LinkedIn,0,Experienced,23 Aug 2021,,240,228.0,2,9.0,1.0,2,,Active,Hybrid,Company Cab,9.44,28,26,64,71,5,3,High,2.0
EMP-0695,deepa singh,EMP-0075,female,1995/01/18,deepa_singh@yahoo.com,Technology,  Team Lead ,South - Bangalore,LinkedIn,0,Experienced,08/01/2022,,240,222.0,5,10.0,3.0,6,,Active,ONSITE,Company Cab,6.31,69,33,70,68,5,3,High,4.0
EMP-0696,karthik singh,EMP-0010,Male,20/05/1994,karthik.singh@company.com,Human Resources,SENIOR EXECUTIVE,North - Delhi,Walk-In,0,Fresher,17/10/2019,,240,224.0,6,10.0,0.0,1,,Active,Onsite,Own Vehicle,18.46,98,37,73%,76,5,3,High,3.0
EMP-0697,SANJAY IYER,EMP-0320,male,09-18-1973,sanjay.iyer@yahoo.com,Operations,ASSISTANT MANAGER,South - Chennai,LinkedIn,0,Experienced,,,240,229.0,3,5.0,3.0,5,,Active,Hybrid,Company Cab,10.57 LPA,42,13,0.65,59%,5,4,Medium,3.0
EMP-0698,meera singh,,Female,17/05/2006,meera_singh@gmail.com,Sales,Manager,BENGALURU,Naukri,0,Experienced,2019/10/16,01-17-2023,240,232.0,2,4.0,2.0,1,Involuntary - Performance,Terminated,Hybrid,Own Vehicle,17.74,58,35,47,53,4,Very High,High,3.0
EMP-0699,DIVYA NAIR,EMP-0010,F,09-11-2000,DIVYA.NAIR@YAHOO.COM,H.R.,executive,chennai,Naukri,0,Fresher,16 Mar 2019,05-10-2020,240,225.0,3,10.0,2.0,1,Involuntary - Restructuring,Resigned,Onsite,Own Vehicle,7.28,44,7,54,62,4,3,High,3.0
EMP-0700,Kavitha Kumar,EMP-0320,female,1998-05-31,kavitha.kumar@outlook.com,Operations,Team Lead,North - Delhi,Company Career Site,0,Experienced,11-18-2021,,240,217.0,9,8.0,6.0,20,,active,WFH,Company Cab,15.29,53,34,63,68,3,2,High,3.0
EMP-0701,Pradeep Kumar,,,1999/01/31,,Operations,Manager,Bengaluru,,,Experienced,2022-06-17,,240,216.0,12,4.0,8.0,10,,Active,HYBRID,Company Cab,,99 Hours,,,60%,8,1,,1.0
EMP-0702,Pradeep Singh,EMP-0240,Male,1998/07/14,  pradeep83@gmail.com ,Marketing,EXECUTIVE,mumbai,Campus Drive,10588,Experienced,12-10-2019,,240,226.0,6,5.0,3.0,6,,Active,Hybrid,Company Cab,4.77,20,29,66,73,8,3,Medium,2.0
EMP-0703,meera venkatesh,EMP-0100,,02 Feb 1968,meera.venkatesh@gmail.com,Technology,TEAM LEAD,North - Delhi,LinkedIn,0,Experienced,07/04/2018,,240,212.0,12,10.0,6.0,20 times,,Active,Hybrid,Company Cab,11.75 LPA,81,13,65,64,5,2,High,2.0
EMP-0704,suresh sharma,EMP-0075,,1997-02-27,suresh.sharma@outlook.com,IT,Senior Executive,DELHI,Company Career Site,0,fresher,2023-11-10,,240,228.0,2,8.0,2.0,1,,Active,Onsite,company cab,6.79,87,19,83,81,5,3,Low,4.0
EMP-0705,SNEHA NAIR,EMP-0200,female,28 Jun 1982,  sneha36@outlook.com ,Sales,SENIOR EXECUTIVE,South - Bangalore,Company Career Site,0,EXPERIENCED,21/12/2019,,240,230.0,2,7.0,1.0,2,,Active,Onsite,Company Cab,5.05,83,24,72,,1,3,medium,2.0
EMP-0706,VIJAY PATEL,DIR-0001,,04-02-1986,  vijay52@yahoo.com ,Operations,manager,BENGALURU,COMPANY CAREER SITE,0,Experienced,2022-10-16,,240,225.0,4 days,8.0,3.0,6,,Active,WFH,Own Vehicle,27.75,75,39,65%,66,5,3,High,3.0
EMP-0707,Sneha Sharma,EMP-0300,Female,01 Apr 1991,  sneha64@gmail.com ,Operations,  Assistant Manager ,West - Mumbai,Company Career Site,0,Experienced,12-19-2020,,240,227.0,2,9.0,2.0,8,,Active,Hybrid,Own Vehicle,11.4,55,23,71,72,6,3,MEDIUM,4.0
EMP-0708,PRADEEP SHARMA,EMP-0025,male,1991-03-15,pradeep_sharma@gmail.com,H.R.,team lead,DELHI,LinkedIn,0,Experienced,10-25-2022,,240,228.0,5,5.0,2.0,7,,Active,Onsite,Own Vehicle,23.34,18,13,53,53,4,5,Low,1.0
EMP-0709,Sanjay Singh,EMP-0100,male,1978-01-26,sanjay_singh@yahoo.com,IT,Senior Executive,South - Bangalore,Company Career Site,0,Experienced,2020-11-25,11/10/2022,240,227.0,5,5.0,3.0,2,,Terminated,Hybrid,Company Cab,9.74 LPA,12,25,0.64,73%,7,3,High,1.0
EMP-0710,  Ramesh   Sharma ,EMP-0350,Male,1986/11/04,ramesh.sharma@outlook.com,Operations,Assistant Manager,South - Bangalore,Walk-In,0,Experienced,15 Aug 2019,,240,227.0,6,6.0,1.0,2,,,HYBRID,Company Cab,20.2,94,37,70,83,6,Low,High,1.0
EMP-0711,PRADEEP SHARMA,EMP-0320,male,25 Mar 1968,pradeep.sharma@yahoo.com,,Assistant Manager,South - Bangalore,Employee Referral,5000,Experienced,2021-05-13,,240,231.0,2,6.0,1.0,7,,Active,Hybrid,Own Vehicle,"INR 2,213,000",35,22,60%,0.56,7,3,Medium,2.0
EMP-0712,Sneha Sharma,DIR-0001,female,1971/09/02,SNEHA.SHARMA@GMAIL.COM,H.R.,manager,BENGALURU,Walk-In,0,Experienced,2018-12-27,,240,213.0,8,9.0,10.0,13,,Active,ONSITE,company cab,18.09,81,21,79,79,6,2,High,2.0
EMP-0713,KAVITHA PATEL,EMP-0100,M,29/01/2001,kavitha.patel@gmail.com,Technology,ASSISTANT MANAGER,BENGALURU,linkedin,0,experienced,04-19-2020,,240,220.0,11,4.0,5.0,8,,Active,Hybrid,own vehicle,15.05,57,18,61,64%,4,1,HIGH,3.0
EMP-0714,Ananya Venkatesh,EMP-0025,Female,1987-01-04,ananya.venkatesh@company.com,H.R.,  Senior Executive ,BENGALURU,Campus Drive,9210,Experienced,09-02-2019,,240,227.0,4,7.0,2.0,5,,Active,HYBRID,Company Cab,13.59,75,2,66,67,8,3,Medium,5.0
EMP-0715,  Manoj   Venkatesh ,EMP-0180,,30/10/1976,manoj_venkatesh@yahoo.com,Sales,EXECUTIVE,mumbai,Naukri,0,Fresher,24 Sep 2022,,240,233.0,2,5.0,0.0,3,,Active,Hybrid,OWN VEHICLE,12.05 LPA,79,41,56,60,4,Very High,High,
EMP-0716,  Meera   Venkatesh ,,F,1970-10-26,MEERA.VENKATESH@COMPANY.COM,Technology,  Manager ,East - Kolkata,Walk-In,0,Experienced,2019-10-31,13 Sep 2020,240,225.0,5,7.0,3.0,2,Involuntary - Performance,Inactive,Onsite,Company Cab,26.27,37,18 hrs,71%,79,4,Very High,Medium,3.0
EMP-0717,Meera Sharma,EMP-0300,,,MEERA.SHARMA@GMAIL.COM,Operations,Executive,West - Mumbai,Walk-In,0,fresher,2020-01-21,,240,232.0,2,4.0,2.0,2,,Active,hybrid,Company Cab,23.85,35,8,64,70%,Low,3,Medium,6.0
EMP-0718,  Karthik   Rao ,DIR-0001,Male,1969/01/28,karthik.rao@yahoo.com,Operations,Manager,South - Bangalore,Naukri,0,Experienced,10 Sep 2022,05/02/2025,240,224.0,6,8.0,2.0,7,Work-Life Balance / Burnout,Resigned,Hybrid,Company Cab,27.14,34,27,79,85,5,4,Medium,2.0
EMP-0719,ANITHA NAIR,EMP-0140,female,12-30-1982,  anitha6@gmail.com ,Engineering,SENIOR EXECUTIVE,chennai,Employee Referral,2500,Experienced,2019-06-17,06 Feb 2022,240,218.0,6,6.0,10.0,14,Involuntary - Performance,Terminated,Hybrid,Own Vehicle,6.55,21,19,65,76,6,2,High,3.0
EMP-0720,SURESH SHARMA,EMP-0010,male,30/03/1989,suresh.sharma@gmail.com,HR,  Executive ,South - Bangalore,Employee Referral,2500,Fresher,02-14-2024,08 Feb 2025,240,228.0,2,9.0,1.0,3,Better Career Growth,Inactive,WFH,own vehicle,21.41,14,44,42,50,4,3,High,3.0
EMP-0721,PRIYA PATEL,emp-0075,female,2005-05-05,priya.patel@yahoo.com,Technology,,West - Mumbai,LinkedIn,0,,29/03/2023,,240,229.0,5 days,5.0,1.0,5 times,,Active,ONSITE,Company Cab,26.49 LPA,,6,61%,71%,5,4,Low,0.0
EMP-0722,Vijay Patel,EMP-0200,,24/04/1991,  vijay89@yahoo.com ,Sales,executive,North - Delhi,Walk-In,0,experienced,2020-04-30,,240,227.0,4,6.0,3.0,3,,Active,HYBRID,Company Cab,7.94,46,13,56,56,5,3,Medium,3.0
EMP-0723,Pradeep Iyer,EMP-0200,male,2002/10/18,  pradeep90@outlook.com ,Sales,Executive,mumbai,Naukri,,Experienced,03-22-2019,,240,,,,,,,Active,Work From Home,Company Cab,5.13,88,8,79,86,7,2,High,
EMP-0724,Pradeep Rao,EMP-0100,male,2002-04-10,PRADEEP.RAO@COMPANY.COM,IT,  Executive ,South - Bangalore,WALK-IN,0,Fresher,03/06/2023,,240,218.0,7,5.0,10.0,12,,Active,Onsite,Company Cab,21.66,53,18,58,55,7,2,High,3.0
EMP-0725,RAMESH NAIR,EMP-0320,male,1993-12-20,ramesh.nair@outlook.com,,  Executive ,mumbai,Company Career Site,0,Fresher,06/07/2021,,240,211.0,12,6.0,11.0,20,,Active,Onsite,Company Cab,17.57,24,13,49,50%,4,2,High,3.0
EMP-0726,lakshmi iyer,EMP-0180,female,1970-09-21,  lakshmi19@company.com ,Sales & Mktg,  Team Lead ,South - Chennai,Naukri,0,EXPERIENCED,12 Jun 2021,,240,219.0,7,6.0,8.0,11,,Active,Hybrid,Own Vehicle,,52,,54%,60,2,2,High,3.0
EMP-0727,Pradeep Sharma,EMP-0050,M,2006-01-09,pradeep_sharma@outlook.com,Technology,Senior Executive,chennai,Employee Referral,2500,Experienced,03-29-2019,10-30-2021,240,226.0,5,8.0,1.0,8,Involuntary - Performance,Inactive,Onsite,Company Cab,6.92 LPA,57,35,61,,,3,High,3.0
EMP-0728,ARUN PATEL,DIR-0001,,12 Oct 1970,ARUN.PATEL@GMAIL.COM,HR,MANAGER,Bengaluru,COMPANY CAREER SITE,0,Experienced,12-30-2021,,240,220.0,7,5.0,8.0,8,,Active,Hybrid,Own Vehicle,22.98,96,39,67,60,1,2,High,2.0
EMP-0729,arun iyer,EMP-0180,,25 May 1995,arun_iyer@outlook.com,Sales,team lead,chennai,LinkedIn,0,Experienced,,,240,226.0,5,6.0,3.0,6,,Active,Onsite,Company Cab,"$10,128",79,16,,71%,3,3,Medium,1.0
EMP-0730,Anitha Iyer,EMP-0010,F,1998-05-24,  anitha99@yahoo.com ,HR,senior executive,,Walk-In,0,Experienced,2021-02-06,31 Oct 2021,240,226.0,5,6.0,3.0,3,Work-Life Balance / Burnout,Inactive,Hybrid,own vehicle,7.51,55,29,78,88,4,4,Medium,3.0
EMP-0731,suresh sharma,EMP-0180,,24 Mar 1981,SURESH.SHARMA@OUTLOOK.COM,Sales & Mktg,  Senior Executive ,North - Delhi,Naukri,0,Experienced,2020-03-12,,240,229.0,4,6.0,1.0,8,,Active,ONSITE,Company Cab,"INR 752,000",52,8,64%,0.68,5,3,Medium,3.0
EMP-0732,SANJAY REDDY,EMP-0050,male,09 Sep 1995,  sanjay99@gmail.com ,IT,Executive,DELHI,Company Career Site,0,Fresher,14 Mar 2023,,240,228.0,4,5.0,3.0,6,,Active,Hybrid,Company Cab,23.46,30,32,61,64,7,3,High,2.0
EMP-0733,Anitha Rao,EMP-0180,F,1994/11/23,anitha.rao@yahoo.com,Sales,executive,North - Delhi,Naukri,0,Fresher,2020/07/12,01/07/2023,240,210.0,10,9.0,11.0,17,Better Career Growth,Inactive,Onsite,Own Vehicle,19.8 LPA,32,24,0.72,71%,1,2,high,2.0
EMP-0734,Anitha Reddy,EMP-0075,Female,,ANITHA.REDDY@YAHOO.COM,IT,Team Lead,Bengaluru,LinkedIn,0,Experienced,09-23-2018,,240,228.0,3,6.0,3.0,5,,Active,Onsite,Company Cab,16.32,89,13,73,80,5,4,Low,4.0
EMP-0735,Karthik Iyer,EMP-0025,M,01 Sep 2003,karthik.iyer@company.com,H.R.,  Executive ,West - Mumbai,LinkedIn,0,Fresher,16 Sep 2022,,240,217.0,12,6.0,5.0,22,,Active,Hybrid,Company Cab,12.29,56,10,58,62,4,1,High,3.0
EMP-0736,Lakshmi Rao,,Female,1995-10-11,,Marketing,  Team Lead ,chennai,,,Experienced,2018-03-16,12/08/2018,240,228.0,6 days,5.0,1.0,1,Better Compensation & Benefits,Inactive,Hybrid,Public Transport,24.99,24,34,46%,50,9,4,,1.0
EMP-0737,Ananya Sharma,EMP-0180,Female,1998-04-24,ananya_sharma@gmail.com,Sales,assistant manager,South - Bangalore,Recruitment Agency,68949,Experienced,01-09-2019,,240,211.0,13,9.0,7.0,15,,Active,hybrid,own vehicle,13.11,34,40,51,51%,7,2,Medium,2.0
EMP-0738,  Arun   Venkatesh ,,Female,1982/09/21,ARUN.VENKATESH@GMAIL.COM,Engineering,manager,chennai,LinkedIn,0,Experienced,16/02/2021,,240,226.0,4,10.0,0.0,7,,Active,Hybrid,Company Cab,23.51,45,13,70,72,7,3,Medium,2.0
EMP-0739,pooja joshi,EMP-0025,Female,1972-08-09,POOJA.JOSHI@GMAIL.COM,Human Resources,assistant manager,North - Delhi,WALK-IN,0,Experienced,01 May 2018,,240,228.0,5,5.0,2.0,4 times,,Active,Hybrid,Own Vehicle,14.26 LPA,84,29,66,67,6,3,MEDIUM,2.0
EMP-0740,ramesh venkatesh,EMP-0100,Male,1971/01/11,ramesh_venkatesh@outlook.com,IT,Team Lead,DELHI,LinkedIn,0,Experienced,03/12/2023,,240,226.0,4,9.0,1.0,7,,Active,Hybrid,Own Vehicle,12.74,60,40,64,60,6,3,Medium,4.0
EMP-0741,  Arun   Nair ,EMP-0160,male,1976/09/07,arun_nair@company.com,Sales,senior executive,BENGALURU,Company Career Site,0,FRESHER,2019/02/16,,240,213.0,12,4.0,11.0,17,,Active,Onsite,Company Cab,"INR 1,484,000",24,3,58%,64%,5,1,High,2.0
EMP-0742,pooja sharma,EMP-0200,male,10-29-1990,  pooja27@gmail.com ,Sales & Mktg,executive,North - Delhi,Recruitment Agency,62646,Fresher,2018-08-28,,240,224.0,5,8.0,3.0,7,,,Hybrid,Company Cab,10.88,77,3,67,69,9,5,Low,3.0
EMP-0743,pradeep singh,EMP-0160,M,1989/08/05,  pradeep91@yahoo.com ,Sales & Mktg,EXECUTIVE,DELHI,campus drive,17626,FRESHER,05 Apr 2020,,240,213.0,14,4.0,9.0,19,,Active,Onsite,Company Cab,"$26,184",30,27,63,66,5,1,High,3.0
EMP-0744,PRADEEP RAO,EMP-0010,M,27/11/1978,PRADEEP.RAO@OUTLOOK.COM,H.R.,  Assistant Manager ,BENGALURU,Company Career Site,0,Experienced,07-22-2018,,240,226.0,6,8.0,0.0,2,,Active,Hybrid,company cab,15.82,22,7,57,56,3,5,Low,3.0
EMP-0745,Ananya Patel,EMP-0260,female,18/09/1970,ANANYA.PATEL@GMAIL.COM,Finance,  Team Lead ,North - Delhi,Walk-In,0,Experienced,24 Feb 2018,2019-08-30,240,226.0,3,9.0,2.0,3,Better Compensation & Benefits,Inactive,Hybrid,Company Cab,9.19 LPA,95,1,0.71,76%,Low,3,Low,4.0
EMP-0746,Vikram Joshi,,Male,1987/07/20,  vikram50@company.com ,Human Resources,MANAGER,South - Chennai,LinkedIn,0,EXPERIENCED,2023/07/27,2026-01-21,240,227.0,6,4.0,3.0,6,Work-Life Balance / Burnout,Inactive,Hybrid,Own Vehicle,25.54,28,40,64%,68,4,3,High,0.0
EMP-0747,Arun Reddy,EMP-0280,M,11-02-2001,ARUN.REDDY@OUTLOOK.COM,Finance,  Senior Executive ,South - Chennai,Employee Referral,2500,Experienced,06 Mar 2019,03-18-2020,240,220.0,12,4.0,4.0,9,Work-Life Balance / Burnout,INACTIVE,WFH,Company Cab,12.91,43,21,57,65,6,2,HIGH,2.0
EMP-0748,KAVITHA IYER,EMP-0010,Female,10/04/1992,KAVITHA.IYER@OUTLOOK.COM,Human Resources,TEAM LEAD,South - Chennai,Naukri,0,Experienced,07-28-2018,,240,230.0,4,5.0,1.0,8,,Active,HYBRID,Company Cab,16.82,87,40,70,75,9,3,High,1.0
EMP-0749,  Arun   Joshi ,EMP-0100,Male,1981/11/05,  arun55@gmail.com ,IT,EXECUTIVE,South - Chennai,Naukri,0,Fresher,12 Mar 2021,03-15-2023,240,211.0,11,7.0,11.0,20,Involuntary - Restructuring,Inactive,WFH,Own Vehicle,25.71,77,15,59,,6,2,High,3.0
EMP-0750,  Ramesh   Reddy ,DIR-0001,male,1984-07-17,  ramesh74@company.com ,Sales & Mktg,manager,mumbai,Walk-In,0,Experienced,2018-02-08,,240,212.0,14,5.0,9.0,8,,Active,,Own Vehicle,18.79,61,28,56,57,High,1,High,3.0
EMP-0751,divya sharma,,female,02/07/1997,DIVYA.SHARMA@GMAIL.COM,Technology,  Manager ,West - Mumbai,Walk-In,0,Experienced,11-28-2022,,240,215.0,13 days,4.0,8.0,14,,Active,Onsite,Company Cab,,,,60%,0.59,1,2,High,1.0
EMP-0752,SANJAY KUMAR,DIR-0001,male,1990/09/30,sanjay.kumar@outlook.com,Operations,  Manager ,South - Bangalore,WALK-IN,0,Experienced,,19 Jun 2022,240,233.0,2,4.0,1.0,6,Involuntary - Restructuring,Resigned,ONSITE,Company Cab,26.53,38,11,62,69,6,3,Medium,2.0
EMP-0753,  Sanjay   Kumar ,EMP-0050,M,12-07-1986,SANJAY.KUMAR@GMAIL.COM,Technology,ASSISTANT MANAGER,South - Chennai,Recruitment Agency,59605,Experienced,11 Nov 2023,,240,213.0,10,6.0,11.0,20,,Active,onsite,Company Cab,18.88,37,34,69,71%,1,2,High,5.0
EMP-0754,pradeep patel,EMP-0260,female,26/12/1976,pradeep_patel@gmail.com,Finance,Team Lead,mumbai,Naukri,0,EXPERIENCED,2023-04-01,2026-01-13,240,226.0,3,8.0,3.0,6,Work-Life Balance / Burnout,Inactive,hybrid,Company Cab,11.71,44,10,74,76,5,4,Medium,4.0
EMP-0755,  Sneha   Joshi ,EMP-0180,Female,27/04/1983,  sneha4@company.com ,Sales,senior executive,South - Bangalore,Naukri,0,Fresher,2022-08-29,,240,212.0,13,4.0,11.0,19,,Active,onsite,Own Vehicle,6.91,17,20,65,67,4,1,High,2.0
EMP-0756,ramesh reddy,EMP-0220,,02 Mar 1999,ramesh_reddy@outlook.com,Marketing,assistant manager,North - Delhi,Company Career Site,0,Experienced,2023/09/29,,240,229.0,5,6.0,0.0,5,,Active,Hybrid,own vehicle,22.95,25,20,63%,64,,3,Medium,4.0
EMP-0757,  Lakshmi   Reddy ,EMP-0075,Female,1982/11/08,  lakshmi16@yahoo.com ,Technology,  Assistant Manager ,East - Kolkata,LinkedIn,0,Experienced,26/09/2019,,240,228.0,2,10.0,0.0,1 times,,active,HYBRID,Company Cab,18.69 LPA,45,4,,60%,3,4,Low,4.0
EMP-0758,LAKSHMI SINGH,DIR-0001,Female,1983/01/21,  lakshmi56@gmail.com ,Sales,  Manager ,South - Bangalore,LinkedIn,0,Experienced,23 Apr 2022,22/06/2025,240,227.0,4,9.0,0.0,3,Relocation / Personal Reasons,Inactive,hybrid,Company Cab,16.57,39,19,53,65,1,3,Low,1.0
EMP-0693,  Rajesh   Kumar ,EMP-0320,,28/09/1982,RAJESH.KUMAR@COMPANY.COM,Operations,ASSISTANT MANAGER,South - Chennai,Company Career Site,0,EXPERIENCED,11/06/2023,,240,217.0,9,8.0,6.0,16,,Active,Hybrid,Company Cab,25.4,27,36,55,52,3,1,High,1.0
EMP-0026,vikram joshi,EMP-0350,,2003-05-27,vikram_joshi@outlook.com,Operations,  Assistant Manager ,North - Delhi,LinkedIn,0,EXPERIENCED,2022-09-14,27/11/2022,240,228.0,3,6.0,3.0,8,Involuntary - Restructuring,INACTIVE,WFH,Company Cab,22.82,11,2,56,54,6,5,Low,3.0
EMP-0761,  Ramesh   Kumar ,EMP-0025,male,01/03/1968,ramesh.kumar@yahoo.com,H.R.,,South - Bangalore,Walk-In,,Experienced,2021/03/20,,240,,,,,,,Active,Onsite,Own Vehicle,"INR 722,000",58,43,65%,75%,1,4,High,1.0
EMP-0762,SNEHA REDDY,EMP-0320,F,1988/12/04,  sneha48@outlook.com ,,executive,mumbai,LinkedIn,0,Fresher,2021/12/12,,240,224.0,3,10.0,3.0,3,,Active,Onsite,Own Vehicle,11.14,86,32,65,66,,4,High,3.0
EMP-0763,DEEPA KUMAR,EMP-0200,Female,07-25-1989,deepa.kumar@gmail.com,Sales & Mktg,  Team Lead ,South - Bangalore,LinkedIn,0,Experienced,11-27-2019,,240,225.0,3,9.0,3.0,7,,Active,Hybrid,Company Cab,9.59 LPA,13,8,55,55,1,3,Low,2.0
EMP-0764,SNEHA KUMAR,EMP-0100,,10/11/1984,sneha_kumar@outlook.com,IT,EXECUTIVE,South - Bangalore,Walk-In,0,Fresher,07 Jul 2019,2020-08-02,240,228.0,2,9.0,1.0,8,Involuntary - Restructuring,Terminated,Hybrid,own vehicle,21.73,99,8,76,84,3,3,Medium,2.0
EMP-0765,Kavitha Singh,EMP-0025,Female,2005-01-20,  kavitha25@company.com ,HR,executive,chennai,LinkedIn,0,Experienced,20 May 2022,,240,224.0,6,7.0,3.0,1,,ACTIVE,HYBRID,Own Vehicle,4.32,98,3,72,68%,6,3,Medium,3.0
EMP-0766,  Sanjay   Venkatesh ,emp-0180,,04-23-1971,SANJAY.VENKATESH@OUTLOOK.COM,Sales,executive,South - Bangalore,Naukri,0,Fresher,16 Apr 2022,,240,218.0,9 days,5.0,8.0,20,,Active,onsite,Own Vehicle,17.46,-15,34,60%,67,4,2,high,3.0
EMP-0767,Manoj Rao,,male,02/03/1973,manoj_rao@yahoo.com,IT,manager,West - Mumbai,company career site,0,Experienced,,2025-06-16,240,220.0,7,8.0,5.0,20,Better Career Growth,Inactive,WFH,COMPANY CAB,22.18,16,16,59,62,4,2,High,3.0
EMP-0768,ananya reddy,EMP-0200,,1976/09/20,ananya.reddy@outlook.com,Sales,  Assistant Manager ,chennai,naukri,0,Experienced,2022-11-25,,240,212.0,14,5.0,9.0,13,,Active,ONSITE,Company Cab,24.98,83,33,75,81,8,2,high,4.0
EMP-0769,kavitha iyer,EMP-0025,F,1984-02-22,KAVITHA.IYER@GMAIL.COM,HR,  Team Lead ,West - Mumbai,Walk-In,0,Experienced,02/02/2022,,240,219.0,9,7.0,5.0,12,,Active,Hybrid,Company Cab,11.88 LPA,48,23,0.62,67%,3,2,High,3.0
EMP-0770,DEEPA PATEL,EMP-0025,female,06/12/1976,DEEPA.PATEL@GMAIL.COM,H.R.,Executive,chennai,Naukri,0,Fresher,13 Aug 2018,05 Aug 2019,240,225.0,5,8.0,2.0,7,Better Compensation & Benefits,INACTIVE,Hybrid,Company Cab,23.62,22,31,60,59,5,,HIGH,3.0
EMP-0771,Vikram Venkatesh,,,10-27-1977,,Marketing,team lead,South - Chennai,,,Experienced,,13/03/2020,240,227.0,6,7.0,0.0,6,Better Compensation & Benefits,Resigned,Hybrid,Company Cab,"INR 621,000",40 Hours,0,59%,,4,4,,3.0
EMP-0772,  Karthik   Venkatesh ,EMP-0025,male,1983/03/30,karthik.venkatesh@gmail.com,Human Resources,  Executive ,mumbai,Employee Referral,2500,FRESHER,2022/01/30,02-14-2023,240,223.0,4,10.0,3.0,3,Relocation / Personal Reasons,Inactive,Hybrid,Company Cab,24.24,80,7,58,66,6,3,Medium,3.0
EMP-0773,Kavitha Iyer,EMP-0075,female,1976-10-16,  kavitha31@gmail.com ,Technology,Senior Executive,South - Bangalore,Company Career Site,0,Experienced,2020-05-17,,240,228.0,4,8.0,0.0,3,,ACTIVE,Hybrid,Company Cab,6.62,72,44,60,60%,6,3,High,2.0
EMP-0774,meera singh,EMP-0025,Female,1979-09-29,meera.singh@gmail.com,H.R.,  Senior Executive ,Bengaluru,LinkedIn,0,experienced,06-28-2020,,240,218.0,11,4.0,7.0,12,,Active,Hybrid,COMPANY CAB,13.23,65,22,60,65,4,2,High,1.0
EMP-0775,Divya Sharma,EMP-0025,Male,,DIVYA.SHARMA@YAHOO.COM,HR,ASSISTANT MANAGER,North - Delhi,naukri,0,Experienced,14/04/2021,,240,231.0,2,5.0,2.0,3 times,,Active,Hybrid,Own Vehicle,23.03 LPA,51,39,66,75,4,Low,High,2.0
EMP-0776,Suresh Rao,DIR-0001,,1984-12-30,suresh_rao@outlook.com,Sales,MANAGER,North - Delhi,LinkedIn,0,Experienced,19 May 2021,,240,224.0,6,7.0,3.0,3,,ACTIVE,Onsite,Own Vehicle,,70,,70%,80,5,Very High,Medium,3.0
EMP-0777,Ramesh Venkatesh,EMP-0200,male,06-06-1977,ramesh.venkatesh@outlook.com,Sales,  Team Lead ,CHENNAI,Recruitment Agency,81873,Experienced,11-02-2018,06/04/2019,240,224.0,6,7.0,3.0,3,,INACTIVE,Onsite,own vehicle,9.12,51,11,60,61%,8,5,Low,3.0
EMP-0778,Ramesh Iyer,EMP-0050,M,07-31-1984,  ramesh64@company.com ,IT,Team Lead,West - Mumbai,LinkedIn,0,Experienced,2019-02-18,,240,206.0,13,9.0,12.0,19,,Active,ONSITE,Company Cab,21.2,65,14,75,81,7,1,HIGH,3.0
EMP-0779,Divya Venkatesh,EMP-0180,,1991/08/21,DIVYA.VENKATESH@COMPANY.COM,Sales,assistant manager,chennai,Naukri,0,Experienced,2022/02/02,,240,228.0,3,8.0,1.0,8,,,Hybrid,Company Cab,21.14,45,40,59,60,3,3,High,4.0
EMP-0780,DEEPA JOSHI,EMP-0260,Female,1999-11-22,  deepa82@company.com ,Finance,Assistant Manager,South - Chennai,Naukri,0,Experienced,06/04/2021,,240,230.0,4,5.0,1.0,6,,Active,Onsite,Company Cab,19.21,93,18,66,81,7,,Medium,4.0
EMP-0781,PRADEEP SHARMA,,Male,12/11/1973,  pradeep94@yahoo.com ,Ops,  Manager ,mumbai,Recruitment Agency,67807,Experienced,2021/09/13,,240,227.0,5 days,8.0,0.0,6,,Active,Work From Home,COMPANY CAB,20.5 LPA,,25 hrs,58%,64%,7,3,medium,3.0
EMP-0782,ARUN KUMAR,EMP-0100,,12-18-1984,arun.kumar@gmail.com,Technology,senior executive,mumbai,NAUKRI,0,fresher,2018-01-13,30 Sep 2019,240,230.0,2,7.0,1.0,4,Involuntary - Performance,INACTIVE,Onsite,Own Vehicle,16.8,16,28,67,70,3,Very High,Medium,2.0
EMP-0783,vikram iyer,EMP-0120,,08/04/1987,vikram_iyer@company.com,Engineering,Senior Executive,South - Chennai,Company Career Site,0,Experienced,19/09/2022,,240,224.0,5,8.0,3.0,7,,Active,Onsite,company cab,9.67,63,21,65,69,3,3,High,2.0
EMP-0784,manoj rao,EMP-0010,M,2002/03/25,MANOJ.RAO@YAHOO.COM,Human Resources,executive,South - Chennai,Naukri,0,Fresher,2024-07-25,,240,209.0,13,7.0,11.0,15,,Active,Hybrid,,11.97,10,39,52,56,6,1,HIGH,4.0
EMP-0785,ARUN SHARMA,EMP-0050,,2006/04/30,  arun88@company.com ,IT,executive,West - Mumbai,Company Career Site,0,Fresher,10-07-2020,21/07/2021,240,233.0,3,4.0,0.0,4,Better Compensation & Benefits,Inactive,Onsite,Company Cab,"$9,540",53,20,,75%,6,Low,MEDIUM,2.0
EMP-0786,ananya sharma,EMP-0280,female,08-31-1974,ANANYA.SHARMA@GMAIL.COM,Finance,Executive,BENGALURU,Campus Drive,19310,Fresher,15 Feb 2024,2025-03-18,240,218.0,10,4.0,8.0,11,Work-Life Balance / Burnout,Resigned,WFH,Company Cab,25.76,54,37,66%,68,4,2,Medium,3.0
EMP-0787,Arun Singh,EMP-0025,,03-27-1996,  arun59@company.com ,Human Resources,TEAM LEAD,BENGALURU,LINKEDIN,0,Experienced,07-03-2019,2022-06-16,240,214.0,14,6.0,6.0,20,Better Compensation & Benefits,Inactive,Onsite,Company Cab,17.79 LPA,56,19,81,83,8,1,HIGH,2.0
EMP-0788,  Manoj   Iyer ,EMP-0350,,2006/03/13,manoj.iyer@company.com,Operations,  Executive ,DELHI,Recruitment Agency,56390,Fresher,30/10/2021,,240,224.0,5,8.0,3.0,2,,Active,Onsite,Company Cab,13.32,22,28,51,52,5,,Low,3.0
EMP-0789,  Priya   Iyer ,EMP-0025,female,07/12/1989,priya_iyer@outlook.com,Human Resources,Assistant Manager,Bengaluru,Naukri,0,EXPERIENCED,2018/07/06,,240,228.0,6,4.0,2.0,6,,Active,Onsite,Company Cab,14.82,31,3,47,50%,3,4,Low,3.0
EMP-0790,RAMESH REDDY,EMP-0300,M,13 Mar 2003,ramesh.reddy@yahoo.com,Operations,assistant manager,,Walk-In,0,,2020-07-19,,240,212.0,14,10.0,4.0,20,,Active,Hybrid,Company Cab,26.71,30,6,47,52,5,1,High,3.0
EMP-0791,DIVYA SINGH,EMP-0010,Female,1995-08-01,  divya10@company.com ,H.R.,TEAM LEAD,South - Bangalore,Walk-In,0,Experienced,04-13-2021,25 Oct 2023,240,226.0,5,8.0,1.0,7,Better Compensation & Benefits,Inactive,Onsite,Own Vehicle,"INR 726,000",95,27,75%,0.74,4,4,Medium,2.0
EMP-0792,MANOJ RAO,EMP-0025,,1985/05/29,manoj.rao@company.com,Human Resources,senior executive,South - Bangalore,Naukri,0,Fresher,04-04-2023,,240,228.0,2,9.0,1.0,5,,Active,Onsite,Own Vehicle,17.86,18,27,65,62,6,4,Low,3.0
EMP-0793,  Deepa   Iyer ,EMP-0050,,11 Apr 1991,deepa_iyer@yahoo.com,Technology,  Assistant Manager ,Bengaluru,LinkedIn,0,Experienced,,,240,229.0,2,7.0,2.0,6 times,,Active,onsite,Own Vehicle,15.89 LPA,35,3,0.48,,8,3,High,3.0
EMP-0794,  Karthik   Patel ,EMP-0180,Male,12-17-1999,karthik_patel@gmail.com,Sales,ASSISTANT MANAGER,South - Bangalore,Walk-In,0,Experienced,08-11-2023,,240,231.0,2,7.0,0.0,4,,Active,,Company Cab,18.48,18,21,64,67,5,4,Low,3.0
EMP-0795,VIJAY REDDY,EMP-0010,M,05 Sep 1989,vijay_reddy@company.com,HR,  Senior Executive ,South - Chennai,Walk-In,0,Experienced,15 Dec 2020,,240,225.0,3,10.0,2.0,7,,Active,Onsite,Own Vehicle,3.94,24,11,55,57,3,3,MEDIUM,1.0
EMP-0796,  Vijay   Nair ,EMP-0025,,26 Jan 1994,vijay.nair@gmail.com,H.R.,  Executive ,BENGALURU,Walk-In,0,fresher,2020-07-30,,240,228.0,3 days,8.0,1.0,4,,Active,Hybrid,Own Vehicle,24.87,19,44,43%,50,6,3,High,5.0
EMP-0797,kavitha rao,DIR-0001,Male,2003/06/19,  kavitha30@gmail.com ,HR,manager,North - Delhi,Employee Referral,"INR 10,000",Experienced,17/06/2023,,240,217.0,9,10.0,4.0,17,,Active,ONSITE,Company Cab,26.34,97,2,59,59%,3,1,High,4.0
EMP-0798,Divya Venkatesh,DIR-0001,,17/04/1977,DIVYA.VENKATESH@COMPANY.COM,Sales,Manager,South - Bangalore,Walk-In,0,Experienced,01-31-2020,12-08-2021,240,226.0,4,8.0,2.0,3,Better Career Growth,Inactive,WFH,Company Cab,17.35,51,21,56,56,2,3,Medium,4.0
EMP-0799,Lakshmi Reddy,DIR-0001,Female,11/04/1988,lakshmi.reddy@gmail.com,IT,manager,South - Bangalore,LinkedIn,,Experienced,24 Feb 2023,,240,,,,,,,Active,Hybrid,COMPANY CAB,20.57 LPA,81,43,62,68,5,3,high,5.0
EMP-0800,priya singh,,F,22 Sep 1981,  priya58@yahoo.com ,Operations,MANAGER,South - Chennai,LinkedIn,0,Experienced,04-23-2024,30 Jul 2025,240,225.0,4,9.0,2.0,5,Involuntary - Restructuring,Inactive,Onsite,Own Vehicle,26.1,33,1,52,57,4,3,MEDIUM,1.0
EMP-0801,RAJESH SHARMA,EMP-0350,Male,18/08/1993,  rajesh70@outlook.com ,Ops,,South - Bangalore,Campus Drive,15484,Experienced,28/08/2019,,240,228.0,6,6.0,0.0,3,,Active,Onsite,Company Cab,,89,,81%,87%,3,4,Medium,2.0
EMP-0802,Suresh Joshi,EMP-0075,M,10-12-1984,suresh_joshi@yahoo.com,Technology,TEAM LEAD,chennai,LinkedIn,0,Experienced,14 May 2021,,240,229.0,5,4.0,2.0,3,,Active,Hybrid,Own Vehicle,7.24,58,33,70,73,7,4,High,3.0
EMP-0803,manoj iyer,EMP-0200,male,1974-01-09,  manoj59@yahoo.com ,Sales,SENIOR EXECUTIVE,North - Delhi,Recruitment Agency,59799,Fresher,23 Oct 2020,,240,231.0,3,5.0,1.0,6,,active,WFH,Own Vehicle,17.62,35,26,58,61,5,,MEDIUM,3.0
EMP-0804,rajesh reddy,EMP-0300,,04-10-1991,  rajesh39@gmail.com ,Ops,ASSISTANT MANAGER,North - Delhi,Naukri,0,Experienced,26/03/2022,,240,211.0,9,10.0,10.0,15,,Active,Hybrid,Company Cab,18.36,46,40,61,65,4,1,High,4.0
EMP-0805,lakshmi kumar,EMP-0350,female,05 Nov 1969,lakshmi_kumar@yahoo.com,Operations,SENIOR EXECUTIVE,mumbai,Recruitment Agency,53055,Fresher,04/10/2018,02 Feb 2020,240,216.0,8,8.0,8.0,18,Better Career Growth,Resigned,onsite,Own Vehicle,13.89 LPA,77,0,0.80,80%,10,1,High,5.0
EMP-0806,  Manoj   Reddy ,,male,02 Feb 1983,,Marketing,Senior Executive,South - Chennai,,,Fresher,04/05/2023,,240,225.0,5,7.0,3.0,2,,Active,Onsite,company cab,21.54,59,7,73%,84,4,5,,4.0
EMP-0807,Ananya Singh,EMP-0240,,27 May 1987,  ananya88@gmail.com ,Marketing,executive,mumbai,LinkedIn,0,Fresher,2019/05/29,,240,229.0,2,7.0,2.0,6,,Active,WFH,company cab,26.39,33,22,60,69,7,3,Medium,3.0
EMP-0808,ARUN REDDY,EMP-0050,male,04-26-1990,ARUN.REDDY@GMAIL.COM,Technology,ASSISTANT MANAGER,East - Kolkata,Employee Referral,5000,Experienced,2023/08/27,,240,226.0,5,7.0,2.0,1,,Active,Onsite,Own Vehicle,26.18,28,37,61,68,Low,4,High,2.0
EMP-0809,Sanjay Singh,EMP-0050,Male,08/02/1969,SANJAY.SINGH@OUTLOOK.COM,IT,Assistant Manager,chennai,Campus Drive,14302,Experienced,2018/05/04,08 Jun 2021,240,226.0,2,9.0,3.0,6,Involuntary - Performance,Resigned,Work From Home,Company Cab,14.55,69,5,72,73%,7,3,Medium,3.0
EMP-0810,LAKSHMI REDDY,EMP-0100,,1979-11-30,  lakshmi64@company.com ,Technology,  Executive ,North - Delhi,Naukri,0,Fresher,08-15-2020,02-07-2022,240,225.0,2,10.0,3.0,4,,Inactive,hybrid,Own Vehicle,6.27,48,21,56,61,8,Very High,Medium,1.0
EMP-0811,Ananya Nair,emp-0075,female,09-12-1971,ANANYA.NAIR@GMAIL.COM,Technology,  Senior Executive ,CHENNAI,Naukri,0,Fresher,2018-01-25,,240,224.0,5 days,10.0,1.0,8 times,,active,Hybrid,Company Cab,27.63 LPA,,24,61%,0.68,6,3,Medium,1.0
EMP-0812,RAJESH RAO,EMP-0140,Female,1991/01/01,  rajesh27@outlook.com ,Engineering,  Executive ,DELHI,Employee Referral,2500,Fresher,2019/08/17,,240,216.0,10,6.0,8.0,13,,Active,ONSITE,Own Vehicle,24.05,98,17,89,87,6,1,High,2.0
EMP-0813,Sanjay Nair,EMP-0075,female,04-02-2003,SANJAY.NAIR@GMAIL.COM,IT,Team Lead,DELHI,Recruitment Agency,71667,EXPERIENCED,12-10-2018,,240,225.0,6,8.0,1.0,8,,Active,Hybrid,Company Cab,"$7,860",27,16,,67%,4,4,medium,5.0
EMP-0814,Anitha Rao,EMP-0280,female,1972-05-31,anitha.rao@outlook.com,Finance,assistant manager,South - Bangalore,linkedin,0,Experienced,01-15-2023,18/12/2024,240,227.0,4,9.0,0.0,1,Relocation / Personal Reasons,Inactive,Onsite,Company Cab,26.06,28,11,40,50,2,3,Medium,4.0
EMP-0815,DIVYA NAIR,DIR-0001,F,1969/09/19,divya_nair@yahoo.com,Technology,  Manager ,,Walk-In,0,Experienced,2021-08-10,29 Jul 2024,240,226.0,2,9.0,3.0,1,Better Career Growth,Inactive,Work From Home,Company Cab,24.81,45,5,57,,6,3,Medium,4.0
EMP-0816,vijay singh,EMP-0010,,10-26-1976,  vijay87@company.com ,H.R.,assistant manager,BENGALURU,recruitment agency,46989,Experienced,08-10-2023,,240,217.0,7,10.0,6.0,15,,Active,Hybrid,Own Vehicle,16.21,83,25,82%,89,9,1,high,3.0
EMP-0817,sanjay rao,EMP-0320,,06-05-2001,  sanjay51@yahoo.com ,,ASSISTANT MANAGER,North - Delhi,LinkedIn,0,Experienced,2022/11/23,19/03/2023,240,228.0,5,4.0,3.0,4,Involuntary - Restructuring,Inactive,Onsite,Company Cab,17.99 LPA,64,26,0.70,80%,4,3,High,3.0
EMP-0818,  Manoj   Venkatesh ,EMP-0075,,04/02/1995,  manoj40@outlook.com ,Technology,ASSISTANT MANAGER,Bengaluru,Campus Drive,11886,Experienced,29/11/2023,,240,226.0,3,9.0,2.0,3,,Active,WFH,Own Vehicle,13.28,78,7,71,73,5,3,Medium,4.0
EMP-0819,DIVYA VENKATESH,EMP-0050,F,2001/10/01,divya.venkatesh@company.com,IT,Executive,,Recruitment Agency,64993,Experienced,07/07/2022,,240,230.0,4,4.0,2.0,5,,Active,wfh,Company Cab,4.84,56,18,71,73,7,3,Medium,4.0
EMP-0820,Manoj Iyer,EMP-0010,M,05-19-1968,manoj.iyer@yahoo.com,Human Resources,SENIOR EXECUTIVE,South - Bangalore,Employee Referral,2500,Fresher,24/04/2020,,240,231.0,2,6.0,1.0,1,,Active,hybrid,company cab,11.71,58,41,59,65,4,3,High,4.0
EMP-0821,MANOJ NAIR,EMP-0075,male,20 Jul 1983,manoj_nair@outlook.com,Technology,EXECUTIVE,CHENNAI,Recruitment Agency,77481,Fresher,2019-08-27,06-03-2022,240,211.0,12,9.0,8.0,19,Better Career Growth,Inactive,onsite,Own Vehicle,"INR 2,317,000",42,0,58%,70%,5,2,High,3.0
EMP-0822,pradeep venkatesh,EMP-0075,M,2004/11/12,  pradeep15@yahoo.com ,Technology,EXECUTIVE,BENGALURU,LinkedIn,0,Experienced,2023-07-01,04 Apr 2024,240,230.0,3,7.0,0.0,2,Involuntary - Restructuring,Terminated,WFH,Company Cab,3.61,30,28,61,62,1,3,Low,3.0
EMP-0823,vikram nair,EMP-0260,M,13 Jul 1968,vikram_nair@gmail.com,Finance,team lead,,LinkedIn,0,Experienced,11-05-2019,,240,230.0,2,5.0,3.0,2,,Active,Work From Home,Public Transport,11.67 LPA,90,44,69,68,7,3,HIGH,4.0
EMP-0824,  Karthik   Nair ,EMP-0120,Male,21/02/2002,karthik_nair@company.com,Engineering,assistant manager,mumbai,Company Career Site,0,experienced,02-03-2024,,240,228.0,3,8.0,1.0,8,,Active,hybrid,Company Cab,13.26,31,34,58,58,3,3,High,3.0
EMP-0825,SURESH REDDY,EMP-0260,M,17/03/1978,  suresh80@company.com ,Finance,executive,South - Chennai,LinkedIn,0,Fresher,2024/03/12,,240,232.0,2,4.0,2.0,2,,Active,Onsite,Own Vehicle,16.67,57,39,62,57%,3,3,High,3.0
EMP-0826,Ramesh Patel,EMP-0160,,31 May 1977,  ramesh63@company.com ,Sales,executive,South - Bangalore,Company Career Site,0,Fresher,2022-03-16,31/05/2022,240,225.0,5 days,9.0,1.0,8,Work-Life Balance / Burnout,Inactive,Onsite,Own Vehicle,,46,,58%,65,8,4,Medium,3.0
EMP-0827,  Arun   Iyer ,EMP-0025,M,1994/05/01,arun.iyer@yahoo.com,H.R.,Assistant Manager,chennai,WALK-IN,0,Experienced,22/07/2024,,240,230.0,2,5.0,3.0,2,,Active,Onsite,Own Vehicle,"$14,388",24,34,61,61,5,3,High,4.0
EMP-0828,  Ananya   Iyer ,EMP-0300,,29 May 2000,ananya.iyer@yahoo.com,Ops,TEAM LEAD,North - Delhi,company career site,0,Experienced,2020/01/09,2020-04-06,240,232.0,2,4.0,2.0,6,Involuntary - Restructuring,Inactive,Onsite,OWN VEHICLE,12.0,44,44,60,61,3,5,High,3.0
EMP-0829,  Kavitha   Joshi ,,,11-07-1971,kavitha.joshi@outlook.com,Sales,MANAGER,North - Delhi,Recruitment Agency,63524,Experienced,26 Dec 2020,,240,228.0,4,5.0,3.0,3 times,,Active,Onsite,Company Cab,21.57 LPA,80,19,0.64,71%,5,4,High,3.0
EMP-0830,PRADEEP RAO,EMP-0010,,27 Mar 1987,  pradeep76@company.com ,Human Resources,executive,CHENNAI,Company Career Site,0,Fresher,2018/11/14,,240,216.0,8,4.0,12.0,17,,Active,Hybrid,Company Cab,14.58,41,12,57,57,5,1,Medium,3.0
EMP-0831,Pradeep Sharma,EMP-0140,,1988/03/08,pradeep.sharma@gmail.com,Engineering,Team Lead,,RECRUITMENT AGENCY,77670,Experienced,2018-10-20,01 Jun 2019,240,229.0,2,8.0,1.0,8,Involuntary - Restructuring,Resigned,Hybrid,Own Vehicle,"INR 900,000",20,37,54%,0.60,,3,High,4.0
EMP-0832,priya nair,EMP-0350,F,1974/03/26,  priya1@outlook.com ,,Senior Executive,South - Bangalore,LinkedIn,0,fresher,2020-03-05,2020-05-26,240,213.0,11,9.0,7.0,18,Involuntary - Performance,INACTIVE,WFH,Own Vehicle,14.58,19,7,49,50,3,1,HIGH,2.0
EMP-0833,KARTHIK NAIR,EMP-0100,Male,1981-09-15,  karthik85@outlook.com ,IT,executive,CHENNAI,Company Career Site,0,Fresher,07/04/2021,,240,227.0,3,7.0,3.0,4,,Active,ONSITE,Public Transport,6.95,82,42,70,78%,2,3,High,0.0
EMP-0834,Ananya Sharma,EMP-0200,F,07-21-1997,ananya.sharma@gmail.com,Sales,  Senior Executive ,,Naukri,0,Experienced,02-23-2023,,240,233.0,2,4.0,1.0,2,,Active,WFH,Company Cab,7.82,87,19,73,78,4,,Medium,2.0
EMP-0835,  Lakshmi   Rao ,EMP-0160,female,20 Oct 1986,LAKSHMI.RAO@YAHOO.COM,Sales,Assistant Manager,North - Delhi,WALK-IN,0,Experienced,05 Jul 2020,,240,222.0,6,9.0,3.0,6,,Active,ONSITE,Company Cab,15.71 LPA,86,32,74,77,5,3,High,1.0
EMP-0836,  Vijay   Venkatesh ,EMP-0100,male,1986/02/03,  vijay65@yahoo.com ,Technology,team lead,North - Delhi,Campus Drive,12847,experienced,15 Feb 2021,2024-05-27,240,216.0,12,6.0,6.0,11,,Terminated,Hybrid,Public Transport,13.76,66,25,69%,73,High,1,High,1.0
EMP-0837,arun sharma,DIR-0001,Female,1994-04-30,arun.sharma@company.com,Technology,manager,South - Bangalore,Walk-In,,experienced,2024/01/21,,240,,,,,,,Active,Onsite,Own Vehicle,25.91,34,38,45,,7,3,High,4.0
EMP-0838,vikram iyer,EMP-0320,male,11/06/1969,VIKRAM.IYER@YAHOO.COM,Ops,  Team Lead ,South - Chennai,Naukri,0,Experienced,06-17-2022,,240,216.0,10,9.0,5.0,11,,Active,WFH,company cab,12.38,11,20,43,50,7,1,High,3.0
EMP-0839,Divya Reddy,EMP-0140,,1982/10/24,divya_reddy@company.com,Engineering,Assistant Manager,West - Mumbai,LinkedIn,0,Experienced,2019/10/03,01-01-2023,240,224.0,6,8.0,2.0,1,Better Career Growth,Inactive,Hybrid,own vehicle,17.72,73,41,68,71,7,4,High,2.0
EMP-0840,  Vijay   Rao ,,Male,1995/01/18,  vijay29@gmail.com ,Marketing,MANAGER,mumbai,Company Career Site,0,Experienced,22/03/2019,23/08/2020,240,230.0,4,5.0,1.0,7,Work-Life Balance / Burnout,Inactive,Hybrid,Own Vehicle,18.99,44,42,59,61,7,4,High,4.0
EMP-0841,Arun Nair,,male,14 Jul 1985,,Technology,,South - Chennai,,,Fresher,08 Mar 2023,,240,227.0,4 days,9.0,0.0,4,,Active,Onsite,Company Cab,3.82 LPA,,40,,56%,4,3,,4.0
EMP-0842,  Sneha   Patel ,EMP-0140,Female,1985-07-10,sneha_patel@gmail.com,Engineering,  Executive ,Bengaluru,COMPANY CAREER SITE,0,fresher,2018/12/23,,240,215.0,13,7.0,5.0,11,,Active,Hybrid,Company Cab,19.76,94,8,72,72,3,1,High,3.0
EMP-0843,KARTHIK KUMAR,EMP-0075,Male,12 Jun 1976,KARTHIK.KUMAR@YAHOO.COM,Technology,senior executive,South - Bangalore,COMPANY CAREER SITE,0,Experienced,2022-05-07,,240,213.0,13,9.0,5.0,16,,Active,Work From Home,Company Cab,7.86,27,23,62,64,7,2,high,3.0
EMP-0844,  Suresh   Sharma ,DIR-0001,Male,18 Jul 1993,suresh_sharma@outlook.com,Technology,manager,chennai,Walk-In,0,Experienced,2024-04-25,,240,230.0,2,6.0,2.0,3,,Active,HYBRID,Own Vehicle,27.05,76,36,74,74,1,4,High,5.0
EMP-0845,  Suresh   Iyer ,EMP-0050,male,1981-08-31,suresh.iyer@outlook.com,Technology,senior executive,BENGALURU,naukri,0,Fresher,30 Oct 2022,,240,222.0,5,10.0,3.0,6,,Active,Onsite,Own Vehicle,7.14,51,40,62,53%,4,3,High,3.0
EMP-0846,  Divya   Sharma ,EMP-0350,female,1998/04/10,  divya77@yahoo.com ,Operations,assistant manager,South - Bangalore,Campus Drive,19456,Experienced,18 Sep 2021,12-23-2024,240,224.0,6,9.0,1.0,8,Relocation / Personal Reasons,INACTIVE,Onsite,COMPANY CAB,13.66,48,16 hrs,69%,77,3,Very High,Medium,1.0
EMP-0847,ramesh iyer,EMP-0120,Male,2005/01/26,RAMESH.IYER@YAHOO.COM,Engineering,SENIOR EXECUTIVE,North - Delhi,LinkedIn,0,experienced,2021/12/28,,240,234.0,2,4.0,0.0,1 times,,Active,Hybrid,Own Vehicle,5.59 LPA,50,23,67,69,Low,5,High,3.0
EMP-0848,pradeep kumar,,,16/05/1976,  pradeep75@outlook.com ,Sales,Manager,CHENNAI,Company Career Site,0,Experienced,,10 Mar 2025,240,221.0,10,5.0,4.0,22,Relocation / Personal Reasons,Inactive,Onsite,Company Cab,27.92,84,20,72,64,6,2,High,2.0
EMP-0849,DEEPA PATEL,EMP-0050,female,04-23-1985,DEEPA.PATEL@COMPANY.COM,IT,  Team Lead ,South - Bangalore,campus drive,12837,Experienced,19 May 2021,01 Aug 2023,240,225.0,2,10.0,3.0,5,Better Career Growth,Inactive,Hybrid,Company Cab,15.8,33,38,57,70%,5,4,High,3.0
EMP-0850,LAKSHMI KUMAR,EMP-0100,female,1981/01/21,LAKSHMI.KUMAR@YAHOO.COM,IT,  Executive ,South - Bangalore,LinkedIn,0,Fresher,2018/03/30,,240,221.0,6,10.0,3.0,7,,Active,WFH,Own Vehicle,18.09,69,40,59,68,1,3,High,3.0
EMP-0851,  Karthik   Nair ,EMP-0050,Male,07-30-1970,KARTHIK.NAIR@OUTLOOK.COM,Technology,Executive,BENGALURU,LinkedIn,0,Fresher,28/02/2019,,240,230.0,5,4.0,1.0,5,,Active,Hybrid,Company Cab,,55,,62%,0.63,6,3,Medium,3.0
EMP-0852,  Sanjay   Kumar ,EMP-0140,male,09-16-1975,  sanjay11@yahoo.com ,Engineering,  Executive ,,Employee Referral,2500,Fresher,2019-11-11,13/09/2021,240,232.0,2,6.0,0.0,4,Involuntary - Restructuring,Resigned,Hybrid,Own Vehicle,21.87,28,12,57,55,2,3,Medium,1.0
EMP-0853,POOJA SINGH,EMP-0200,female,06 Jun 1986,pooja_singh@yahoo.com,Sales,  Team Lead ,South - Bangalore,Naukri,0,Experienced,2018/05/14,,240,227.0,3,8.0,2.0,7,,Active,,own vehicle,8.64 LPA,77,10,0.69,74%,6,Very High,Medium,3.0
EMP-0854,  Divya   Sharma ,EMP-0300,,19/12/1972,divya_sharma@company.com,Operations,ASSISTANT MANAGER,North - Delhi,Walk-In,0,Experienced,22/05/2018,03/07/2020,240,217.0,7,6.0,10.0,19,Involuntary - Restructuring,INACTIVE,Onsite,own vehicle,25.5,99,18,76,80,2,1,High,1.0
EMP-0855,SANJAY RAO,EMP-0050,Male,1989-06-14,sanjay.rao@outlook.com,Technology,team lead,South - Chennai,campus drive,8359,Experienced,2020-10-09,04-23-2022,240,220.0,9,4.0,7.0,9,Involuntary - Performance,Terminated,Onsite,Own Vehicle,"$10,236",51,10,53,58,8,1,High,3.0
EMP-0856,PRADEEP VENKATESH,emp-0010,male,31/10/2006,pradeep_venkatesh@company.com,Human Resources,EXECUTIVE,South - Bangalore,LinkedIn,0,Fresher,10-03-2018,10-10-2020,240,213.0,12 days,4.0,11.0,17,Better Career Growth,Resigned,Onsite,Public Transport,8.17,-15,12,63%,61,4,1,high,1.0
EMP-0857,Vikram Venkatesh,EMP-0050,Male,03-23-1977,  vikram60@yahoo.com ,Technology,  Executive ,CHENNAI,Campus Drive,18784,fresher,01/09/2018,,240,228.0,6,4.0,2.0,3,,,WFH,COMPANY CAB,4.4,48,44,62,70%,7,5,High,3.0
EMP-0858,SNEHA IYER,EMP-0350,Female,01 Nov 1999,sneha_iyer@yahoo.com,Operations,team lead,chennai,Company Career Site,0,Experienced,2021-03-07,,240,233.0,2,4.0,1.0,1,,Active,Hybrid,COMPANY CAB,15.07,45,0,72,73,4,3,High,4.0
EMP-0859,manoj patel,EMP-0010,Male,10-18-1993,manoj_patel@outlook.com,Human Resources,Assistant Manager,CHENNAI,Campus Drive,14484,Experienced,2022/07/17,20/04/2024,240,228.0,3,7.0,2.0,5,Relocation / Personal Reasons,Inactive,Onsite,COMPANY CAB,17.34 LPA,45,39,61,,6,3,High,4.0
EMP-0860,  Karthik   Iyer ,EMP-0050,male,16 Jul 1990,karthik_iyer@outlook.com,IT,  Senior Executive ,South - Chennai,Company Career Site,0,Fresher,04/03/2020,,240,220.0,8,6.0,6.0,19,,Active,Onsite,Company Cab,5.11,12,43,49,54,4,2,High,5.0
EMP-0861,  Divya   Joshi ,EMP-0050,female,01/05/1968,divya.joshi@gmail.com,Technology,SENIOR EXECUTIVE,South - Bangalore,employee referral,"INR 2,500",Fresher,27/10/2019,,240,216.0,10,9.0,5.0,20,,Active,Hybrid,Company Cab,"INR 2,250,000",82,18,66%,65%,2,2,High,3.0
EMP-0862,  Manoj   Rao ,EMP-0320,male,26 Dec 2004,manoj.rao@outlook.com,Operations,Team Lead,North - Delhi,Company Career Site,0,Experienced,31/10/2019,,240,229.0,2,6.0,3.0,5,,Active,Hybrid,company cab,14.61,17,11,62,78,7,5,Low,2.0
EMP-0863,VIJAY VENKATESH,EMP-0025,Female,1979/01/27,  vijay32@company.com ,H.R.,  Executive ,West - Mumbai,Walk-In,0,Fresher,,,240,214.0,14,4.0,8.0,19,,Active,Hybrid,OWN VEHICLE,16.35,79,7,69,75,10,2,High,4.0
EMP-0864,Karthik Rao,EMP-0100,M,14 Jul 1993,KARTHIK.RAO@YAHOO.COM,Technology,  Executive ,mumbai,Walk-In,0,Fresher,15/01/2024,,240,225.0,6,9.0,0.0,8,,Active,HYBRID,COMPANY CAB,14.3,50,7,61,78,4,3,Low,3.0
EMP-0865,  Pooja   Nair ,EMP-0025,female,1993-11-04,pooja.nair@yahoo.com,H.R.,Executive,West - Mumbai,Recruitment Agency,57988,fresher,2021-01-08,,240,210.0,13,8.0,9.0,8 times,,Active,Onsite,Company Cab,13.32 LPA,77,44,0.63,70%,1,1,High,2.0
EMP-0866,  Anitha   Singh ,DIR-0001,female,30 Nov 1980,ANITHA.SINGH@OUTLOOK.COM,Engineering,  Manager ,West - Mumbai,LinkedIn,0,Experienced,07-02-2024,10-07-2025,240,224.0,5,10.0,1.0,6,Better Compensation & Benefits,Inactive,Hybrid,Own Vehicle,17.21,22,11,52%,51,4,3,Medium,1.0
EMP-0867,  Rajesh   Patel ,EMP-0220,M,10-18-2005,rajesh.patel@outlook.com,Marketing,executive,South - Chennai,LinkedIn,0,Fresher,2019-07-03,,240,231.0,3,6.0,0.0,2,,Active,Onsite,Company Cab,7.3,58,32,70,77,6,4,High,2.0
EMP-0868,  Manoj   Rao ,EMP-0075,Male,08/12/2004,manoj_rao@outlook.com,IT,  Team Lead ,South - Chennai,Naukri,0,Experienced,2023-07-27,,240,210.0,9,9.0,12.0,8,,Active,Onsite,Company Cab,7.96,69,44,56,63,6,2,high,4.0
EMP-0869,VIJAY NAIR,EMP-0200,Male,1976/01/21,vijay.nair@gmail.com,Sales,  Assistant Manager ,DELHI,Naukri,0,Experienced,06-19-2021,,240,220.0,6,10.0,4.0,11,,Active,ONSITE,Own Vehicle,"$29,532",11,25,,72%,3,2,high,3.0
EMP-0870,pradeep patel,EMP-0180,M,15 Jul 1988,  pradeep84@gmail.com ,Sales,TEAM LEAD,chennai,Naukri,0,experienced,2018/03/02,2019-11-01,240,218.0,6,7.0,9.0,14,Involuntary - Performance,Inactive,Hybrid,Company Cab,26.68,69,38,74,80,8,2,High,5.0
EMP-0871,ramesh patel,EMP-0200,,1976/03/24,  ramesh77@gmail.com ,Sales & Mktg,team lead,chennai,Employee Referral,5000,EXPERIENCED,08 May 2024,,240,223.0,8 days,5.0,4.0,16,,Active,Onsite,Own Vehicle,12.65 LPA,,27,61%,0.67,9,2,High,2.0
EMP-0872,DEEPA SHARMA,EMP-0180,F,1999-05-04,  deepa73@gmail.com ,Sales & Mktg,  Senior Executive ,South - Chennai,LinkedIn,0,experienced,05/02/2019,,240,214.0,12,5.0,9.0,11,,Active,Onsite,COMPANY CAB,10.13,53,4,54,51,7,1,High,3.0
EMP-0873,suresh singh,DIR-0001,M,01-31-1975,  suresh8@outlook.com ,IT,manager,Bengaluru,Employee Referral,"INR 10,000",Experienced,2018-11-08,,240,210.0,12,9.0,9.0,12,,Active,Onsite,Company Cab,19.28,36,7,44,50%,5,2,high,5.0
EMP-0874,Anitha Rao,EMP-0050,female,02-14-1992,anitha.rao@gmail.com,Technology,Assistant Manager,chennai,Recruitment Agency,40530,Experienced,08/08/2020,21 Apr 2022,240,228.0,2,8.0,2.0,2,Relocation / Personal Reasons,Resigned,Hybrid,Own Vehicle,13.51,41,24,57,55,4,3,medium,2.0
EMP-0875,  Pradeep   Reddy ,EMP-0180,female,29/12/1970,PRADEEP.REDDY@COMPANY.COM,Sales & Mktg,Executive,South - Chennai,LinkedIn,,Experienced,2021/07/28,,240,,,,,,,ACTIVE,Hybrid,Company Cab,4.12,30,26,66,69,8,2,High,3.0
EMP-0876,Pooja Nair,,Female,1986/06/13,,Sales,executive,South - Chennai,,,Fresher,2022-06-21,2023-06-06,240,213.0,14,9.0,4.0,10,Involuntary - Performance,INACTIVE,Hybrid,Company Cab,,17,,57%,58,10,1,,6.0
EMP-0877,  Karthik   Patel ,,,1984-07-16,KARTHIK.PATEL@OUTLOOK.COM,IT,manager,North - Delhi,Walk-In,0,Experienced,10/10/2022,,240,227.0,3,10.0,0.0,7,,Active,Hybrid,Company Cab,21.04 LPA,81,29,0.76,74%,10,5,Medium,3.0
EMP-0878,Sanjay Rao,DIR-0001,male,08-17-1990,SANJAY.RAO@COMPANY.COM,IT,MANAGER,North - Delhi,LinkedIn,0,experienced,2024/05/28,14/06/2025,240,229.0,2,7.0,2.0,5,Involuntary - Performance,Resigned,WFH,Company Cab,19.64,59,44,49,55,4,5,High,4.0
EMP-0879,Vikram Reddy,EMP-0010,M,05-24-1975,  vikram93@yahoo.com ,HR,  Executive ,South - Bangalore,LinkedIn,0,Fresher,12/01/2021,07-19-2021,240,213.0,11,4.0,12.0,15,Better Compensation & Benefits,Inactive,Hybrid,company cab,4.16,76,22,70,74,7,2,Medium,3.0
EMP-0880,Arun Singh,EMP-0320,,01 Jan 1970,arun_singh@gmail.com,Operations,Executive,mumbai,LinkedIn,0,Fresher,08-01-2020,,240,231.0,2,6.0,1.0,5,,Active,Hybrid,Own Vehicle,8.94,53,19,74,78,8,4,High,2.0
EMP-0881,meera patel,EMP-0050,F,,meera.patel@company.com,Technology,,South - Chennai,Naukri,0,Experienced,21/01/2019,,240,222.0,6,10.0,2.0,4,,Active,WFH,own vehicle,"INR 916,000",67,17,67%,,5,4,Medium,2.0
EMP-0882,Pooja Iyer,EMP-0350,,22 Apr 1998,pooja.iyer@gmail.com,Operations,team lead,Bengaluru,Company Career Site,0,Experienced,2019-03-07,,240,226.0,5,6.0,3.0,4,,Active,Hybrid,Company Cab,19.96,12,17,47,50,6,3,Medium,4.0
EMP-0883,  Vikram   Nair ,EMP-0300,,17 Jun 2001,vikram.nair@company.com,Operations,  Senior Executive ,East - Kolkata,Walk-In,0,Experienced,2022/12/14,,240,209.0,14,10.0,7.0,10 times,,Active,onsite,Own Vehicle,3.98 LPA,95,1,68,69,10,2,Medium,5.0
EMP-0884,ananya singh,EMP-0010,female,1985-10-17,ANANYA.SINGH@GMAIL.COM,Human Resources,EXECUTIVE,East - Kolkata,Employee Referral,2500,Fresher,2019/07/27,10-30-2021,240,231.0,2,7.0,0.0,4,Involuntary - Performance,Terminated,onsite,company cab,6.05,79,3,61,59,4,3,medium,2.0
EMP-0885,Ananya Patel,EMP-0075,Female,,ananya.patel@company.com,IT,assistant manager,North - Delhi,company career site,0,Experienced,2019-06-22,,240,216.0,14,6.0,4.0,13,,Active,Onsite,COMPANY CAB,23.1,11,29,57,64%,4,1,High,3.0
EMP-0886,Priya Iyer,EMP-0050,female,02-14-1974,priya.iyer@outlook.com,Technology,executive,South - Bangalore,Naukri,0,Fresher,08-25-2020,,240,225.0,2 days,10.0,3.0,5,,ACTIVE,WFH,Company Cab,7.87,96,32,75%,75,9,Very High,High,3.0
EMP-0887,MANOJ REDDY,EMP-0160,,28 Oct 1988,manoj_reddy@outlook.com,Sales,  Executive ,North - Delhi,CAMPUS DRIVE,17272,FRESHER,2021/08/09,2022-10-12,240,232.0,2,5.0,1.0,7,Involuntary - Restructuring,Inactive,WFH,Company Cab,19.49,53,35,66,70,6,3,High,5.0
EMP-0888,  Vikram   Patel ,EMP-0160,male,1971/09/14,vikram.patel@gmail.com,Sales,executive,North - Delhi,Employee Referral,2500,Fresher,24 May 2021,,240,230.0,5,4.0,1.0,5,,Active,Onsite,Company Cab,9.34,11,17,47,57,6,4,MEDIUM,3.0
EMP-0889,ARUN SINGH,EMP-0010,male,04 Jan 2000,arun_singh@yahoo.com,H.R.,Executive,South - Chennai,Company Career Site,0,Experienced,03 Nov 2022,12/02/2024,240,233.0,2,4.0,1.0,7,Involuntary - Restructuring,Inactive,Hybrid,company cab,5.94 LPA,90,36,0.69,70%,2,3,High,1.0
EMP-0890,MANOJ KUMAR,EMP-0025,male,10-19-2004,MANOJ.KUMAR@OUTLOOK.COM,H.R.,Executive,South - Chennai,Employee Referral,2500,Fresher,2020/08/18,,240,217.0,11,7.0,5.0,17,,Active,onsite,Own Vehicle,9.46,44,18,69,77,5,2,High,5.0
EMP-0891,lakshmi patel,DIR-0001,,1975-08-26,  lakshmi79@company.com ,Technology,manager,mumbai,Walk-In,0,Experienced,2024-04-05,,240,229.0,2,8.0,1.0,7,,Active,Hybrid,Own Vehicle,"INR 2,120,000",96,27,69%,0.75,8,5,MEDIUM,2.0
EMP-0892,  Anitha   Nair ,,F,12-13-1975,anitha.nair@outlook.com,Sales,Manager,mumbai,employee referral,10000,Experienced,23 Aug 2018,06 Jun 2020,240,230.0,2,8.0,0.0,7,Involuntary - Performance,Inactive,Hybrid,Company Cab,24.46,39,39,51,55,5,3,High,2.0
EMP-0893,meera singh,,F,04 Apr 2001,MEERA.SINGH@OUTLOOK.COM,Sales & Mktg,manager,chennai,Naukri,0,,2021/01/31,,240,219.0,8,5.0,8.0,12,,Active,WFH,Company Cab,23.84,17,19,58,63%,5,2,High,2.0
EMP-0894,Lakshmi Sharma,EMP-0140,F,1998-02-12,LAKSHMI.SHARMA@GMAIL.COM,Engineering,SENIOR EXECUTIVE,North - Delhi,Company Career Site,0,fresher,08-25-2023,19/04/2025,240,209.0,11,10.0,10.0,19,Involuntary - Restructuring,Inactive,WFH,Own Vehicle,13.23,31,32,60,62,8,2,High,3.0
EMP-0895,pooja rao,DIR-0001,Female,19 Nov 1974,POOJA.RAO@COMPANY.COM,Ops,  Manager ,South - Chennai,Naukri,0,Experienced,01-27-2024,,240,227.0,4,6.0,3.0,5,,active,Onsite,Own Vehicle,19.87 LPA,53,11,59,62,3,Low,Medium,
EMP-0896,Sneha Singh,EMP-0140,Female,1977-09-19,SNEHA.SINGH@COMPANY.COM,Engineering,  Executive ,South - Bangalore,employee referral,2500,Experienced,12/05/2023,,240,232.0,3,4.0,1.0,3,,Active,HYBRID,Company Cab,8.52,67,14,65%,65,3,Very High,Low,2.0
EMP-0897,divya nair,EMP-0025,Male,17/11/1991,divya_nair@outlook.com,Human Resources,EXECUTIVE,North - Delhi,Walk-In,0,Fresher,12 Sep 2023,,240,223.0,7,5.0,5.0,10,,Active,Onsite,Own Vehicle,"$12,816",45,40,,64%,7,1,High,2.0
EMP-0898,DIVYA REDDY,EMP-0180,,1970/02/21,  divya86@yahoo.com ,Sales,Team Lead,chennai,Naukri,0,Experienced,07-22-2024,,240,226.0,5,7.0,2.0,7,,Active,Onsite,COMPANY CAB,25.46,78,38,73,73,3,3,high,3.0
EMP-0899,  Arun   Rao ,EMP-0280,male,2000-02-19,arun_rao@gmail.com,Finance,  Executive ,North - Delhi,Recruitment Agency,84944,Fresher,06-06-2020,16 Jan 2021,240,216.0,7,8.0,9.0,20,Work-Life Balance / Burnout,Inactive,Hybrid,own vehicle,3.82,86,1,60,68,4,1,High,0.0
EMP-0900,  Ananya   Kumar ,EMP-0025,Female,30 Oct 1981,  ananya51@yahoo.com ,HR,EXECUTIVE,South - Bangalore,Recruitment Agency,88802,Experienced,23/11/2019,,240,228.0,3,7.0,2.0,8,,Active,Hybrid,Company Cab,5.59,40,28,65,59,5,3,High,1.0
EMP-0901,  Divya   Iyer ,emp-0010,Male,1968-03-17,divya.iyer@outlook.com,Human Resources,ASSISTANT MANAGER,North - Delhi,Naukri,0,Experienced,,,240,226.0,4 days,10.0,0.0,2 times,,Active,Onsite,Company Cab,,,,70%,75%,7,3,Medium,4.0
EMP-0902,PRIYA RAO,EMP-0260,M,30/05/2002,priya_rao@outlook.com,Finance,  Executive ,chennai,LinkedIn,0,Experienced,22 Jan 2020,,240,214.0,8,10.0,8.0,21,,Active,Hybrid,Company Cab,4.15,64,9,63,67,5,2,High,1.0
EMP-0903,  Meera   Joshi ,EMP-0025,Female,21/10/1984,MEERA.JOSHI@OUTLOOK.COM,Human Resources,Team Lead,West - Mumbai,LinkedIn,0,Experienced,2021/05/13,,240,229.0,6,4.0,1.0,6,,Active,hybrid,Company Cab,7.95,89,1,61,,5,Low,Medium,2.0
EMP-0904,POOJA PATEL,EMP-0100,Female,19 Sep 1968,  pooja59@gmail.com ,Technology,EXECUTIVE,North - Delhi,Recruitment Agency,43214,Fresher,2020-10-28,,240,232.0,3,4.0,1.0,6,,Active,Onsite,Company Cab,17.78,71,10,59,63,6,3,Medium,4.0
EMP-0905,  Suresh   Sharma ,EMP-0075,M,,suresh_sharma@gmail.com,IT,  Executive ,BENGALURU,LinkedIn,0,Fresher,26/11/2019,07-21-2020,240,216.0,12,8.0,4.0,18,Better Compensation & Benefits,Resigned,Hybrid,Company Cab,13.82,39,12,58,66%,2,2,High,3.0
EMP-0906,SURESH JOSHI,DIR-0001,M,,  suresh5@gmail.com ,IT,manager,North - Delhi,campus drive,17935,EXPERIENCED,2024/05/22,,240,229.0,4,6.0,1.0,1,,Active,onsite,Own Vehicle,25.37,64,9,70%,72,7,4,Medium,2.0
EMP-0907,sneha reddy,DIR-0001,F,1998-07-02,sneha.reddy@outlook.com,Sales,  Manager ,BENGALURU,NAUKRI,0,Experienced,25 Feb 2018,,240,207.0,12,10.0,11.0,16,,Active,Onsite,company cab,23.53 LPA,25,13,56,60,4,2,high,1.0
EMP-0908,suresh iyer,EMP-0010,,01/05/1972,SURESH.IYER@YAHOO.COM,H.R.,assistant manager,North - Delhi,Naukri,0,Experienced,22 Dec 2022,,240,229.0,6,5.0,0.0,8,,Active,,Company Cab,11.87,21,17,58,52,1,Low,High,3.0
EMP-0909,divya rao,EMP-0010,Female,22 Dec 1969,divya_rao@outlook.com,H.R.,executive,Bengaluru,Walk-In,0,Fresher,12-10-2020,05-26-2021,240,227.0,2,10.0,1.0,2,Involuntary - Restructuring,Inactive,Hybrid,own vehicle,9.86,26,8,48,50%,4,Low,Low,1.0
EMP-0910,Sneha Singh,EMP-0100,female,08-02-2004,sneha.singh@yahoo.com,Technology,ASSISTANT MANAGER,West - Mumbai,Naukri,0,Experienced,2022-10-29,,240,233.0,2,4.0,1.0,3,,Active,Hybrid,Own Vehicle,12.8,25,38,60,67,4,4,High,3.0
EMP-0911,Pradeep Reddy,,male,12/02/1996,,H.R.,manager,South - Bangalore,,,Experienced,2021-03-13,2021-10-12,240,224.0,3,10.0,3.0,6,Better Career Growth,Inactive,Onsite,Own Vehicle,"INR 1,796,000",21 Hours,27 hrs,54%,0.50,8,3,,5.0
EMP-0912,  Pooja   Patel ,EMP-0320,Female,19 Apr 1992,  pooja65@company.com ,Operations,TEAM LEAD,BENGALURU,Employee Referral,5000,Experienced,12/12/2018,,240,217.0,7,8.0,8.0,22,,Active,onsite,own vehicle,10.07,17,2,47,50,5,2,High,2.0
EMP-0913,RAJESH VENKATESH,DIR-0001,Male,02/06/1973,  rajesh91@company.com ,IT,manager,South - Chennai,Recruitment Agency,,Experienced,02/04/2020,,240,,,,,,,Active,Hybrid,Company Cab,18.79 LPA,93,19,0.79,79%,7,1,high,3.0
EMP-0914,  Anitha   Rao ,EMP-0160,female,12-30-1983,anitha.rao@outlook.com,Sales & Mktg,ASSISTANT MANAGER,East - Kolkata,Employee Referral,5000,Experienced,2021-05-05,,240,234.0,2,4.0,0.0,4,,Active,,Company Cab,13.53,12,5,40,50,6,3,Low,1.0
EMP-0915,Ramesh Venkatesh,EMP-0025,male,01-14-1986,RAMESH.VENKATESH@COMPANY.COM,Human Resources,  Executive ,CHENNAI,Walk-In,0,fresher,2020-06-29,,240,211.0,13,10.0,6.0,9,,active,Work From Home,Own Vehicle,17.03,25,26,61,60,4,2,High,1.0
EMP-0916,kavitha venkatesh,EMP-0140,female,,  kavitha59@yahoo.com ,Engineering,team lead,West - Mumbai,CAMPUS DRIVE,16138,Experienced,2022/09/16,,240,232.0,4 days,4.0,0.0,8,,Active,HYBRID,Company Cab,14.19,39,1,48%,50,8,5,Low,3.0
EMP-0917,arun singh,EMP-0280,Male,1977-11-15,  arun98@company.com ,Finance,team lead,Bengaluru,Company Career Site,0,Experienced,06-14-2023,,240,230.0,2,5.0,3.0,7,,Active,Onsite,Company Cab,10.71,32,28,61,65%,5,4,Medium,3.0
EMP-0918,RAJESH RAO,EMP-0010,M,1980/06/28,rajesh_rao@yahoo.com,HR,  Assistant Manager ,chennai,Recruitment Agency,58756,experienced,28 Jun 2022,17 Dec 2022,240,213.0,13,4.0,10.0,18,Relocation / Personal Reasons,Inactive,Onsite,Company Cab,26.74,14,37,50,52,9,1,High,3.0
EMP-0919,  Sneha   Venkatesh ,,F,08/01/1971,sneha_venkatesh@gmail.com,Human Resources,  Manager ,South - Chennai,Recruitment Agency,55081,Experienced,21 Nov 2022,,240,228.0,5,5.0,2.0,4 times,,Active,Work From Home,Own Vehicle,22.21 LPA,93,2,81,88,2,3,Medium,3.0
EMP-0920,  Anitha   Iyer ,EMP-0025,Female,2002/06/06,anitha_iyer@outlook.com,Human Resources,TEAM LEAD,DELHI,Naukri,0,Experienced,11-24-2023,,240,218.0,8,6.0,8.0,15,,Active,Hybrid,Own Vehicle,6.93,74,15,67,74,1,2,High,1.0
EMP-0921,PRIYA KUMAR,EMP-0140,,1972/07/26,  priya17@company.com ,Engineering,,chennai,campus drive,17946,Experienced,02 Jun 2024,,240,232.0,3,4.0,1.0,5,,Active,Work From Home,Company Cab,"INR 2,478,000",39,29,73%,82%,6,5,Medium,3.0
EMP-0922,PRIYA NAIR,EMP-0050,Female,2006/02/24,  priya75@yahoo.com ,IT,team lead,West - Mumbai,Recruitment Agency,63089,Experienced,16 Jan 2021,11/01/2022,240,225.0,5,7.0,3.0,1,Work-Life Balance / Burnout,Inactive,Hybrid,Own Vehicle,15.44,30,39,59,62,3,4,high,3.0
EMP-0923,ARUN REDDY,EMP-0075,male,1972/04/01,arun.reddy@outlook.com,Technology,Senior Executive,DELHI,Recruitment Agency,54352,Fresher,01/04/2019,2020-01-20,240,217.0,7,6.0,10.0,10,Involuntary - Performance,Inactive,Hybrid,Company Cab,25.42,93,1,63,72,Medium,1,HIGH,3.0
EMP-0924,Divya Venkatesh,EMP-0075,Female,19 Apr 1996,divya.venkatesh@gmail.com,IT,  Executive ,chennai,Naukri,0,Fresher,2020-11-26,30/09/2022,240,211.0,12,5.0,12.0,11,Involuntary - Performance,Terminated,Hybrid,company cab,23.1,79,16,73,71,5,2,High,2.0
EMP-0925,pooja rao,EMP-0075,male,08/08/2002,POOJA.RAO@COMPANY.COM,IT,  Assistant Manager ,South - Bangalore,Naukri,0,experienced,30 Mar 2020,,240,224.0,6,10.0,0.0,7,,Active,ONSITE,Public Transport,13.92 LPA,31,40,,,3,,HIGH,1.0
EMP-0926,karthik kumar,EMP-0075,Male,07-01-1996,karthik.kumar@gmail.com,IT,assistant manager,West - Mumbai,Recruitment Agency,81721,Experienced,24/03/2021,,240,226.0,4,7.0,3.0,6,,Active,hybrid,Own Vehicle,,91,,75%,83,6,,Medium,3.0
EMP-0927,deepa joshi,EMP-0075,F,21 Nov 1997,deepa_joshi@outlook.com,Technology,assistant manager,CHENNAI,LinkedIn,0,EXPERIENCED,16 Mar 2023,,240,210.0,14,6.0,10.0,12,,Active,Onsite,Company Cab,10.08,81,34,66,71,4,2,Medium,0.0
EMP-0928,  Ananya   Nair ,EMP-0350,Female,1968/10/16,ANANYA.NAIR@YAHOO.COM,Operations,ASSISTANT MANAGER,South - Bangalore,Recruitment Agency,52460,Experienced,2023-05-07,,240,231.0,3,4.0,2.0,4,,Active,WFH,Own Vehicle,16.77,41,42,66,70,5,4,Medium,3.0
EMP-0929,  Meera   Venkatesh ,EMP-0050,,19 Feb 1988,meera.venkatesh@company.com,IT,EXECUTIVE,North - Delhi,recruitment agency,80690,Fresher,2020/05/03,,240,226.0,2,10.0,2.0,1,,Active,onsite,Company Cab,19.02,42,0,67,72%,6,4,Low,3.0
EMP-0930,VIKRAM REDDY,EMP-0050,male,10/04/2001,vikram_reddy@company.com,Technology,Senior Executive,chennai,LinkedIn,0,Experienced,04 Jul 2018,04-28-2021,240,225.0,5,8.0,2.0,4,Relocation / Personal Reasons,Inactive,Hybrid,Own Vehicle,9.82,25,44,51,50,3,,HIGH,4.0
EMP-0931,ARUN RAO,EMP-0320,Male,1999-08-10,arun.rao@outlook.com,Ops,executive,CHENNAI,COMPANY CAREER SITE,0,EXPERIENCED,2021/10/25,,240,221.0,8 days,4.0,7.0,18,,Active,Onsite,COMPANY CAB,6.91 LPA,,14,70%,0.67,6,1,High,3.0
EMP-0932,  Ramesh   Kumar ,DIR-0001,,1995-08-25,  ramesh15@gmail.com ,IT,Manager,South - Bangalore,Walk-In,0,experienced,21 Dec 2018,,240,231.0,3,6.0,0.0,4,,ACTIVE,Hybrid,Own Vehicle,23.96,47,25,67,78,5,3,Medium,3.0
EMP-0933,Pooja Rao,EMP-0075,,05 Feb 2001,pooja.rao@gmail.com,Technology,EXECUTIVE,chennai,LinkedIn,0,Fresher,05-01-2024,,240,221.0,6,10.0,3.0,6,,active,wfh,OWN VEHICLE,27.62,23,36,61,63%,3,4,High,3.0
EMP-0934,Karthik Kumar,EMP-0075,Male,1995-10-20,  karthik78@outlook.com ,Technology,EXECUTIVE,South - Chennai,Naukri,0,Fresher,06-18-2018,,240,220.0,8,5.0,7.0,17,,Active,onsite,Company Cab,16.38,45,20,64,66,9,2,High,3.0
EMP-0935,  Vijay   Singh ,EMP-0200,Male,19 Oct 1984,VIJAY.SINGH@GMAIL.COM,Sales,  Senior Executive ,West - Mumbai,Walk-In,0,Experienced,12-29-2022,,240,224.0,4,10.0,2.0,1,,Active,Work From Home,Company Cab,7.71,32,30,62,59,10,3,Medium,2.0
EMP-0936,  Sanjay   Patel ,EMP-0320,,20 Oct 1974,sanjay.patel@yahoo.com,Operations,TEAM LEAD,North - Delhi,Company Career Site,0,EXPERIENCED,07-26-2023,,240,227.0,4,8.0,1.0,4,,Active,Onsite,Own Vehicle,10.17,75,24,72%,68,8,Low,High,2.0
EMP-0937,vikram kumar,EMP-0200,male,13/09/1969,vikram_kumar@outlook.com,Sales,senior executive,CHENNAI,Naukri,0,Experienced,2021/10/05,11 May 2023,240,211.0,13,8.0,8.0,10 times,Involuntary - Restructuring,Inactive,,Company Cab,3.95 LPA,94,22,0.77,80%,9,1,High,1.0
EMP-0938,sneha joshi,EMP-0120,female,29 Oct 1994,SNEHA.JOSHI@COMPANY.COM,Engineering,Assistant Manager,chennai,Naukri,0,Experienced,2024-05-24,,240,218.0,13,4.0,5.0,8,,Active,Hybrid,Company Cab,25.9,11,23,57,58,4,2,high,1.0
EMP-0939,Vijay Sharma,EMP-0075,Male,29/09/1982,  vijay63@company.com ,Technology,Senior Executive,South - Chennai,Employee Referral,2500,FRESHER,04-16-2021,30/07/2023,240,228.0,3,8.0,1.0,1,Involuntary - Performance,Inactive,WFH,Company Cab,"$7,656",82,37,65,68,3,3,high,3.0
EMP-0940,  Sneha   Sharma ,DIR-0001,female,1996-11-13,  sneha29@outlook.com ,Sales,MANAGER,BENGALURU,Naukri,0,Experienced,2022-09-09,,240,227.0,6,7.0,0.0,6,,Active,Onsite,OWN VEHICLE,17.62,74,27,70,73,3,Low,MEDIUM,3.0
EMP-0941,manoj reddy,EMP-0320,,08-11-1986,MANOJ.REDDY@COMPANY.COM,Ops,Team Lead,mumbai,Recruitment Agency,56425,Experienced,2023/03/31,,240,215.0,9,10.0,6.0,13,,Active,hybrid,Own Vehicle,"INR 1,021,000",84,20,72%,88%,5,1,Medium,2.0
EMP-0942,ramesh iyer,DIR-0001,male,04-10-1978,RAMESH.IYER@OUTLOOK.COM,HR,MANAGER,South - Chennai,Employee Referral,10000,Experienced,2020-12-26,03-02-2021,240,225.0,3,10.0,2.0,1,Involuntary - Performance,Terminated,WFH,Own Vehicle,17.08,76,42,66,67,6,5,High,
EMP-0943,  Arun   Joshi ,EMP-0320,M,1977/03/26,arun.joshi@gmail.com,Operations,ASSISTANT MANAGER,DELHI,Recruitment Agency,84417,Experienced,07-19-2020,,240,232.0,2,5.0,1.0,2,,ACTIVE,Onsite,Company Cab,19.46 LPA,61,17,66,77,2,4,High,5.0
EMP-0944,PRADEEP NAIR,,,30/10/1997,PRADEEP.NAIR@GMAIL.COM,H.R.,Manager,South - Bangalore,Campus Drive,19811,EXPERIENCED,07-05-2021,,240,222.0,6,10.0,2.0,2,,Active,hybrid,COMPANY CAB,23.83,71,35,74,85,2,4,high,3.0
EMP-0945,Arun Sharma,EMP-0050,male,26/03/1999,ARUN.SHARMA@GMAIL.COM,Technology,  Team Lead ,North - Delhi,Naukri,0,Experienced,20/05/2022,,240,224.0,4,9.0,3.0,2,,Active,Onsite,Company Cab,8.56,32,34,63,69%,5,,High,3.0
EMP-0946,Ananya Sharma,,Female,1985/02/10,,Technology,SENIOR EXECUTIVE,West - Mumbai,,,fresher,2018-03-07,,240,228.0,4 days,6.0,2.0,3,,Active,Hybrid,COMPANY CAB,3.77,-15,44,54%,55,4,Low,,4.0
EMP-0947,  Suresh   Reddy ,EMP-0140,male,1987-11-04,  suresh53@gmail.com ,Engineering,team lead,South - Bangalore,Company Career Site,0,Experienced,2020-06-21,,240,213.0,8,9.0,10.0,20,,Active,Work From Home,OWN VEHICLE,6.85,77,8,75,,6,1,High,3.0
EMP-0948,Divya Singh,EMP-0025,,1990-01-20,  divya24@gmail.com ,HR,Senior Executive,East - Kolkata,Campus Drive,18800,Fresher,17 Oct 2022,2025-04-04,240,209.0,13,9.0,9.0,10,Relocation / Personal Reasons,Inactive,Onsite,OWN VEHICLE,25.55,91,37,82,79,3,2,High,5.0
EMP-0949,rajesh kumar,EMP-0160,M,03/05/1970,RAJESH.KUMAR@OUTLOOK.COM,Sales,Executive,North - Delhi,Recruitment Agency,84620,Fresher,2021/04/17,05-21-2024,240,223.0,6,9.0,2.0,4,Involuntary - Performance,Terminated,Hybrid,OWN VEHICLE,24.91 LPA,64,29,0.56,61%,6,3,Low,4.0
EMP-0950,Kavitha Iyer,EMP-0050,Male,1973-08-19,kavitha_iyer@company.com,IT,senior executive,South - Bangalore,Walk-In,0,Fresher,2021-02-03,,240,217.0,8,7.0,8.0,19,,Active,Onsite,Company Cab,18.14,15,43,55,62,4,2,high,2.0
EMP-0951,ARUN KUMAR,EMP-0025,M,14/08/1992,  arun80@yahoo.com ,HR,  Assistant Manager ,DELHI,COMPANY CAREER SITE,,Experienced,17 Mar 2022,04 May 2024,240,,,,,,Work-Life Balance / Burnout,Inactive,WFH,Own Vehicle,,44,,57%,0.68,6,4,Medium,3.0
EMP-0952,  Ramesh   Nair ,DIR-0001,Male,04 Jul 1971,ramesh.nair@company.com,Technology,MANAGER,mumbai,Recruitment Agency,48963,Experienced,16 Nov 2020,,240,230.0,4,5.0,1.0,1,,Active,Onsite,company cab,19.79,31,31,64,62,2,,High,3.0
EMP-0953,sneha nair,EMP-0140,female,21/12/1981,sneha_nair@outlook.com,Engineering,  Senior Executive ,North - Delhi,Recruitment Agency,81172,fresher,08 May 2022,,240,214.0,12,10.0,4.0,10,,Active,onsite,,"$9,360",52,2,,68%,4,2,high,3.0
EMP-0954,  Karthik   Iyer ,EMP-0025,,26 Dec 1978,karthik.iyer@outlook.com,HR,Assistant Manager,North - Delhi,naukri,0,Experienced,10-03-2018,05-29-2019,240,227.0,6,6.0,1.0,2,Relocation / Personal Reasons,INACTIVE,onsite,Company Cab,25.9,24,2,46,50,4,Very High,Low,2.0
EMP-0955,  Divya   Iyer ,EMP-0050,Female,03-03-1979,DIVYA.IYER@GMAIL.COM,Technology,  Executive ,East - Kolkata,Employee Referral,2500,Fresher,2023/10/21,,240,213.0,13,5.0,9.0,19 times,,Active,Onsite,Company Cab,13.76 LPA,95,27,66,66,5,1,High,2.0
EMP-0956,ANANYA SHARMA,EMP-0010,Male,09/02/1988,ananya.sharma@yahoo.com,Human Resources,EXECUTIVE,Bengaluru,Campus Drive,9591,Fresher,02 Sep 2018,2019-10-08,240,231.0,2,5.0,2.0,6,Relocation / Personal Reasons,Resigned,onsite,Public Transport,12.89,69,43,68%,74,7,3,High,
EMP-0957,  Rajesh   Sharma ,EMP-0075,Male,17 Jan 2003,rajesh_sharma@gmail.com,IT,team lead,North - Delhi,Company Career Site,0,Experienced,02-15-2018,,240,228.0,3,9.0,0.0,6,,Active,ONSITE,own vehicle,16.21,21,14,56,55%,3,3,Medium,1.0
EMP-0958,LAKSHMI SINGH,EMP-0010,F,17 Feb 1984,lakshmi.singh@company.com,H.R.,SENIOR EXECUTIVE,South - Bangalore,Campus Drive,18280,Fresher,2023/02/05,,240,229.0,5,4.0,2.0,4,,Active,Hybrid,company cab,4.65,58,40,51,50,1,3,High,3.0
EMP-0959,Kavitha Rao,EMP-0025,,11 Feb 1989,kavitha.rao@yahoo.com,Human Resources,  Executive ,South - Bangalore,Employee Referral,2500,experienced,04-03-2021,,240,228.0,3,9.0,0.0,6,,Active,Onsite,Own Vehicle,7.57,51,22,81,89,3,4,High,2.0
EMP-0960,Pradeep Singh,DIR-0001,M,03 May 1995,  pradeep33@company.com ,Technology,manager,West - Mumbai,Naukri,0,Experienced,2022-10-21,,240,226.0,4,10.0,0.0,1,,Active,WFH,Own Vehicle,21.58,47,39,63,68,5,,High,4.0
EMP-0961,Deepa Kumar,EMP-0200,F,06 Oct 2004,  deepa9@outlook.com ,Sales,,South - Bangalore,Campus Drive,18589,Experienced,12 Oct 2020,,240,228.0,2 days,7.0,3.0,7,,Active,Hybrid,Company Cab,5.53 LPA,,10,63%,67%,5,4,Low,3.0
EMP-0962,KAVITHA KUMAR,EMP-0075,Female,,  kavitha10@company.com ,IT,Executive,South - Bangalore,Company Career Site,0,Fresher,03 Oct 2020,,240,227.0,3,7.0,3.0,7,,Active,Onsite,Own Vehicle,18.28,54,31,73,73,1,4,High,3.0
EMP-0963,Pooja Joshi,EMP-0050,,2006-04-23,  pooja52@company.com ,Technology,EXECUTIVE,BENGALURU,Employee Referral,2500,Fresher,2022-12-08,2025-09-27,240,225.0,4,8.0,3.0,2,Work-Life Balance / Burnout,Inactive,Hybrid,Own Vehicle,9.51,44,35,57,66,6,4,High,4.0
EMP-0964,meera singh,EMP-0300,,1981/06/19,meera.singh@gmail.com,Ops,EXECUTIVE,BENGALURU,Employee Referral,2500,fresher,23/02/2024,27 Jun 2025,240,210.0,13,10.0,7.0,10,Work-Life Balance / Burnout,Inactive,Onsite,Public Transport,13.04,39,32,62,65,4,1,HIGH,4.0
EMP-0965,Ananya Joshi,EMP-0010,Female,18/10/1992,  ananya84@outlook.com ,H.R.,  Senior Executive ,North - Delhi,LinkedIn,0,Experienced,05-02-2023,03 Aug 2023,240,219.0,13,4.0,4.0,12,Involuntary - Restructuring,Inactive,onsite,Company Cab,10.57,97,23,70,85%,6,1,High,
EMP-0966,  Rajesh   Joshi ,EMP-0100,M,10-18-1988,rajesh.joshi@gmail.com,IT,executive,chennai,Naukri,0,FRESHER,13 Sep 2023,,240,220.0,6,6.0,8.0,9,,Active,Onsite,COMPANY CAB,12.21,39,38,54%,57,6,2,High,2.0
EMP-0967,  Ananya   Sharma ,EMP-0120,Male,1984/10/29,ananya_sharma@yahoo.com,Engineering,senior executive,chennai,Campus Drive,8645,Fresher,2023/08/20,05 Dec 2023,240,231.0,2,6.0,1.0,7,Better Compensation & Benefits,Inactive,Onsite,Company Cab,21.12 LPA,87,33,75,67,7,3,High,1.0
EMP-0968,meera nair,EMP-0025,Female,03-24-1971,MEERA.NAIR@YAHOO.COM,Human Resources,Team Lead,North - Delhi,campus drive,13061,Experienced,2023/04/13,,240,218.0,8,9.0,5.0,16,,Active,Onsite,COMPANY CAB,10.78,15,27,47,50,5,2,HIGH,5.0
EMP-0969,  Sanjay   Reddy ,EMP-0260,M,18/01/1989,sanjay.reddy@yahoo.com,Finance,assistant manager,South - Bangalore,LinkedIn,0,Experienced,01/06/2021,,240,216.0,7,6.0,11.0,19,,active,Onsite,Company Cab,17.38,76,36,64,,3,1,High,2.0
EMP-0970,  Meera   Sharma ,EMP-0100,Female,1976-07-03,MEERA.SHARMA@COMPANY.COM,Technology,Assistant Manager,West - Mumbai,recruitment agency,68889,Experienced,26 Aug 2023,,240,221.0,6,7.0,6.0,17,,Active,WFH,Own Vehicle,15.16,89,6,64,70,4,1,High,2.0
EMP-0971,Lakshmi Singh,DIR-0001,Female,,lakshmi.singh@yahoo.com,Marketing,  Manager ,South - Bangalore,Company Career Site,0,Experienced,07-13-2021,23/05/2023,240,230.0,5,5.0,0.0,2,Involuntary - Restructuring,Inactive,Onsite,Own Vehicle,"INR 1,976,000",16,3,51%,0.60,4,4,Low,5.0
EMP-0972,Deepa Nair,EMP-0160,F,07-15-2000,deepa_nair@company.com,Sales,  Assistant Manager ,DELHI,LinkedIn,0,Experienced,24 Jul 2019,,240,217.0,11,5.0,7.0,14,,Active,Onsite,Own Vehicle,26.45,61,36,68,67,1,1,High,4.0
EMP-0973,  Priya   Sharma ,,M,26 Aug 1986,priya.sharma@gmail.com,IT,manager,mumbai,Employee Referral,"INR 10,000",Experienced,2024-04-16,,240,205.0,14,9.0,12.0,12 times,,Active,ONSITE,Own Vehicle,21.45 LPA,23,0,0.61,74%,Medium,2,High,3.0
EMP-0974,Priya Joshi,EMP-0260,,26 Sep 1984,priya.joshi@yahoo.com,Finance,senior executive,South - Bangalore,LinkedIn,0,Experienced,03 Jul 2022,,240,217.0,10,6.0,7.0,9,,Active,ONSITE,Company Cab,8.77,82,0,77,89,1,2,Medium,3.0
EMP-0975,manoj rao,EMP-0025,M,1996/10/02,manoj.rao@outlook.com,Human Resources,EXECUTIVE,West - Mumbai,Recruitment Agency,42186,Experienced,2022-05-20,19/10/2024,240,228.0,2,7.0,3.0,3,Better Career Growth,Inactive,WFH,COMPANY CAB,4.26,24,19,66,70,7,3,medium,3.0
EMP-0976,pradeep nair,EMP-0010,M,1969-09-28,PRADEEP.NAIR@OUTLOOK.COM,Human Resources,EXECUTIVE,BENGALURU,LinkedIn,0,Fresher,2024-06-24,,240,232.0,2 days,6.0,0.0,7,,Active,Onsite,Company Cab,,30,,62%,67,5,3,Low,2.0
EMP-0977,vikram singh,EMP-0120,M,15/05/1993,vikram.singh@yahoo.com,Engineering,  Assistant Manager ,chennai,Employee Referral,"INR 5,000",Experienced,2024/07/04,23/11/2024,240,229.0,2,6.0,3.0,4,Better Career Growth,Inactive,hybrid,Company Cab,18.08,44,28,75,83%,8,4,MEDIUM,2.0
EMP-0978,Kavitha Singh,EMP-0180,Female,07-28-1987,kavitha.singh@gmail.com,Sales,executive,North - Delhi,Naukri,0,Experienced,03/07/2023,,240,233.0,2,4.0,1.0,3,,Active,hybrid,COMPANY CAB,4.76,75,9,68,80,4,Low,medium,3.0
EMP-0979,vikram kumar,EMP-0025,,09-17-2001,VIKRAM.KUMAR@OUTLOOK.COM,HR,  Team Lead ,South - Bangalore,LinkedIn,0,EXPERIENCED,15/08/2021,03 Feb 2023,240,215.0,10,4.0,11.0,21,Better Compensation & Benefits,Inactive,Onsite,Company Cab,15.66 LPA,11,17,53,59,5,2,High,3.0
EMP-0980,divya joshi,DIR-0001,female,12-01-1989,divya_joshi@yahoo.com,Sales,MANAGER,mumbai,Recruitment Agency,77982,Experienced,2019-01-06,,240,217.0,7,6.0,10.0,15,,Active,ONSITE,Own Vehicle,18.12,44,27,68,72,6,1,High,3.0
EMP-0981,  Arun   Venkatesh ,,,13 Mar 1997,,Sales,Assistant Manager,West - Mumbai,,,Experienced,15/06/2021,,240,210.0,13,9.0,8.0,9,,Active,Hybrid,Company Cab,"INR 1,169,000",91 Hours,34,,65%,8,1,,3.0
EMP-0982,vijay sharma,EMP-0075,Male,31/12/2000,  vijay30@outlook.com ,IT,executive,DELHI,Campus Drive,13977,Fresher,10/04/2021,09/06/2024,240,213.0,14,7.0,6.0,13,Involuntary - Restructuring,Inactive,Onsite,Own Vehicle,22.39,87,42,79,85,7,2,High,3.0
EMP-0983,  Vikram   Sharma ,EMP-0025,,07-19-1969,vikram.sharma@gmail.com,HR,Executive,South - Bangalore,Company Career Site,0,Experienced,23/12/2018,2020-11-01,240,216.0,12,6.0,6.0,15,Involuntary - Restructuring,Terminated,Onsite,Company Cab,6.11,29,30,66,73,4,1,High,3.0
EMP-0984,pradeep reddy,EMP-0075,Male,1998-05-05,PRADEEP.REDDY@GMAIL.COM,IT,EXECUTIVE,West - Mumbai,Naukri,0,Fresher,2019/04/08,,240,229.0,2,6.0,3.0,8,,ACTIVE,Hybrid,Company Cab,5.34,91,26,81,77,4,3,Medium,5.0
EMP-0985,Vijay Kumar,,Male,12/12/1996,vijay.kumar@outlook.com,Marketing,MANAGER,South - Chennai,Recruitment Agency,87995,Experienced,11 Sep 2022,,240,217.0,10,5.0,8.0,17,,Active,HYBRID,Own Vehicle,21.34 LPA,19,10,0.54,58%,2,1,high,2.0
EMP-0986,DEEPA RAO,EMP-0010,M,06/06/1988,deepa.rao@outlook.com,Human Resources,  Team Lead ,South - Bangalore,linkedin,0,Experienced,2018/09/18,,240,233.0,2,5.0,0.0,2,,Active,ONSITE,Company Cab,15.64,34,37,55%,60,6,4,High,
EMP-0987,Priya Joshi,EMP-0280,female,1995/01/04,priya_joshi@outlook.com,Finance,EXECUTIVE,South - Bangalore,Campus Drive,10153,Fresher,2018/01/09,,240,223.0,4,10.0,3.0,4,,Active,WFH,COMPANY CAB,20.37,75,4,69,72,5,5,Low,3.0
EMP-0988,LAKSHMI SINGH,EMP-0350,,30/09/2005,lakshmi_singh@company.com,Operations,  Executive ,West - Mumbai,LINKEDIN,0,Fresher,2021/01/17,08/10/2022,240,227.0,6,4.0,3.0,7,Involuntary - Performance,Inactive,ONSITE,Company Cab,14.15,34,7,49,55,5,3,MEDIUM,3.0
EMP-0989,  Rajesh   Sharma ,EMP-0120,M,,RAJESH.SHARMA@OUTLOOK.COM,Engineering,  Executive ,mumbai,RECRUITMENT AGENCY,,Fresher,2018-08-11,,240,,,,,,,Active,Hybrid,COMPANY CAB,9.54,63,33,75,88%,5,5,Medium,4.0
EMP-0990,  Pooja   Iyer ,DIR-0001,female,26 Nov 1996,pooja_iyer@gmail.com,Finance,  Manager ,chennai,Walk-In,0,Experienced,16 Jan 2024,,240,222.0,6,9.0,3.0,4,,Active,Onsite,COMPANY CAB,23.57,42,11,58,61,4,3,High,3.0
EMP-0991,suresh iyer,emp-0200,,1994-04-17,  suresh46@gmail.com ,Sales & Mktg,  Assistant Manager ,mumbai,Company Career Site,0,Experienced,23 Jan 2018,30/09/2019,240,229.0,5 days,6.0,0.0,7 times,Involuntary - Restructuring,Terminated,Hybrid,company cab,23.09 LPA,,37,60%,,7,3,HIGH,3.0
EMP-0992,DEEPA VENKATESH,EMP-0260,F,20 Jun 1976,  deepa56@company.com ,Finance,Assistant Manager,chennai,Company Career Site,0,Experienced,2019/04/12,,240,214.0,6,8.0,12.0,20,,Active,Onsite,Own Vehicle,20.52,23,0,51,57,4,2,High,5.0
EMP-0993,lakshmi joshi,EMP-0300,Female,02-23-1987,LAKSHMI.JOSHI@GMAIL.COM,Ops,team lead,South - Chennai,Naukri,0,Experienced,08-01-2018,2019-07-17,240,224.0,6,9.0,1.0,2,Relocation / Personal Reasons,INACTIVE,Onsite,Company Cab,10.17,74,30,75,86%,6,4,Medium,4.0
EMP-0994,POOJA REDDY,DIR-0001,,1990/06/16,pooja.reddy@company.com,Human Resources,  Manager ,BENGALURU,Recruitment Agency,45906,Experienced,,2022-02-08,240,216.0,13,5.0,6.0,11,Relocation / Personal Reasons,Resigned,Hybrid,Company Cab,17.96,89,3,65,69,7,2,High,4.0
EMP-0995,manoj patel,EMP-0025,Male,1985/03/03,MANOJ.PATEL@GMAIL.COM,H.R.,Team Lead,CHENNAI,WALK-IN,0,Experienced,2023/05/04,10-24-2025,240,232.0,3,5.0,0.0,7,Involuntary - Restructuring,Terminated,ONSITE,Company Cab,"$14,808",63,44,65,63,4,3,High,3.0
EMP-0996,rajesh joshi,EMP-0075,male,1986-06-18,rajesh.joshi@outlook.com,IT,Executive,chennai,Walk-In,0,Experienced,2018-06-24,,240,226.0,2,9.0,3.0,4,,Active,WFH,COMPANY CAB,5.74,61,4,66%,72,5,4,Low,3.0
EMP-0997,  Ramesh   Joshi ,EMP-0240,Male,09-07-1993,RAMESH.JOSHI@GMAIL.COM,Marketing,team lead,BENGALURU,LinkedIn,0,Experienced,2023-10-03,,240,225.0,3,10.0,2.0,6,,Active,hybrid,Own Vehicle,25.97 LPA,12,29,0.52,50%,6,3,Medium,3.0
EMP-0998,  Pooja   Patel ,EMP-0300,F,25/01/1980,pooja.patel@gmail.com,Operations,Team Lead,chennai,Naukri,0,Experienced,26 Sep 2018,,240,231.0,2,4.0,3.0,7,,Active,Onsite,Company Cab,6.85,50,23,59,50,6,4,Low,2.0
EMP-0999,Sanjay Sharma,DIR-0001,Male,11-07-1985,SANJAY.SHARMA@GMAIL.COM,HR,Manager,West - Mumbai,Campus Drive,12835,Experienced,10 Nov 2019,,240,212.0,14,6.0,8.0,16,,Active,Onsite,OWN VEHICLE,26.78,15,2,58,62,4,2,High,3.0
EMP-1000,Ananya Kumar,EMP-0025,F,,ANANYA.KUMAR@OUTLOOK.COM,HR,  Assistant Manager ,West - Mumbai,Recruitment Agency,61411,Experienced,2021/04/27,,240,225.0,5,10.0,0.0,7,,Active,Onsite,OWN VEHICLE,14.43,34,10,56,50,2,,Medium,6.0
